# Original ACE gemstone gauntlet
mtllib ace_gauntlet.mtl
s off
v 2.050000 0.000000 0.000000
v 1.846986 0.672520 0.000000
v 1.278154 1.211839 0.000000
v 0.456168 1.511138 0.000000
v -0.456168 1.511138 0.000000
v -1.278154 1.211839 0.000000
v -1.846986 0.672520 0.000000
v -2.050000 0.000000 0.000000
v -1.846986 -0.672520 0.000000
v -1.278154 -1.211839 0.000000
v -0.456168 -1.511138 0.000000
v 0.456168 -1.511138 0.000000
v 1.278154 -1.211839 0.000000
v 1.846986 -0.672520 0.000000
v 2.050000 -0.000000 0.000000
v 2.375000 0.000000 6.000000
v 2.139801 0.774482 6.000000
v 1.480788 1.395569 6.000000
v 0.528487 1.740246 6.000000
v -0.528487 1.740246 6.000000
v -1.480788 1.395569 6.000000
v -2.139801 0.774482 6.000000
v -2.375000 0.000000 6.000000
v -2.139801 -0.774482 6.000000
v -1.480788 -1.395569 6.000000
v -0.528487 -1.740246 6.000000
v 0.528487 -1.740246 6.000000
v 1.480788 -1.395569 6.000000
v 2.139801 -0.774482 6.000000
v 2.375000 -0.000000 6.000000
v 2.700000 0.000000 12.000000
v 2.432616 0.876445 12.000000
v 1.683422 1.579300 12.000000
v 0.600807 1.969354 12.000000
v -0.600807 1.969354 12.000000
v -1.683422 1.579300 12.000000
v -2.432616 0.876445 12.000000
v -2.700000 0.000000 12.000000
v -2.432616 -0.876445 12.000000
v -1.683422 -1.579300 12.000000
v -0.600807 -1.969354 12.000000
v 0.600807 -1.969354 12.000000
v 1.683422 -1.579300 12.000000
v 2.432616 -0.876445 12.000000
v 2.700000 -0.000000 12.000000
v 0.000000 -0.050000 -3.850000
v 0.000000 -0.050000 -3.850000
v 0.000000 -0.050000 -3.850000
v 0.000000 -0.050000 -3.850000
v 0.000000 -0.050000 -3.850000
v -0.000000 -0.050000 -3.850000
v -0.000000 -0.050000 -3.850000
v -0.000000 -0.050000 -3.850000
v -0.000000 -0.050000 -3.850000
v -0.000000 -0.050000 -3.850000
v -0.000000 -0.050000 -3.850000
v -0.000000 -0.050000 -3.850000
v -0.000000 -0.050000 -3.850000
v 0.000000 -0.050000 -3.850000
v 0.000000 -0.050000 -3.850000
v 0.000000 -0.050000 -3.850000
v 0.000000 -0.050000 -3.850000
v 0.695288 -0.050000 -3.737430
v 0.642363 0.127384 -3.737430
v 0.491643 0.277762 -3.737430
v 0.266075 0.378242 -3.737430
v 0.000000 0.413525 -3.737430
v -0.266075 0.378242 -3.737430
v -0.491643 0.277762 -3.737430
v -0.642363 0.127384 -3.737430
v -0.695288 -0.050000 -3.737430
v -0.642363 -0.227384 -3.737430
v -0.491643 -0.377762 -3.737430
v -0.266075 -0.478242 -3.737430
v -0.000000 -0.513525 -3.737430
v 0.266075 -0.478242 -3.737430
v 0.491643 -0.377762 -3.737430
v 0.642363 -0.227384 -3.737430
v 0.695288 -0.050000 -3.737430
v 1.322517 -0.050000 -3.410739
v 1.221846 0.287404 -3.410739
v 0.935161 0.573440 -3.410739
v 0.506105 0.764564 -3.410739
v 0.000000 0.831678 -3.410739
v -0.506105 0.764564 -3.410739
v -0.935161 0.573440 -3.410739
v -1.221846 0.287404 -3.410739
v -1.322517 -0.050000 -3.410739
v -1.221846 -0.387404 -3.410739
v -0.935161 -0.673440 -3.410739
v -0.506105 -0.864564 -3.410739
v -0.000000 -0.931678 -3.410739
v 0.506105 -0.864564 -3.410739
v 0.935161 -0.673440 -3.410739
v 1.221846 -0.387404 -3.410739
v 1.322517 -0.050000 -3.410739
v 1.820288 -0.050000 -2.901906
v 1.681727 0.414396 -2.901906
v 1.287138 0.808092 -2.901906
v 0.696594 1.071151 -2.901906
v 0.000000 1.163525 -2.901906
v -0.696594 1.071151 -2.901906
v -1.287138 0.808092 -2.901906
v -1.681727 0.414396 -2.901906
v -1.820288 -0.050000 -2.901906
v -1.681727 -0.514396 -2.901906
v -1.287138 -0.908092 -2.901906
v -0.696594 -1.171151 -2.901906
v -0.000000 -1.263525 -2.901906
v 0.696594 -1.171151 -2.901906
v 1.287138 -0.908092 -2.901906
v 1.681727 -0.514396 -2.901906
v 1.820288 -0.050000 -2.901906
v 2.139877 -0.050000 -2.260739
v 1.976989 0.495930 -2.260739
v 1.513122 0.958748 -2.260739
v 0.818896 1.267992 -2.260739
v 0.000000 1.376585 -2.260739
v -0.818896 1.267992 -2.260739
v -1.513122 0.958748 -2.260739
v -1.976989 0.495930 -2.260739
v -2.139877 -0.050000 -2.260739
v -1.976989 -0.595930 -2.260739
v -1.513122 -1.058748 -2.260739
v -0.818896 -1.367992 -2.260739
v -0.000000 -1.476585 -2.260739
v 0.818896 -1.367992 -2.260739
v 1.513122 -1.058748 -2.260739
v 1.976989 -0.595930 -2.260739
v 2.139877 -0.050000 -2.260739
v 2.250000 -0.050000 -1.550000
v 2.078729 0.524025 -1.550000
v 1.590990 1.010660 -1.550000
v 0.861038 1.335819 -1.550000
v 0.000000 1.450000 -1.550000
v -0.861038 1.335819 -1.550000
v -1.590990 1.010660 -1.550000
v -2.078729 0.524025 -1.550000
v -2.250000 -0.050000 -1.550000
v -2.078729 -0.624025 -1.550000
v -1.590990 -1.110660 -1.550000
v -0.861038 -1.435819 -1.550000
v -0.000000 -1.550000 -1.550000
v 0.861038 -1.435819 -1.550000
v 1.590990 -1.110660 -1.550000
v 2.078729 -0.624025 -1.550000
v 2.250000 -0.050000 -1.550000
v 2.139877 -0.050000 -0.839261
v 1.976989 0.495930 -0.839261
v 1.513122 0.958748 -0.839261
v 0.818896 1.267992 -0.839261
v 0.000000 1.376585 -0.839261
v -0.818896 1.267992 -0.839261
v -1.513122 0.958748 -0.839261
v -1.976989 0.495930 -0.839261
v -2.139877 -0.050000 -0.839261
v -1.976989 -0.595930 -0.839261
v -1.513122 -1.058748 -0.839261
v -0.818896 -1.367992 -0.839261
v -0.000000 -1.476585 -0.839261
v 0.818896 -1.367992 -0.839261
v 1.513122 -1.058748 -0.839261
v 1.976989 -0.595930 -0.839261
v 2.139877 -0.050000 -0.839261
v 1.820288 -0.050000 -0.198094
v 1.681727 0.414396 -0.198094
v 1.287138 0.808092 -0.198094
v 0.696594 1.071151 -0.198094
v 0.000000 1.163525 -0.198094
v -0.696594 1.071151 -0.198094
v -1.287138 0.808092 -0.198094
v -1.681727 0.414396 -0.198094
v -1.820288 -0.050000 -0.198094
v -1.681727 -0.514396 -0.198094
v -1.287138 -0.908092 -0.198094
v -0.696594 -1.171151 -0.198094
v -0.000000 -1.263525 -0.198094
v 0.696594 -1.171151 -0.198094
v 1.287138 -0.908092 -0.198094
v 1.681727 -0.514396 -0.198094
v 1.820288 -0.050000 -0.198094
v 1.322517 -0.050000 0.310739
v 1.221846 0.287404 0.310739
v 0.935161 0.573440 0.310739
v 0.506105 0.764564 0.310739
v 0.000000 0.831678 0.310739
v -0.506105 0.764564 0.310739
v -0.935161 0.573440 0.310739
v -1.221846 0.287404 0.310739
v -1.322517 -0.050000 0.310739
v -1.221846 -0.387404 0.310739
v -0.935161 -0.673440 0.310739
v -0.506105 -0.864564 0.310739
v -0.000000 -0.931678 0.310739
v 0.506105 -0.864564 0.310739
v 0.935161 -0.673440 0.310739
v 1.221846 -0.387404 0.310739
v 1.322517 -0.050000 0.310739
v 0.695288 -0.050000 0.637430
v 0.642363 0.127384 0.637430
v 0.491643 0.277762 0.637430
v 0.266075 0.378242 0.637430
v 0.000000 0.413525 0.637430
v -0.266075 0.378242 0.637430
v -0.491643 0.277762 0.637430
v -0.642363 0.127384 0.637430
v -0.695288 -0.050000 0.637430
v -0.642363 -0.227384 0.637430
v -0.491643 -0.377762 0.637430
v -0.266075 -0.478242 0.637430
v -0.000000 -0.513525 0.637430
v 0.266075 -0.478242 0.637430
v 0.491643 -0.377762 0.637430
v 0.642363 -0.227384 0.637430
v 0.695288 -0.050000 0.637430
v 0.000000 -0.050000 0.750000
v 0.000000 -0.050000 0.750000
v 0.000000 -0.050000 0.750000
v 0.000000 -0.050000 0.750000
v 0.000000 -0.050000 0.750000
v -0.000000 -0.050000 0.750000
v -0.000000 -0.050000 0.750000
v -0.000000 -0.050000 0.750000
v -0.000000 -0.050000 0.750000
v -0.000000 -0.050000 0.750000
v -0.000000 -0.050000 0.750000
v -0.000000 -0.050000 0.750000
v -0.000000 -0.050000 0.750000
v 0.000000 -0.050000 0.750000
v 0.000000 -0.050000 0.750000
v 0.000000 -0.050000 0.750000
v 0.000000 -0.050000 0.750000
v -1.420000 -0.437287 -5.192917
v -1.420000 -0.437287 -5.192917
v -1.420000 -0.437287 -5.192917
v -1.420000 -0.437287 -5.192917
v -1.420000 -0.437287 -5.192917
v -1.420000 -0.437287 -5.192917
v -1.420000 -0.437287 -5.192917
v -1.420000 -0.437287 -5.192917
v -1.420000 -0.437287 -5.192917
v -1.420000 -0.437287 -5.192917
v -1.420000 -0.437287 -5.192917
v -1.420000 -0.437287 -5.192917
v -1.420000 -0.437287 -5.192917
v -1.205697 -0.425315 -5.060246
v -1.234408 -0.225219 -5.078303
v -1.312849 -0.078739 -5.091522
v -1.420000 -0.025123 -5.096360
v -1.527151 -0.078739 -5.091522
v -1.605592 -0.225219 -5.078303
v -1.634303 -0.425315 -5.060246
v -1.605592 -0.625410 -5.042188
v -1.527151 -0.771891 -5.028969
v -1.420000 -0.825506 -5.024131
v -1.312849 -0.771891 -5.028969
v -1.234408 -0.625410 -5.042188
v -1.205697 -0.425315 -5.060246
v -1.024020 -0.391219 -4.682429
v -1.077071 -0.021490 -4.715794
v -1.222010 0.249170 -4.740220
v -1.420000 0.348238 -4.749160
v -1.617990 0.249170 -4.740220
v -1.762929 -0.021490 -4.715794
v -1.815980 -0.391219 -4.682429
v -1.762929 -0.760948 -4.649063
v -1.617990 -1.031608 -4.624638
v -1.420000 -1.130676 -4.615697
v -1.222010 -1.031608 -4.624638
v -1.077071 -0.760948 -4.649063
v -1.024020 -0.391219 -4.682429
v -0.902627 -0.340191 -4.116986
v -0.971942 0.142882 -4.160580
v -1.161314 0.496517 -4.192493
v -1.420000 0.625956 -4.204174
v -1.678686 0.496517 -4.192493
v -1.868058 0.142882 -4.160580
v -1.937373 -0.340191 -4.116986
v -1.868058 -0.823265 -4.073391
v -1.678686 -1.176899 -4.041478
v -1.420000 -1.306339 -4.029797
v -1.161314 -1.176899 -4.041478
v -0.971942 -0.823265 -4.073391
v -0.902627 -0.340191 -4.116986
v -0.860000 -0.280000 -3.450000
v -0.935026 0.242875 -3.497186
v -1.140000 0.625646 -3.531729
v -1.420000 0.765750 -3.544372
v -1.700000 0.625646 -3.531729
v -1.904974 0.242875 -3.497186
v -1.980000 -0.280000 -3.450000
v -1.904974 -0.802875 -3.402814
v -1.700000 -1.185646 -3.368271
v -1.420000 -1.325750 -3.355628
v -1.140000 -1.185646 -3.368271
v -0.935026 -0.802875 -3.402814
v -0.860000 -0.280000 -3.450000
v -0.902627 -0.219809 -2.783014
v -0.971942 0.263265 -2.826609
v -1.161314 0.616899 -2.858522
v -1.420000 0.746339 -2.870203
v -1.678686 0.616899 -2.858522
v -1.868058 0.263265 -2.826609
v -1.937373 -0.219809 -2.783014
v -1.868058 -0.702882 -2.739420
v -1.678686 -1.056517 -2.707507
v -1.420000 -1.185956 -2.695826
v -1.161314 -1.056517 -2.707507
v -0.971942 -0.702882 -2.739420
v -0.902627 -0.219809 -2.783014
v -1.024020 -0.168781 -2.217571
v -1.077071 0.200948 -2.250937
v -1.222010 0.471608 -2.275362
v -1.420000 0.570676 -2.284303
v -1.617990 0.471608 -2.275362
v -1.762929 0.200948 -2.250937
v -1.815980 -0.168781 -2.217571
v -1.762929 -0.538510 -2.184206
v -1.617990 -0.809170 -2.159780
v -1.420000 -0.908238 -2.150840
v -1.222010 -0.809170 -2.159780
v -1.077071 -0.538510 -2.184206
v -1.024020 -0.168781 -2.217571
v -1.205697 -0.134685 -1.839754
v -1.234408 0.065410 -1.857812
v -1.312849 0.211891 -1.871031
v -1.420000 0.265506 -1.875869
v -1.527151 0.211891 -1.871031
v -1.605592 0.065410 -1.857812
v -1.634303 -0.134685 -1.839754
v -1.605592 -0.334781 -1.821697
v -1.527151 -0.481261 -1.808478
v -1.420000 -0.534877 -1.803640
v -1.312849 -0.481261 -1.808478
v -1.234408 -0.334781 -1.821697
v -1.205697 -0.134685 -1.839754
v -1.420000 -0.122713 -1.707083
v -1.420000 -0.122713 -1.707083
v -1.420000 -0.122713 -1.707083
v -1.420000 -0.122713 -1.707083
v -1.420000 -0.122713 -1.707083
v -1.420000 -0.122713 -1.707083
v -1.420000 -0.122713 -1.707083
v -1.420000 -0.122713 -1.707083
v -1.420000 -0.122713 -1.707083
v -1.420000 -0.122713 -1.707083
v -1.420000 -0.122713 -1.707083
v -1.420000 -0.122713 -1.707083
v -1.420000 -0.122713 -1.707083
v -0.480000 -0.332492 -5.199213
v -0.480000 -0.332492 -5.199213
v -0.480000 -0.332492 -5.199213
v -0.480000 -0.332492 -5.199213
v -0.480000 -0.332492 -5.199213
v -0.480000 -0.332492 -5.199213
v -0.480000 -0.332492 -5.199213
v -0.480000 -0.332492 -5.199213
v -0.480000 -0.332492 -5.199213
v -0.480000 -0.332492 -5.199213
v -0.480000 -0.332492 -5.199213
v -0.480000 -0.332492 -5.199213
v -0.480000 -0.332492 -5.199213
v -0.265697 -0.328496 -5.066062
v -0.294408 -0.127678 -5.072088
v -0.372849 0.019331 -5.076500
v -0.480000 0.073140 -5.078114
v -0.587151 0.019331 -5.076500
v -0.665592 -0.127678 -5.072088
v -0.694303 -0.328496 -5.066062
v -0.665592 -0.529315 -5.060035
v -0.587151 -0.676324 -5.055624
v -0.480000 -0.730133 -5.054009
v -0.372849 -0.676324 -5.055624
v -0.294408 -0.529315 -5.060035
v -0.265697 -0.328496 -5.066062
v -0.084020 -0.317118 -4.686880
v -0.137071 0.053946 -4.698015
v -0.282010 0.325584 -4.706167
v -0.480000 0.425010 -4.709151
v -0.677990 0.325584 -4.706167
v -0.822929 0.053946 -4.698015
v -0.875980 -0.317118 -4.686880
v -0.822929 -0.688182 -4.675745
v -0.677990 -0.959819 -4.667593
v -0.480000 -1.059246 -4.664610
v -0.282010 -0.959819 -4.667593
v -0.137071 -0.688182 -4.675745
v -0.084020 -0.317118 -4.686880
v 0.037373 -0.300088 -4.119395
v -0.031942 0.184731 -4.133944
v -0.221314 0.539642 -4.144594
v -0.480000 0.669549 -4.148493
v -0.738686 0.539642 -4.144594
v -0.928058 0.184731 -4.133944
v -0.997373 -0.300088 -4.119395
v -0.928058 -0.784906 -4.104846
v -0.738686 -1.139818 -4.094195
v -0.480000 -1.269725 -4.090297
v -0.221314 -1.139818 -4.094195
v -0.031942 -0.784906 -4.104846
v 0.037373 -0.300088 -4.119395
v 0.080000 -0.280000 -3.450000
v 0.004974 0.244764 -3.465748
v -0.200000 0.628918 -3.477276
v -0.480000 0.769528 -3.481495
v -0.760000 0.628918 -3.477276
v -0.964974 0.244764 -3.465748
v -1.040000 -0.280000 -3.450000
v -0.964974 -0.804764 -3.434252
v -0.760000 -1.188918 -3.422724
v -0.480000 -1.329528 -3.418505
v -0.200000 -1.188918 -3.422724
v 0.004974 -0.804764 -3.434252
v 0.080000 -0.280000 -3.450000
v 0.037373 -0.259912 -2.780605
v -0.031942 0.224906 -2.795154
v -0.221314 0.579818 -2.805805
v -0.480000 0.709725 -2.809703
v -0.738686 0.579818 -2.805805
v -0.928058 0.224906 -2.795154
v -0.997373 -0.259912 -2.780605
v -0.928058 -0.744731 -2.766056
v -0.738686 -1.099642 -2.755406
v -0.480000 -1.229549 -2.751507
v -0.221314 -1.099642 -2.755406
v -0.031942 -0.744731 -2.766056
v 0.037373 -0.259912 -2.780605
v -0.084020 -0.242882 -2.213120
v -0.137071 0.128182 -2.224255
v -0.282010 0.399819 -2.232407
v -0.480000 0.499246 -2.235390
v -0.677990 0.399819 -2.232407
v -0.822929 0.128182 -2.224255
v -0.875980 -0.242882 -2.213120
v -0.822929 -0.613946 -2.201985
v -0.677990 -0.885584 -2.193833
v -0.480000 -0.985010 -2.190849
v -0.282010 -0.885584 -2.193833
v -0.137071 -0.613946 -2.201985
v -0.084020 -0.242882 -2.213120
v -0.265697 -0.231504 -1.833938
v -0.294408 -0.030685 -1.839965
v -0.372849 0.116324 -1.844376
v -0.480000 0.170133 -1.845991
v -0.587151 0.116324 -1.844376
v -0.665592 -0.030685 -1.839965
v -0.694303 -0.231504 -1.833938
v -0.665592 -0.432322 -1.827912
v -0.587151 -0.579331 -1.823500
v -0.480000 -0.633140 -1.821886
v -0.372849 -0.579331 -1.823500
v -0.294408 -0.432322 -1.827912
v -0.265697 -0.231504 -1.833938
v -0.480000 -0.227508 -1.700787
v -0.480000 -0.227508 -1.700787
v -0.480000 -0.227508 -1.700787
v -0.480000 -0.227508 -1.700787
v -0.480000 -0.227508 -1.700787
v -0.480000 -0.227508 -1.700787
v -0.480000 -0.227508 -1.700787
v -0.480000 -0.227508 -1.700787
v -0.480000 -0.227508 -1.700787
v -0.480000 -0.227508 -1.700787
v -0.480000 -0.227508 -1.700787
v -0.480000 -0.227508 -1.700787
v -0.480000 -0.227508 -1.700787
v 0.480000 -0.227508 -5.199213
v 0.480000 -0.227508 -5.199213
v 0.480000 -0.227508 -5.199213
v 0.480000 -0.227508 -5.199213
v 0.480000 -0.227508 -5.199213
v 0.480000 -0.227508 -5.199213
v 0.480000 -0.227508 -5.199213
v 0.480000 -0.227508 -5.199213
v 0.480000 -0.227508 -5.199213
v 0.480000 -0.227508 -5.199213
v 0.480000 -0.227508 -5.199213
v 0.480000 -0.227508 -5.199213
v 0.480000 -0.227508 -5.199213
v 0.694303 -0.231504 -5.066062
v 0.665592 -0.030685 -5.060035
v 0.587151 0.116324 -5.055624
v 0.480000 0.170133 -5.054009
v 0.372849 0.116324 -5.055624
v 0.294408 -0.030685 -5.060035
v 0.265697 -0.231504 -5.066062
v 0.294408 -0.432322 -5.072088
v 0.372849 -0.579331 -5.076500
v 0.480000 -0.633140 -5.078114
v 0.587151 -0.579331 -5.076500
v 0.665592 -0.432322 -5.072088
v 0.694303 -0.231504 -5.066062
v 0.875980 -0.242882 -4.686880
v 0.822929 0.128182 -4.675745
v 0.677990 0.399819 -4.667593
v 0.480000 0.499246 -4.664610
v 0.282010 0.399819 -4.667593
v 0.137071 0.128182 -4.675745
v 0.084020 -0.242882 -4.686880
v 0.137071 -0.613946 -4.698015
v 0.282010 -0.885584 -4.706167
v 0.480000 -0.985010 -4.709151
v 0.677990 -0.885584 -4.706167
v 0.822929 -0.613946 -4.698015
v 0.875980 -0.242882 -4.686880
v 0.997373 -0.259912 -4.119395
v 0.928058 0.224906 -4.104846
v 0.738686 0.579818 -4.094195
v 0.480000 0.709725 -4.090297
v 0.221314 0.579818 -4.094195
v 0.031942 0.224906 -4.104846
v -0.037373 -0.259912 -4.119395
v 0.031942 -0.744731 -4.133944
v 0.221314 -1.099642 -4.144594
v 0.480000 -1.229549 -4.148493
v 0.738686 -1.099642 -4.144594
v 0.928058 -0.744731 -4.133944
v 0.997373 -0.259912 -4.119395
v 1.040000 -0.280000 -3.450000
v 0.964974 0.244764 -3.434252
v 0.760000 0.628918 -3.422724
v 0.480000 0.769528 -3.418505
v 0.200000 0.628918 -3.422724
v -0.004974 0.244764 -3.434252
v -0.080000 -0.280000 -3.450000
v -0.004974 -0.804764 -3.465748
v 0.200000 -1.188918 -3.477276
v 0.480000 -1.329528 -3.481495
v 0.760000 -1.188918 -3.477276
v 0.964974 -0.804764 -3.465748
v 1.040000 -0.280000 -3.450000
v 0.997373 -0.300088 -2.780605
v 0.928058 0.184731 -2.766056
v 0.738686 0.539642 -2.755406
v 0.480000 0.669549 -2.751507
v 0.221314 0.539642 -2.755406
v 0.031942 0.184731 -2.766056
v -0.037373 -0.300088 -2.780605
v 0.031942 -0.784906 -2.795154
v 0.221314 -1.139818 -2.805805
v 0.480000 -1.269725 -2.809703
v 0.738686 -1.139818 -2.805805
v 0.928058 -0.784906 -2.795154
v 0.997373 -0.300088 -2.780605
v 0.875980 -0.317118 -2.213120
v 0.822929 0.053946 -2.201985
v 0.677990 0.325584 -2.193833
v 0.480000 0.425010 -2.190849
v 0.282010 0.325584 -2.193833
v 0.137071 0.053946 -2.201985
v 0.084020 -0.317118 -2.213120
v 0.137071 -0.688182 -2.224255
v 0.282010 -0.959819 -2.232407
v 0.480000 -1.059246 -2.235390
v 0.677990 -0.959819 -2.232407
v 0.822929 -0.688182 -2.224255
v 0.875980 -0.317118 -2.213120
v 0.694303 -0.328496 -1.833938
v 0.665592 -0.127678 -1.827912
v 0.587151 0.019331 -1.823500
v 0.480000 0.073140 -1.821886
v 0.372849 0.019331 -1.823500
v 0.294408 -0.127678 -1.827912
v 0.265697 -0.328496 -1.833938
v 0.294408 -0.529315 -1.839965
v 0.372849 -0.676324 -1.844376
v 0.480000 -0.730133 -1.845991
v 0.587151 -0.676324 -1.844376
v 0.665592 -0.529315 -1.839965
v 0.694303 -0.328496 -1.833938
v 0.480000 -0.332492 -1.700787
v 0.480000 -0.332492 -1.700787
v 0.480000 -0.332492 -1.700787
v 0.480000 -0.332492 -1.700787
v 0.480000 -0.332492 -1.700787
v 0.480000 -0.332492 -1.700787
v 0.480000 -0.332492 -1.700787
v 0.480000 -0.332492 -1.700787
v 0.480000 -0.332492 -1.700787
v 0.480000 -0.332492 -1.700787
v 0.480000 -0.332492 -1.700787
v 0.480000 -0.332492 -1.700787
v 0.480000 -0.332492 -1.700787
v 1.420000 -0.122713 -5.192917
v 1.420000 -0.122713 -5.192917
v 1.420000 -0.122713 -5.192917
v 1.420000 -0.122713 -5.192917
v 1.420000 -0.122713 -5.192917
v 1.420000 -0.122713 -5.192917
v 1.420000 -0.122713 -5.192917
v 1.420000 -0.122713 -5.192917
v 1.420000 -0.122713 -5.192917
v 1.420000 -0.122713 -5.192917
v 1.420000 -0.122713 -5.192917
v 1.420000 -0.122713 -5.192917
v 1.420000 -0.122713 -5.192917
v 1.634303 -0.134685 -5.060246
v 1.605592 0.065410 -5.042188
v 1.527151 0.211891 -5.028969
v 1.420000 0.265506 -5.024131
v 1.312849 0.211891 -5.028969
v 1.234408 0.065410 -5.042188
v 1.205697 -0.134685 -5.060246
v 1.234408 -0.334781 -5.078303
v 1.312849 -0.481261 -5.091522
v 1.420000 -0.534877 -5.096360
v 1.527151 -0.481261 -5.091522
v 1.605592 -0.334781 -5.078303
v 1.634303 -0.134685 -5.060246
v 1.815980 -0.168781 -4.682429
v 1.762929 0.200948 -4.649063
v 1.617990 0.471608 -4.624638
v 1.420000 0.570676 -4.615697
v 1.222010 0.471608 -4.624638
v 1.077071 0.200948 -4.649063
v 1.024020 -0.168781 -4.682429
v 1.077071 -0.538510 -4.715794
v 1.222010 -0.809170 -4.740220
v 1.420000 -0.908238 -4.749160
v 1.617990 -0.809170 -4.740220
v 1.762929 -0.538510 -4.715794
v 1.815980 -0.168781 -4.682429
v 1.937373 -0.219809 -4.116986
v 1.868058 0.263265 -4.073391
v 1.678686 0.616899 -4.041478
v 1.420000 0.746339 -4.029797
v 1.161314 0.616899 -4.041478
v 0.971942 0.263265 -4.073391
v 0.902627 -0.219809 -4.116986
v 0.971942 -0.702882 -4.160580
v 1.161314 -1.056517 -4.192493
v 1.420000 -1.185956 -4.204174
v 1.678686 -1.056517 -4.192493
v 1.868058 -0.702882 -4.160580
v 1.937373 -0.219809 -4.116986
v 1.980000 -0.280000 -3.450000
v 1.904974 0.242875 -3.402814
v 1.700000 0.625646 -3.368271
v 1.420000 0.765750 -3.355628
v 1.140000 0.625646 -3.368271
v 0.935026 0.242875 -3.402814
v 0.860000 -0.280000 -3.450000
v 0.935026 -0.802875 -3.497186
v 1.140000 -1.185646 -3.531729
v 1.420000 -1.325750 -3.544372
v 1.700000 -1.185646 -3.531729
v 1.904974 -0.802875 -3.497186
v 1.980000 -0.280000 -3.450000
v 1.937373 -0.340191 -2.783014
v 1.868058 0.142882 -2.739420
v 1.678686 0.496517 -2.707507
v 1.420000 0.625956 -2.695826
v 1.161314 0.496517 -2.707507
v 0.971942 0.142882 -2.739420
v 0.902627 -0.340191 -2.783014
v 0.971942 -0.823265 -2.826609
v 1.161314 -1.176899 -2.858522
v 1.420000 -1.306339 -2.870203
v 1.678686 -1.176899 -2.858522
v 1.868058 -0.823265 -2.826609
v 1.937373 -0.340191 -2.783014
v 1.815980 -0.391219 -2.217571
v 1.762929 -0.021490 -2.184206
v 1.617990 0.249170 -2.159780
v 1.420000 0.348238 -2.150840
v 1.222010 0.249170 -2.159780
v 1.077071 -0.021490 -2.184206
v 1.024020 -0.391219 -2.217571
v 1.077071 -0.760948 -2.250937
v 1.222010 -1.031608 -2.275362
v 1.420000 -1.130676 -2.284303
v 1.617990 -1.031608 -2.275362
v 1.762929 -0.760948 -2.250937
v 1.815980 -0.391219 -2.217571
v 1.634303 -0.425315 -1.839754
v 1.605592 -0.225219 -1.821697
v 1.527151 -0.078739 -1.808478
v 1.420000 -0.025123 -1.803640
v 1.312849 -0.078739 -1.808478
v 1.234408 -0.225219 -1.821697
v 1.205697 -0.425315 -1.839754
v 1.234408 -0.625410 -1.857812
v 1.312849 -0.771891 -1.871031
v 1.420000 -0.825506 -1.875869
v 1.527151 -0.771891 -1.871031
v 1.605592 -0.625410 -1.857812
v 1.634303 -0.425315 -1.839754
v 1.420000 -0.437287 -1.707083
v 1.420000 -0.437287 -1.707083
v 1.420000 -0.437287 -1.707083
v 1.420000 -0.437287 -1.707083
v 1.420000 -0.437287 -1.707083
v 1.420000 -0.437287 -1.707083
v 1.420000 -0.437287 -1.707083
v 1.420000 -0.437287 -1.707083
v 1.420000 -0.437287 -1.707083
v 1.420000 -0.437287 -1.707083
v 1.420000 -0.437287 -1.707083
v 1.420000 -0.437287 -1.707083
v 1.420000 -0.437287 -1.707083
v 1.272435 -0.075861 -2.987257
v 1.272435 -0.075861 -2.987257
v 1.272435 -0.075861 -2.987257
v 1.272435 -0.075861 -2.987257
v 1.272435 -0.075861 -2.987257
v 1.272435 -0.075861 -2.987257
v 1.272435 -0.075861 -2.987257
v 1.272435 -0.075861 -2.987257
v 1.272435 -0.075861 -2.987257
v 1.272435 -0.075861 -2.987257
v 1.272435 -0.075861 -2.987257
v 1.272435 -0.075861 -2.987257
v 1.272435 -0.075861 -2.987257
v 1.535542 -0.160901 -3.021783
v 1.570480 0.021181 -2.963922
v 1.541416 0.165550 -2.885040
v 1.456139 0.233523 -2.806271
v 1.337498 0.206887 -2.748722
v 1.217284 0.092778 -2.727813
v 1.127706 -0.078228 -2.749147
v 1.092768 -0.260310 -2.807007
v 1.121832 -0.404679 -2.885890
v 1.207109 -0.472652 -2.964659
v 1.325750 -0.446015 -3.022208
v 1.445964 -0.331906 -3.043116
v 1.535542 -0.160901 -3.021783
v 1.876970 -0.320402 -2.847466
v 1.941526 0.016042 -2.740555
v 1.887824 0.282801 -2.594798
v 1.730253 0.408399 -2.449252
v 1.511033 0.359181 -2.342916
v 1.288905 0.148335 -2.304281
v 1.123388 -0.167643 -2.343701
v 1.058831 -0.504086 -2.450613
v 1.112533 -0.770846 -2.596369
v 1.270105 -0.896443 -2.741915
v 1.489324 -0.847225 -2.848252
v 1.711452 -0.636379 -2.886886
v 1.876970 -0.320402 -2.847466
v 2.244740 -0.530081 -2.490847
v 2.329087 -0.090496 -2.351160
v 2.258922 0.258042 -2.160720
v 2.053045 0.422143 -1.970555
v 1.766621 0.357836 -1.831619
v 1.476397 0.082353 -1.781141
v 1.260138 -0.330492 -1.832646
v 1.175791 -0.770076 -1.972333
v 1.245956 -1.118614 -2.162773
v 1.451833 -1.282715 -2.352938
v 1.738257 -1.218409 -2.491873
v 2.028481 -0.942925 -2.542351
v 2.244740 -0.530081 -2.490847
v 2.582863 -0.758017 -2.006216
v 2.674160 -0.282214 -1.855020
v 2.598213 0.095041 -1.648889
v 2.375374 0.272662 -1.443056
v 2.065351 0.203057 -1.292673
v 1.751214 -0.095124 -1.238036
v 1.517137 -0.541983 -1.293784
v 1.425840 -1.017786 -1.444980
v 1.501787 -1.395041 -1.651111
v 1.724626 -1.572662 -1.856944
v 2.034649 -1.503057 -2.007327
v 2.348786 -1.204876 -2.061964
v 2.582863 -0.758017 -2.006216
v 2.839862 -0.969508 -1.467354
v 2.924209 -0.529924 -1.327667
v 2.854044 -0.181386 -1.137227
v 2.648167 -0.017285 -0.947062
v 2.361743 -0.081591 -0.808127
v 2.071519 -0.357075 -0.757649
v 1.855260 -0.769919 -0.809153
v 1.770913 -1.209504 -0.948840
v 1.841078 -1.558042 -1.139280
v 2.046955 -1.722143 -1.329445
v 2.333379 -1.657836 -1.468381
v 2.623603 -1.382353 -1.518859
v 2.839862 -0.969508 -1.467354
v 2.976612 -1.132357 -0.956299
v 3.041169 -0.795914 -0.849387
v 2.987467 -0.529154 -0.703631
v 2.829895 -0.403557 -0.558085
v 2.610676 -0.452775 -0.451748
v 2.388548 -0.663621 -0.413114
v 2.223030 -0.979598 -0.452534
v 2.158474 -1.316042 -0.559445
v 2.212176 -1.582801 -0.705202
v 2.369747 -1.708399 -0.850748
v 2.588967 -1.659181 -0.957084
v 2.811095 -1.448335 -0.995719
v 2.976612 -1.132357 -0.956299
v 2.972294 -1.221772 -0.550853
v 3.007232 -1.039690 -0.492993
v 2.978168 -0.895321 -0.414110
v 2.892891 -0.827348 -0.335341
v 2.774250 -0.853985 -0.277792
v 2.654036 -0.968094 -0.256884
v 2.564458 -1.139099 -0.278217
v 2.529520 -1.321181 -0.336078
v 2.558584 -1.465550 -0.414960
v 2.643861 -1.533523 -0.493729
v 2.762502 -1.506887 -0.551278
v 2.882716 -1.392778 -0.572187
v 2.972294 -1.221772 -0.550853
v 2.827565 -1.224139 -0.312743
v 2.827565 -1.224139 -0.312743
v 2.827565 -1.224139 -0.312743
v 2.827565 -1.224139 -0.312743
v 2.827565 -1.224139 -0.312743
v 2.827565 -1.224139 -0.312743
v 2.827565 -1.224139 -0.312743
v 2.827565 -1.224139 -0.312743
v 2.827565 -1.224139 -0.312743
v 2.827565 -1.224139 -0.312743
v 2.827565 -1.224139 -0.312743
v 2.827565 -1.224139 -0.312743
v 2.827565 -1.224139 -0.312743
v 2.300000 0.000000 0.300000
v 2.240000 0.000000 0.403923
v 2.120000 0.000000 0.403923
v 2.060000 0.000000 0.300000
v 2.120000 0.000000 0.196077
v 2.240000 0.000000 0.196077
v 2.300000 0.000000 0.300000
v 2.221629 0.463286 0.300000
v 2.163674 0.447757 0.403923
v 2.047763 0.416699 0.403923
v 1.989807 0.401170 0.300000
v 2.047763 0.416699 0.196077
v 2.163674 0.447757 0.196077
v 2.221629 0.463286 0.300000
v 1.991858 0.895000 0.300000
v 1.939897 0.865000 0.403923
v 1.835974 0.805000 0.403923
v 1.784012 0.775000 0.300000
v 1.835974 0.805000 0.196077
v 1.939897 0.865000 0.196077
v 1.991858 0.895000 0.300000
v 1.626346 1.265721 0.300000
v 1.583919 1.223295 0.403923
v 1.499066 1.138442 0.403923
v 1.456640 1.096016 0.300000
v 1.499066 1.138442 0.196077
v 1.583919 1.223295 0.196077
v 1.626346 1.265721 0.300000
v 1.150000 1.550185 0.300000
v 1.120000 1.498224 0.403923
v 1.060000 1.394301 0.403923
v 1.030000 1.342339 0.300000
v 1.060000 1.394301 0.196077
v 1.120000 1.498224 0.196077
v 1.150000 1.550185 0.300000
v 0.595284 1.729007 0.300000
v 0.579755 1.671052 0.403923
v 0.548696 1.555141 0.403923
v 0.533167 1.497185 0.300000
v 0.548696 1.555141 0.196077
v 0.579755 1.671052 0.196077
v 0.595284 1.729007 0.300000
v 0.000000 1.790000 0.300000
v 0.000000 1.730000 0.403923
v 0.000000 1.610000 0.403923
v 0.000000 1.550000 0.300000
v 0.000000 1.610000 0.196077
v 0.000000 1.730000 0.196077
v 0.000000 1.790000 0.300000
v -0.595284 1.729007 0.300000
v -0.579755 1.671052 0.403923
v -0.548696 1.555141 0.403923
v -0.533167 1.497185 0.300000
v -0.548696 1.555141 0.196077
v -0.579755 1.671052 0.196077
v -0.595284 1.729007 0.300000
v -1.150000 1.550185 0.300000
v -1.120000 1.498224 0.403923
v -1.060000 1.394301 0.403923
v -1.030000 1.342339 0.300000
v -1.060000 1.394301 0.196077
v -1.120000 1.498224 0.196077
v -1.150000 1.550185 0.300000
v -1.626346 1.265721 0.300000
v -1.583919 1.223295 0.403923
v -1.499066 1.138442 0.403923
v -1.456640 1.096016 0.300000
v -1.499066 1.138442 0.196077
v -1.583919 1.223295 0.196077
v -1.626346 1.265721 0.300000
v -1.991858 0.895000 0.300000
v -1.939897 0.865000 0.403923
v -1.835974 0.805000 0.403923
v -1.784012 0.775000 0.300000
v -1.835974 0.805000 0.196077
v -1.939897 0.865000 0.196077
v -1.991858 0.895000 0.300000
v -2.221629 0.463286 0.300000
v -2.163674 0.447757 0.403923
v -2.047763 0.416699 0.403923
v -1.989807 0.401170 0.300000
v -2.047763 0.416699 0.196077
v -2.163674 0.447757 0.196077
v -2.221629 0.463286 0.300000
v -2.300000 0.000000 0.300000
v -2.240000 0.000000 0.403923
v -2.120000 0.000000 0.403923
v -2.060000 0.000000 0.300000
v -2.120000 0.000000 0.196077
v -2.240000 0.000000 0.196077
v -2.300000 0.000000 0.300000
v -2.221629 -0.463286 0.300000
v -2.163674 -0.447757 0.403923
v -2.047763 -0.416699 0.403923
v -1.989807 -0.401170 0.300000
v -2.047763 -0.416699 0.196077
v -2.163674 -0.447757 0.196077
v -2.221629 -0.463286 0.300000
v -1.991858 -0.895000 0.300000
v -1.939897 -0.865000 0.403923
v -1.835974 -0.805000 0.403923
v -1.784012 -0.775000 0.300000
v -1.835974 -0.805000 0.196077
v -1.939897 -0.865000 0.196077
v -1.991858 -0.895000 0.300000
v -1.626346 -1.265721 0.300000
v -1.583919 -1.223295 0.403923
v -1.499066 -1.138442 0.403923
v -1.456640 -1.096016 0.300000
v -1.499066 -1.138442 0.196077
v -1.583919 -1.223295 0.196077
v -1.626346 -1.265721 0.300000
v -1.150000 -1.550185 0.300000
v -1.120000 -1.498224 0.403923
v -1.060000 -1.394301 0.403923
v -1.030000 -1.342339 0.300000
v -1.060000 -1.394301 0.196077
v -1.120000 -1.498224 0.196077
v -1.150000 -1.550185 0.300000
v -0.595284 -1.729007 0.300000
v -0.579755 -1.671052 0.403923
v -0.548696 -1.555141 0.403923
v -0.533167 -1.497185 0.300000
v -0.548696 -1.555141 0.196077
v -0.579755 -1.671052 0.196077
v -0.595284 -1.729007 0.300000
v -0.000000 -1.790000 0.300000
v -0.000000 -1.730000 0.403923
v -0.000000 -1.610000 0.403923
v -0.000000 -1.550000 0.300000
v -0.000000 -1.610000 0.196077
v -0.000000 -1.730000 0.196077
v -0.000000 -1.790000 0.300000
v 0.595284 -1.729007 0.300000
v 0.579755 -1.671052 0.403923
v 0.548696 -1.555141 0.403923
v 0.533167 -1.497185 0.300000
v 0.548696 -1.555141 0.196077
v 0.579755 -1.671052 0.196077
v 0.595284 -1.729007 0.300000
v 1.150000 -1.550185 0.300000
v 1.120000 -1.498224 0.403923
v 1.060000 -1.394301 0.403923
v 1.030000 -1.342339 0.300000
v 1.060000 -1.394301 0.196077
v 1.120000 -1.498224 0.196077
v 1.150000 -1.550185 0.300000
v 1.626346 -1.265721 0.300000
v 1.583919 -1.223295 0.403923
v 1.499066 -1.138442 0.403923
v 1.456640 -1.096016 0.300000
v 1.499066 -1.138442 0.196077
v 1.583919 -1.223295 0.196077
v 1.626346 -1.265721 0.300000
v 1.991858 -0.895000 0.300000
v 1.939897 -0.865000 0.403923
v 1.835974 -0.805000 0.403923
v 1.784012 -0.775000 0.300000
v 1.835974 -0.805000 0.196077
v 1.939897 -0.865000 0.196077
v 1.991858 -0.895000 0.300000
v 2.221629 -0.463286 0.300000
v 2.163674 -0.447757 0.403923
v 2.047763 -0.416699 0.403923
v 1.989807 -0.401170 0.300000
v 2.047763 -0.416699 0.196077
v 2.163674 -0.447757 0.196077
v 2.221629 -0.463286 0.300000
v 2.300000 -0.000000 0.300000
v 2.240000 -0.000000 0.403923
v 2.120000 -0.000000 0.403923
v 2.060000 -0.000000 0.300000
v 2.120000 -0.000000 0.196077
v 2.240000 -0.000000 0.196077
v 2.300000 -0.000000 0.300000
v 2.350000 0.000000 3.100000
v 2.290000 0.000000 3.203923
v 2.170000 0.000000 3.203923
v 2.110000 0.000000 3.100000
v 2.170000 0.000000 2.996077
v 2.290000 0.000000 2.996077
v 2.350000 0.000000 3.100000
v 2.269926 0.483992 3.100000
v 2.211970 0.468462 3.203923
v 2.096059 0.437404 3.203923
v 2.038103 0.421875 3.100000
v 2.096059 0.437404 2.996077
v 2.211970 0.468462 2.996077
v 2.269926 0.483992 3.100000
v 2.035160 0.935000 3.100000
v 1.983198 0.905000 3.203923
v 1.879275 0.845000 3.203923
v 1.827314 0.815000 3.100000
v 1.879275 0.845000 2.996077
v 1.983198 0.905000 2.996077
v 2.035160 0.935000 3.100000
v 1.661701 1.322290 3.100000
v 1.619275 1.279863 3.203923
v 1.534422 1.195010 3.203923
v 1.491995 1.152584 3.100000
v 1.534422 1.195010 2.996077
v 1.619275 1.279863 2.996077
v 1.661701 1.322290 3.100000
v 1.175000 1.619468 3.100000
v 1.145000 1.567506 3.203923
v 1.085000 1.463583 3.203923
v 1.055000 1.411621 3.100000
v 1.085000 1.463583 2.996077
v 1.145000 1.567506 2.996077
v 1.175000 1.619468 3.100000
v 0.608225 1.806281 3.100000
v 0.592696 1.748326 3.203923
v 0.561637 1.632415 3.203923
v 0.546108 1.574459 3.100000
v 0.561637 1.632415 2.996077
v 0.592696 1.748326 2.996077
v 0.608225 1.806281 3.100000
v 0.000000 1.870000 3.100000
v 0.000000 1.810000 3.203923
v 0.000000 1.690000 3.203923
v 0.000000 1.630000 3.100000
v 0.000000 1.690000 2.996077
v 0.000000 1.810000 2.996077
v 0.000000 1.870000 3.100000
v -0.608225 1.806281 3.100000
v -0.592696 1.748326 3.203923
v -0.561637 1.632415 3.203923
v -0.546108 1.574459 3.100000
v -0.561637 1.632415 2.996077
v -0.592696 1.748326 2.996077
v -0.608225 1.806281 3.100000
v -1.175000 1.619468 3.100000
v -1.145000 1.567506 3.203923
v -1.085000 1.463583 3.203923
v -1.055000 1.411621 3.100000
v -1.085000 1.463583 2.996077
v -1.145000 1.567506 2.996077
v -1.175000 1.619468 3.100000
v -1.661701 1.322290 3.100000
v -1.619275 1.279863 3.203923
v -1.534422 1.195010 3.203923
v -1.491995 1.152584 3.100000
v -1.534422 1.195010 2.996077
v -1.619275 1.279863 2.996077
v -1.661701 1.322290 3.100000
v -2.035160 0.935000 3.100000
v -1.983198 0.905000 3.203923
v -1.879275 0.845000 3.203923
v -1.827314 0.815000 3.100000
v -1.879275 0.845000 2.996077
v -1.983198 0.905000 2.996077
v -2.035160 0.935000 3.100000
v -2.269926 0.483992 3.100000
v -2.211970 0.468462 3.203923
v -2.096059 0.437404 3.203923
v -2.038103 0.421875 3.100000
v -2.096059 0.437404 2.996077
v -2.211970 0.468462 2.996077
v -2.269926 0.483992 3.100000
v -2.350000 0.000000 3.100000
v -2.290000 0.000000 3.203923
v -2.170000 0.000000 3.203923
v -2.110000 0.000000 3.100000
v -2.170000 0.000000 2.996077
v -2.290000 0.000000 2.996077
v -2.350000 0.000000 3.100000
v -2.269926 -0.483992 3.100000
v -2.211970 -0.468462 3.203923
v -2.096059 -0.437404 3.203923
v -2.038103 -0.421875 3.100000
v -2.096059 -0.437404 2.996077
v -2.211970 -0.468462 2.996077
v -2.269926 -0.483992 3.100000
v -2.035160 -0.935000 3.100000
v -1.983198 -0.905000 3.203923
v -1.879275 -0.845000 3.203923
v -1.827314 -0.815000 3.100000
v -1.879275 -0.845000 2.996077
v -1.983198 -0.905000 2.996077
v -2.035160 -0.935000 3.100000
v -1.661701 -1.322290 3.100000
v -1.619275 -1.279863 3.203923
v -1.534422 -1.195010 3.203923
v -1.491995 -1.152584 3.100000
v -1.534422 -1.195010 2.996077
v -1.619275 -1.279863 2.996077
v -1.661701 -1.322290 3.100000
v -1.175000 -1.619468 3.100000
v -1.145000 -1.567506 3.203923
v -1.085000 -1.463583 3.203923
v -1.055000 -1.411621 3.100000
v -1.085000 -1.463583 2.996077
v -1.145000 -1.567506 2.996077
v -1.175000 -1.619468 3.100000
v -0.608225 -1.806281 3.100000
v -0.592696 -1.748326 3.203923
v -0.561637 -1.632415 3.203923
v -0.546108 -1.574459 3.100000
v -0.561637 -1.632415 2.996077
v -0.592696 -1.748326 2.996077
v -0.608225 -1.806281 3.100000
v -0.000000 -1.870000 3.100000
v -0.000000 -1.810000 3.203923
v -0.000000 -1.690000 3.203923
v -0.000000 -1.630000 3.100000
v -0.000000 -1.690000 2.996077
v -0.000000 -1.810000 2.996077
v -0.000000 -1.870000 3.100000
v 0.608225 -1.806281 3.100000
v 0.592696 -1.748326 3.203923
v 0.561637 -1.632415 3.203923
v 0.546108 -1.574459 3.100000
v 0.561637 -1.632415 2.996077
v 0.592696 -1.748326 2.996077
v 0.608225 -1.806281 3.100000
v 1.175000 -1.619468 3.100000
v 1.145000 -1.567506 3.203923
v 1.085000 -1.463583 3.203923
v 1.055000 -1.411621 3.100000
v 1.085000 -1.463583 2.996077
v 1.145000 -1.567506 2.996077
v 1.175000 -1.619468 3.100000
v 1.661701 -1.322290 3.100000
v 1.619275 -1.279863 3.203923
v 1.534422 -1.195010 3.203923
v 1.491995 -1.152584 3.100000
v 1.534422 -1.195010 2.996077
v 1.619275 -1.279863 2.996077
v 1.661701 -1.322290 3.100000
v 2.035160 -0.935000 3.100000
v 1.983198 -0.905000 3.203923
v 1.879275 -0.845000 3.203923
v 1.827314 -0.815000 3.100000
v 1.879275 -0.845000 2.996077
v 1.983198 -0.905000 2.996077
v 2.035160 -0.935000 3.100000
v 2.269926 -0.483992 3.100000
v 2.211970 -0.468462 3.203923
v 2.096059 -0.437404 3.203923
v 2.038103 -0.421875 3.100000
v 2.096059 -0.437404 2.996077
v 2.211970 -0.468462 2.996077
v 2.269926 -0.483992 3.100000
v 2.350000 -0.000000 3.100000
v 2.290000 -0.000000 3.203923
v 2.170000 -0.000000 3.203923
v 2.110000 -0.000000 3.100000
v 2.170000 -0.000000 2.996077
v 2.290000 -0.000000 2.996077
v 2.350000 -0.000000 3.100000
v 2.400000 0.000000 10.800000
v 2.340000 0.000000 10.903923
v 2.220000 0.000000 10.903923
v 2.160000 0.000000 10.800000
v 2.220000 0.000000 10.696077
v 2.340000 0.000000 10.696077
v 2.400000 0.000000 10.800000
v 2.318222 0.504697 10.800000
v 2.260266 0.489168 10.903923
v 2.144355 0.458110 10.903923
v 2.086400 0.442581 10.800000
v 2.144355 0.458110 10.696077
v 2.260266 0.489168 10.696077
v 2.318222 0.504697 10.800000
v 2.078461 0.975000 10.800000
v 2.026499 0.945000 10.903923
v 1.922576 0.885000 10.903923
v 1.870615 0.855000 10.800000
v 1.922576 0.885000 10.696077
v 2.026499 0.945000 10.696077
v 2.078461 0.975000 10.800000
v 1.697056 1.378858 10.800000
v 1.654630 1.336432 10.903923
v 1.569777 1.251579 10.903923
v 1.527351 1.209153 10.800000
v 1.569777 1.251579 10.696077
v 1.654630 1.336432 10.696077
v 1.697056 1.378858 10.800000
v 1.200000 1.688750 10.800000
v 1.170000 1.636788 10.903923
v 1.110000 1.532865 10.903923
v 1.080000 1.480903 10.800000
v 1.110000 1.532865 10.696077
v 1.170000 1.636788 10.696077
v 1.200000 1.688750 10.800000
v 0.621166 1.883555 10.800000
v 0.605637 1.825600 10.903923
v 0.574578 1.709689 10.903923
v 0.559049 1.651733 10.800000
v 0.574578 1.709689 10.696077
v 0.605637 1.825600 10.696077
v 0.621166 1.883555 10.800000
v 0.000000 1.950000 10.800000
v 0.000000 1.890000 10.903923
v 0.000000 1.770000 10.903923
v 0.000000 1.710000 10.800000
v 0.000000 1.770000 10.696077
v 0.000000 1.890000 10.696077
v 0.000000 1.950000 10.800000
v -0.621166 1.883555 10.800000
v -0.605637 1.825600 10.903923
v -0.574578 1.709689 10.903923
v -0.559049 1.651733 10.800000
v -0.574578 1.709689 10.696077
v -0.605637 1.825600 10.696077
v -0.621166 1.883555 10.800000
v -1.200000 1.688750 10.800000
v -1.170000 1.636788 10.903923
v -1.110000 1.532865 10.903923
v -1.080000 1.480903 10.800000
v -1.110000 1.532865 10.696077
v -1.170000 1.636788 10.696077
v -1.200000 1.688750 10.800000
v -1.697056 1.378858 10.800000
v -1.654630 1.336432 10.903923
v -1.569777 1.251579 10.903923
v -1.527351 1.209153 10.800000
v -1.569777 1.251579 10.696077
v -1.654630 1.336432 10.696077
v -1.697056 1.378858 10.800000
v -2.078461 0.975000 10.800000
v -2.026499 0.945000 10.903923
v -1.922576 0.885000 10.903923
v -1.870615 0.855000 10.800000
v -1.922576 0.885000 10.696077
v -2.026499 0.945000 10.696077
v -2.078461 0.975000 10.800000
v -2.318222 0.504697 10.800000
v -2.260266 0.489168 10.903923
v -2.144355 0.458110 10.903923
v -2.086400 0.442581 10.800000
v -2.144355 0.458110 10.696077
v -2.260266 0.489168 10.696077
v -2.318222 0.504697 10.800000
v -2.400000 0.000000 10.800000
v -2.340000 0.000000 10.903923
v -2.220000 0.000000 10.903923
v -2.160000 0.000000 10.800000
v -2.220000 0.000000 10.696077
v -2.340000 0.000000 10.696077
v -2.400000 0.000000 10.800000
v -2.318222 -0.504697 10.800000
v -2.260266 -0.489168 10.903923
v -2.144355 -0.458110 10.903923
v -2.086400 -0.442581 10.800000
v -2.144355 -0.458110 10.696077
v -2.260266 -0.489168 10.696077
v -2.318222 -0.504697 10.800000
v -2.078461 -0.975000 10.800000
v -2.026499 -0.945000 10.903923
v -1.922576 -0.885000 10.903923
v -1.870615 -0.855000 10.800000
v -1.922576 -0.885000 10.696077
v -2.026499 -0.945000 10.696077
v -2.078461 -0.975000 10.800000
v -1.697056 -1.378858 10.800000
v -1.654630 -1.336432 10.903923
v -1.569777 -1.251579 10.903923
v -1.527351 -1.209153 10.800000
v -1.569777 -1.251579 10.696077
v -1.654630 -1.336432 10.696077
v -1.697056 -1.378858 10.800000
v -1.200000 -1.688750 10.800000
v -1.170000 -1.636788 10.903923
v -1.110000 -1.532865 10.903923
v -1.080000 -1.480903 10.800000
v -1.110000 -1.532865 10.696077
v -1.170000 -1.636788 10.696077
v -1.200000 -1.688750 10.800000
v -0.621166 -1.883555 10.800000
v -0.605637 -1.825600 10.903923
v -0.574578 -1.709689 10.903923
v -0.559049 -1.651733 10.800000
v -0.574578 -1.709689 10.696077
v -0.605637 -1.825600 10.696077
v -0.621166 -1.883555 10.800000
v -0.000000 -1.950000 10.800000
v -0.000000 -1.890000 10.903923
v -0.000000 -1.770000 10.903923
v -0.000000 -1.710000 10.800000
v -0.000000 -1.770000 10.696077
v -0.000000 -1.890000 10.696077
v -0.000000 -1.950000 10.800000
v 0.621166 -1.883555 10.800000
v 0.605637 -1.825600 10.903923
v 0.574578 -1.709689 10.903923
v 0.559049 -1.651733 10.800000
v 0.574578 -1.709689 10.696077
v 0.605637 -1.825600 10.696077
v 0.621166 -1.883555 10.800000
v 1.200000 -1.688750 10.800000
v 1.170000 -1.636788 10.903923
v 1.110000 -1.532865 10.903923
v 1.080000 -1.480903 10.800000
v 1.110000 -1.532865 10.696077
v 1.170000 -1.636788 10.696077
v 1.200000 -1.688750 10.800000
v 1.697056 -1.378858 10.800000
v 1.654630 -1.336432 10.903923
v 1.569777 -1.251579 10.903923
v 1.527351 -1.209153 10.800000
v 1.569777 -1.251579 10.696077
v 1.654630 -1.336432 10.696077
v 1.697056 -1.378858 10.800000
v 2.078461 -0.975000 10.800000
v 2.026499 -0.945000 10.903923
v 1.922576 -0.885000 10.903923
v 1.870615 -0.855000 10.800000
v 1.922576 -0.885000 10.696077
v 2.026499 -0.945000 10.696077
v 2.078461 -0.975000 10.800000
v 2.318222 -0.504697 10.800000
v 2.260266 -0.489168 10.903923
v 2.144355 -0.458110 10.903923
v 2.086400 -0.442581 10.800000
v 2.144355 -0.458110 10.696077
v 2.260266 -0.489168 10.696077
v 2.318222 -0.504697 10.800000
v 2.400000 -0.000000 10.800000
v 2.340000 -0.000000 10.903923
v 2.220000 -0.000000 10.903923
v 2.160000 -0.000000 10.800000
v 2.220000 -0.000000 10.696077
v 2.340000 -0.000000 10.696077
v 2.400000 -0.000000 10.800000
v 1.240000 -1.820000 6.250000
v 1.180000 -1.716077 6.250000
v 1.060000 -1.716077 6.250000
v 1.000000 -1.820000 6.250000
v 1.060000 -1.923923 6.250000
v 1.180000 -1.923923 6.250000
v 1.240000 -1.820000 6.250000
v 1.197748 -1.820000 6.570936
v 1.139792 -1.716077 6.555406
v 1.023881 -1.716077 6.524348
v 0.965926 -1.820000 6.508819
v 1.023881 -1.923923 6.524348
v 1.139792 -1.923923 6.555406
v 1.197748 -1.820000 6.570936
v 1.073872 -1.820000 6.870000
v 1.021910 -1.716077 6.840000
v 0.917987 -1.716077 6.780000
v 0.866025 -1.820000 6.750000
v 0.917987 -1.923923 6.780000
v 1.021910 -1.923923 6.840000
v 1.073872 -1.820000 6.870000
v 0.876812 -1.820000 7.126812
v 0.834386 -1.716077 7.084386
v 0.749533 -1.716077 6.999533
v 0.707107 -1.820000 6.957107
v 0.749533 -1.923923 6.999533
v 0.834386 -1.923923 7.084386
v 0.876812 -1.820000 7.126812
v 0.620000 -1.820000 7.323872
v 0.590000 -1.716077 7.271910
v 0.530000 -1.716077 7.167987
v 0.500000 -1.820000 7.116025
v 0.530000 -1.923923 7.167987
v 0.590000 -1.923923 7.271910
v 0.620000 -1.820000 7.323872
v 0.320936 -1.820000 7.447748
v 0.305406 -1.716077 7.389792
v 0.274348 -1.716077 7.273881
v 0.258819 -1.820000 7.215926
v 0.274348 -1.923923 7.273881
v 0.305406 -1.923923 7.389792
v 0.320936 -1.820000 7.447748
v 0.000000 -1.820000 7.490000
v 0.000000 -1.716077 7.430000
v 0.000000 -1.716077 7.310000
v 0.000000 -1.820000 7.250000
v 0.000000 -1.923923 7.310000
v 0.000000 -1.923923 7.430000
v 0.000000 -1.820000 7.490000
v -0.320936 -1.820000 7.447748
v -0.305406 -1.716077 7.389792
v -0.274348 -1.716077 7.273881
v -0.258819 -1.820000 7.215926
v -0.274348 -1.923923 7.273881
v -0.305406 -1.923923 7.389792
v -0.320936 -1.820000 7.447748
v -0.620000 -1.820000 7.323872
v -0.590000 -1.716077 7.271910
v -0.530000 -1.716077 7.167987
v -0.500000 -1.820000 7.116025
v -0.530000 -1.923923 7.167987
v -0.590000 -1.923923 7.271910
v -0.620000 -1.820000 7.323872
v -0.876812 -1.820000 7.126812
v -0.834386 -1.716077 7.084386
v -0.749533 -1.716077 6.999533
v -0.707107 -1.820000 6.957107
v -0.749533 -1.923923 6.999533
v -0.834386 -1.923923 7.084386
v -0.876812 -1.820000 7.126812
v -1.073872 -1.820000 6.870000
v -1.021910 -1.716077 6.840000
v -0.917987 -1.716077 6.780000
v -0.866025 -1.820000 6.750000
v -0.917987 -1.923923 6.780000
v -1.021910 -1.923923 6.840000
v -1.073872 -1.820000 6.870000
v -1.197748 -1.820000 6.570936
v -1.139792 -1.716077 6.555406
v -1.023881 -1.716077 6.524348
v -0.965926 -1.820000 6.508819
v -1.023881 -1.923923 6.524348
v -1.139792 -1.923923 6.555406
v -1.197748 -1.820000 6.570936
v -1.240000 -1.820000 6.250000
v -1.180000 -1.716077 6.250000
v -1.060000 -1.716077 6.250000
v -1.000000 -1.820000 6.250000
v -1.060000 -1.923923 6.250000
v -1.180000 -1.923923 6.250000
v -1.240000 -1.820000 6.250000
v -1.197748 -1.820000 5.929064
v -1.139792 -1.716077 5.944594
v -1.023881 -1.716077 5.975652
v -0.965926 -1.820000 5.991181
v -1.023881 -1.923923 5.975652
v -1.139792 -1.923923 5.944594
v -1.197748 -1.820000 5.929064
v -1.073872 -1.820000 5.630000
v -1.021910 -1.716077 5.660000
v -0.917987 -1.716077 5.720000
v -0.866025 -1.820000 5.750000
v -0.917987 -1.923923 5.720000
v -1.021910 -1.923923 5.660000
v -1.073872 -1.820000 5.630000
v -0.876812 -1.820000 5.373188
v -0.834386 -1.716077 5.415614
v -0.749533 -1.716077 5.500467
v -0.707107 -1.820000 5.542893
v -0.749533 -1.923923 5.500467
v -0.834386 -1.923923 5.415614
v -0.876812 -1.820000 5.373188
v -0.620000 -1.820000 5.176128
v -0.590000 -1.716077 5.228090
v -0.530000 -1.716077 5.332013
v -0.500000 -1.820000 5.383975
v -0.530000 -1.923923 5.332013
v -0.590000 -1.923923 5.228090
v -0.620000 -1.820000 5.176128
v -0.320936 -1.820000 5.052252
v -0.305406 -1.716077 5.110208
v -0.274348 -1.716077 5.226119
v -0.258819 -1.820000 5.284074
v -0.274348 -1.923923 5.226119
v -0.305406 -1.923923 5.110208
v -0.320936 -1.820000 5.052252
v -0.000000 -1.820000 5.010000
v -0.000000 -1.716077 5.070000
v -0.000000 -1.716077 5.190000
v -0.000000 -1.820000 5.250000
v -0.000000 -1.923923 5.190000
v -0.000000 -1.923923 5.070000
v -0.000000 -1.820000 5.010000
v 0.320936 -1.820000 5.052252
v 0.305406 -1.716077 5.110208
v 0.274348 -1.716077 5.226119
v 0.258819 -1.820000 5.284074
v 0.274348 -1.923923 5.226119
v 0.305406 -1.923923 5.110208
v 0.320936 -1.820000 5.052252
v 0.620000 -1.820000 5.176128
v 0.590000 -1.716077 5.228090
v 0.530000 -1.716077 5.332013
v 0.500000 -1.820000 5.383975
v 0.530000 -1.923923 5.332013
v 0.590000 -1.923923 5.228090
v 0.620000 -1.820000 5.176128
v 0.876812 -1.820000 5.373188
v 0.834386 -1.716077 5.415614
v 0.749533 -1.716077 5.500467
v 0.707107 -1.820000 5.542893
v 0.749533 -1.923923 5.500467
v 0.834386 -1.923923 5.415614
v 0.876812 -1.820000 5.373188
v 1.073872 -1.820000 5.630000
v 1.021910 -1.716077 5.660000
v 0.917987 -1.716077 5.720000
v 0.866025 -1.820000 5.750000
v 0.917987 -1.923923 5.720000
v 1.021910 -1.923923 5.660000
v 1.073872 -1.820000 5.630000
v 1.197748 -1.820000 5.929064
v 1.139792 -1.716077 5.944594
v 1.023881 -1.716077 5.975652
v 0.965926 -1.820000 5.991181
v 1.023881 -1.923923 5.975652
v 1.139792 -1.923923 5.944594
v 1.197748 -1.820000 5.929064
v 1.240000 -1.820000 6.250000
v 1.180000 -1.716077 6.250000
v 1.060000 -1.716077 6.250000
v 1.000000 -1.820000 6.250000
v 1.060000 -1.923923 6.250000
v 1.180000 -1.923923 6.250000
v 1.240000 -1.820000 6.250000
v 0.660000 -1.960000 9.050000
v 0.610000 -1.873397 9.050000
v 0.510000 -1.873397 9.050000
v 0.460000 -1.960000 9.050000
v 0.510000 -2.046603 9.050000
v 0.610000 -2.046603 9.050000
v 0.660000 -1.960000 9.050000
v 0.627697 -1.960000 9.253951
v 0.580144 -1.873397 9.238500
v 0.485039 -1.873397 9.207599
v 0.437486 -1.960000 9.192148
v 0.485039 -2.046603 9.207599
v 0.580144 -2.046603 9.238500
v 0.627697 -1.960000 9.253951
v 0.533951 -1.960000 9.437938
v 0.493500 -1.873397 9.408549
v 0.412599 -1.873397 9.349770
v 0.372148 -1.960000 9.320381
v 0.412599 -2.046603 9.349770
v 0.493500 -2.046603 9.408549
v 0.533951 -1.960000 9.437938
v 0.387938 -1.960000 9.583951
v 0.358549 -1.873397 9.543500
v 0.299770 -1.873397 9.462599
v 0.270381 -1.960000 9.422148
v 0.299770 -2.046603 9.462599
v 0.358549 -2.046603 9.543500
v 0.387938 -1.960000 9.583951
v 0.203951 -1.960000 9.677697
v 0.188500 -1.873397 9.630144
v 0.157599 -1.873397 9.535039
v 0.142148 -1.960000 9.487486
v 0.157599 -2.046603 9.535039
v 0.188500 -2.046603 9.630144
v 0.203951 -1.960000 9.677697
v 0.000000 -1.960000 9.710000
v 0.000000 -1.873397 9.660000
v 0.000000 -1.873397 9.560000
v 0.000000 -1.960000 9.510000
v 0.000000 -2.046603 9.560000
v 0.000000 -2.046603 9.660000
v 0.000000 -1.960000 9.710000
v -0.203951 -1.960000 9.677697
v -0.188500 -1.873397 9.630144
v -0.157599 -1.873397 9.535039
v -0.142148 -1.960000 9.487486
v -0.157599 -2.046603 9.535039
v -0.188500 -2.046603 9.630144
v -0.203951 -1.960000 9.677697
v -0.387938 -1.960000 9.583951
v -0.358549 -1.873397 9.543500
v -0.299770 -1.873397 9.462599
v -0.270381 -1.960000 9.422148
v -0.299770 -2.046603 9.462599
v -0.358549 -2.046603 9.543500
v -0.387938 -1.960000 9.583951
v -0.533951 -1.960000 9.437938
v -0.493500 -1.873397 9.408549
v -0.412599 -1.873397 9.349770
v -0.372148 -1.960000 9.320381
v -0.412599 -2.046603 9.349770
v -0.493500 -2.046603 9.408549
v -0.533951 -1.960000 9.437938
v -0.627697 -1.960000 9.253951
v -0.580144 -1.873397 9.238500
v -0.485039 -1.873397 9.207599
v -0.437486 -1.960000 9.192148
v -0.485039 -2.046603 9.207599
v -0.580144 -2.046603 9.238500
v -0.627697 -1.960000 9.253951
v -0.660000 -1.960000 9.050000
v -0.610000 -1.873397 9.050000
v -0.510000 -1.873397 9.050000
v -0.460000 -1.960000 9.050000
v -0.510000 -2.046603 9.050000
v -0.610000 -2.046603 9.050000
v -0.660000 -1.960000 9.050000
v -0.627697 -1.960000 8.846049
v -0.580144 -1.873397 8.861500
v -0.485039 -1.873397 8.892401
v -0.437486 -1.960000 8.907852
v -0.485039 -2.046603 8.892401
v -0.580144 -2.046603 8.861500
v -0.627697 -1.960000 8.846049
v -0.533951 -1.960000 8.662062
v -0.493500 -1.873397 8.691451
v -0.412599 -1.873397 8.750230
v -0.372148 -1.960000 8.779619
v -0.412599 -2.046603 8.750230
v -0.493500 -2.046603 8.691451
v -0.533951 -1.960000 8.662062
v -0.387938 -1.960000 8.516049
v -0.358549 -1.873397 8.556500
v -0.299770 -1.873397 8.637401
v -0.270381 -1.960000 8.677852
v -0.299770 -2.046603 8.637401
v -0.358549 -2.046603 8.556500
v -0.387938 -1.960000 8.516049
v -0.203951 -1.960000 8.422303
v -0.188500 -1.873397 8.469856
v -0.157599 -1.873397 8.564961
v -0.142148 -1.960000 8.612514
v -0.157599 -2.046603 8.564961
v -0.188500 -2.046603 8.469856
v -0.203951 -1.960000 8.422303
v -0.000000 -1.960000 8.390000
v -0.000000 -1.873397 8.440000
v -0.000000 -1.873397 8.540000
v -0.000000 -1.960000 8.590000
v -0.000000 -2.046603 8.540000
v -0.000000 -2.046603 8.440000
v -0.000000 -1.960000 8.390000
v 0.203951 -1.960000 8.422303
v 0.188500 -1.873397 8.469856
v 0.157599 -1.873397 8.564961
v 0.142148 -1.960000 8.612514
v 0.157599 -2.046603 8.564961
v 0.188500 -2.046603 8.469856
v 0.203951 -1.960000 8.422303
v 0.387938 -1.960000 8.516049
v 0.358549 -1.873397 8.556500
v 0.299770 -1.873397 8.637401
v 0.270381 -1.960000 8.677852
v 0.299770 -2.046603 8.637401
v 0.358549 -2.046603 8.556500
v 0.387938 -1.960000 8.516049
v 0.533951 -1.960000 8.662062
v 0.493500 -1.873397 8.691451
v 0.412599 -1.873397 8.750230
v 0.372148 -1.960000 8.779619
v 0.412599 -2.046603 8.750230
v 0.493500 -2.046603 8.691451
v 0.533951 -1.960000 8.662062
v 0.627697 -1.960000 8.846049
v 0.580144 -1.873397 8.861500
v 0.485039 -1.873397 8.892401
v 0.437486 -1.960000 8.907852
v 0.485039 -2.046603 8.892401
v 0.580144 -2.046603 8.861500
v 0.627697 -1.960000 8.846049
v 0.660000 -1.960000 9.050000
v 0.610000 -1.873397 9.050000
v 0.510000 -1.873397 9.050000
v 0.460000 -1.960000 9.050000
v 0.510000 -2.046603 9.050000
v 0.610000 -2.046603 9.050000
v 0.660000 -1.960000 9.050000
v -0.760000 -1.730000 5.050000
v -0.805000 -1.652058 5.050000
v -0.895000 -1.652058 5.050000
v -0.940000 -1.730000 5.050000
v -0.895000 -1.807942 5.050000
v -0.805000 -1.807942 5.050000
v -0.760000 -1.730000 5.050000
v -0.788877 -1.730000 5.232320
v -0.831674 -1.652058 5.218414
v -0.917269 -1.652058 5.190603
v -0.960067 -1.730000 5.176697
v -0.917269 -1.807942 5.190603
v -0.831674 -1.807942 5.218414
v -0.788877 -1.730000 5.232320
v -0.872680 -1.730000 5.396793
v -0.909086 -1.652058 5.370343
v -0.981897 -1.652058 5.317442
v -1.018303 -1.730000 5.290992
v -0.981897 -1.807942 5.317442
v -0.909086 -1.807942 5.370343
v -0.872680 -1.730000 5.396793
v -1.003207 -1.730000 5.527320
v -1.029657 -1.652058 5.490914
v -1.082558 -1.652058 5.418103
v -1.109008 -1.730000 5.381697
v -1.082558 -1.807942 5.418103
v -1.029657 -1.807942 5.490914
v -1.003207 -1.730000 5.527320
v -1.167680 -1.730000 5.611123
v -1.181586 -1.652058 5.568326
v -1.209397 -1.652058 5.482731
v -1.223303 -1.730000 5.439933
v -1.209397 -1.807942 5.482731
v -1.181586 -1.807942 5.568326
v -1.167680 -1.730000 5.611123
v -1.350000 -1.730000 5.640000
v -1.350000 -1.652058 5.595000
v -1.350000 -1.652058 5.505000
v -1.350000 -1.730000 5.460000
v -1.350000 -1.807942 5.505000
v -1.350000 -1.807942 5.595000
v -1.350000 -1.730000 5.640000
v -1.532320 -1.730000 5.611123
v -1.518414 -1.652058 5.568326
v -1.490603 -1.652058 5.482731
v -1.476697 -1.730000 5.439933
v -1.490603 -1.807942 5.482731
v -1.518414 -1.807942 5.568326
v -1.532320 -1.730000 5.611123
v -1.696793 -1.730000 5.527320
v -1.670343 -1.652058 5.490914
v -1.617442 -1.652058 5.418103
v -1.590992 -1.730000 5.381697
v -1.617442 -1.807942 5.418103
v -1.670343 -1.807942 5.490914
v -1.696793 -1.730000 5.527320
v -1.827320 -1.730000 5.396793
v -1.790914 -1.652058 5.370343
v -1.718103 -1.652058 5.317442
v -1.681697 -1.730000 5.290992
v -1.718103 -1.807942 5.317442
v -1.790914 -1.807942 5.370343
v -1.827320 -1.730000 5.396793
v -1.911123 -1.730000 5.232320
v -1.868326 -1.652058 5.218414
v -1.782731 -1.652058 5.190603
v -1.739933 -1.730000 5.176697
v -1.782731 -1.807942 5.190603
v -1.868326 -1.807942 5.218414
v -1.911123 -1.730000 5.232320
v -1.940000 -1.730000 5.050000
v -1.895000 -1.652058 5.050000
v -1.805000 -1.652058 5.050000
v -1.760000 -1.730000 5.050000
v -1.805000 -1.807942 5.050000
v -1.895000 -1.807942 5.050000
v -1.940000 -1.730000 5.050000
v -1.911123 -1.730000 4.867680
v -1.868326 -1.652058 4.881586
v -1.782731 -1.652058 4.909397
v -1.739933 -1.730000 4.923303
v -1.782731 -1.807942 4.909397
v -1.868326 -1.807942 4.881586
v -1.911123 -1.730000 4.867680
v -1.827320 -1.730000 4.703207
v -1.790914 -1.652058 4.729657
v -1.718103 -1.652058 4.782558
v -1.681697 -1.730000 4.809008
v -1.718103 -1.807942 4.782558
v -1.790914 -1.807942 4.729657
v -1.827320 -1.730000 4.703207
v -1.696793 -1.730000 4.572680
v -1.670343 -1.652058 4.609086
v -1.617442 -1.652058 4.681897
v -1.590992 -1.730000 4.718303
v -1.617442 -1.807942 4.681897
v -1.670343 -1.807942 4.609086
v -1.696793 -1.730000 4.572680
v -1.532320 -1.730000 4.488877
v -1.518414 -1.652058 4.531674
v -1.490603 -1.652058 4.617269
v -1.476697 -1.730000 4.660067
v -1.490603 -1.807942 4.617269
v -1.518414 -1.807942 4.531674
v -1.532320 -1.730000 4.488877
v -1.350000 -1.730000 4.460000
v -1.350000 -1.652058 4.505000
v -1.350000 -1.652058 4.595000
v -1.350000 -1.730000 4.640000
v -1.350000 -1.807942 4.595000
v -1.350000 -1.807942 4.505000
v -1.350000 -1.730000 4.460000
v -1.167680 -1.730000 4.488877
v -1.181586 -1.652058 4.531674
v -1.209397 -1.652058 4.617269
v -1.223303 -1.730000 4.660067
v -1.209397 -1.807942 4.617269
v -1.181586 -1.807942 4.531674
v -1.167680 -1.730000 4.488877
v -1.003207 -1.730000 4.572680
v -1.029657 -1.652058 4.609086
v -1.082558 -1.652058 4.681897
v -1.109008 -1.730000 4.718303
v -1.082558 -1.807942 4.681897
v -1.029657 -1.807942 4.609086
v -1.003207 -1.730000 4.572680
v -0.872680 -1.730000 4.703207
v -0.909086 -1.652058 4.729657
v -0.981897 -1.652058 4.782558
v -1.018303 -1.730000 4.809008
v -0.981897 -1.807942 4.782558
v -0.909086 -1.807942 4.729657
v -0.872680 -1.730000 4.703207
v -0.788877 -1.730000 4.867680
v -0.831674 -1.652058 4.881586
v -0.917269 -1.652058 4.909397
v -0.960067 -1.730000 4.923303
v -0.917269 -1.807942 4.909397
v -0.831674 -1.807942 4.881586
v -0.788877 -1.730000 4.867680
v -0.760000 -1.730000 5.050000
v -0.805000 -1.652058 5.050000
v -0.895000 -1.652058 5.050000
v -0.940000 -1.730000 5.050000
v -0.895000 -1.807942 5.050000
v -0.805000 -1.807942 5.050000
v -0.760000 -1.730000 5.050000
v 1.940000 -1.730000 5.050000
v 1.895000 -1.652058 5.050000
v 1.805000 -1.652058 5.050000
v 1.760000 -1.730000 5.050000
v 1.805000 -1.807942 5.050000
v 1.895000 -1.807942 5.050000
v 1.940000 -1.730000 5.050000
v 1.911123 -1.730000 5.232320
v 1.868326 -1.652058 5.218414
v 1.782731 -1.652058 5.190603
v 1.739933 -1.730000 5.176697
v 1.782731 -1.807942 5.190603
v 1.868326 -1.807942 5.218414
v 1.911123 -1.730000 5.232320
v 1.827320 -1.730000 5.396793
v 1.790914 -1.652058 5.370343
v 1.718103 -1.652058 5.317442
v 1.681697 -1.730000 5.290992
v 1.718103 -1.807942 5.317442
v 1.790914 -1.807942 5.370343
v 1.827320 -1.730000 5.396793
v 1.696793 -1.730000 5.527320
v 1.670343 -1.652058 5.490914
v 1.617442 -1.652058 5.418103
v 1.590992 -1.730000 5.381697
v 1.617442 -1.807942 5.418103
v 1.670343 -1.807942 5.490914
v 1.696793 -1.730000 5.527320
v 1.532320 -1.730000 5.611123
v 1.518414 -1.652058 5.568326
v 1.490603 -1.652058 5.482731
v 1.476697 -1.730000 5.439933
v 1.490603 -1.807942 5.482731
v 1.518414 -1.807942 5.568326
v 1.532320 -1.730000 5.611123
v 1.350000 -1.730000 5.640000
v 1.350000 -1.652058 5.595000
v 1.350000 -1.652058 5.505000
v 1.350000 -1.730000 5.460000
v 1.350000 -1.807942 5.505000
v 1.350000 -1.807942 5.595000
v 1.350000 -1.730000 5.640000
v 1.167680 -1.730000 5.611123
v 1.181586 -1.652058 5.568326
v 1.209397 -1.652058 5.482731
v 1.223303 -1.730000 5.439933
v 1.209397 -1.807942 5.482731
v 1.181586 -1.807942 5.568326
v 1.167680 -1.730000 5.611123
v 1.003207 -1.730000 5.527320
v 1.029657 -1.652058 5.490914
v 1.082558 -1.652058 5.418103
v 1.109008 -1.730000 5.381697
v 1.082558 -1.807942 5.418103
v 1.029657 -1.807942 5.490914
v 1.003207 -1.730000 5.527320
v 0.872680 -1.730000 5.396793
v 0.909086 -1.652058 5.370343
v 0.981897 -1.652058 5.317442
v 1.018303 -1.730000 5.290992
v 0.981897 -1.807942 5.317442
v 0.909086 -1.807942 5.370343
v 0.872680 -1.730000 5.396793
v 0.788877 -1.730000 5.232320
v 0.831674 -1.652058 5.218414
v 0.917269 -1.652058 5.190603
v 0.960067 -1.730000 5.176697
v 0.917269 -1.807942 5.190603
v 0.831674 -1.807942 5.218414
v 0.788877 -1.730000 5.232320
v 0.760000 -1.730000 5.050000
v 0.805000 -1.652058 5.050000
v 0.895000 -1.652058 5.050000
v 0.940000 -1.730000 5.050000
v 0.895000 -1.807942 5.050000
v 0.805000 -1.807942 5.050000
v 0.760000 -1.730000 5.050000
v 0.788877 -1.730000 4.867680
v 0.831674 -1.652058 4.881586
v 0.917269 -1.652058 4.909397
v 0.960067 -1.730000 4.923303
v 0.917269 -1.807942 4.909397
v 0.831674 -1.807942 4.881586
v 0.788877 -1.730000 4.867680
v 0.872680 -1.730000 4.703207
v 0.909086 -1.652058 4.729657
v 0.981897 -1.652058 4.782558
v 1.018303 -1.730000 4.809008
v 0.981897 -1.807942 4.782558
v 0.909086 -1.807942 4.729657
v 0.872680 -1.730000 4.703207
v 1.003207 -1.730000 4.572680
v 1.029657 -1.652058 4.609086
v 1.082558 -1.652058 4.681897
v 1.109008 -1.730000 4.718303
v 1.082558 -1.807942 4.681897
v 1.029657 -1.807942 4.609086
v 1.003207 -1.730000 4.572680
v 1.167680 -1.730000 4.488877
v 1.181586 -1.652058 4.531674
v 1.209397 -1.652058 4.617269
v 1.223303 -1.730000 4.660067
v 1.209397 -1.807942 4.617269
v 1.181586 -1.807942 4.531674
v 1.167680 -1.730000 4.488877
v 1.350000 -1.730000 4.460000
v 1.350000 -1.652058 4.505000
v 1.350000 -1.652058 4.595000
v 1.350000 -1.730000 4.640000
v 1.350000 -1.807942 4.595000
v 1.350000 -1.807942 4.505000
v 1.350000 -1.730000 4.460000
v 1.532320 -1.730000 4.488877
v 1.518414 -1.652058 4.531674
v 1.490603 -1.652058 4.617269
v 1.476697 -1.730000 4.660067
v 1.490603 -1.807942 4.617269
v 1.518414 -1.807942 4.531674
v 1.532320 -1.730000 4.488877
v 1.696793 -1.730000 4.572680
v 1.670343 -1.652058 4.609086
v 1.617442 -1.652058 4.681897
v 1.590992 -1.730000 4.718303
v 1.617442 -1.807942 4.681897
v 1.670343 -1.807942 4.609086
v 1.696793 -1.730000 4.572680
v 1.827320 -1.730000 4.703207
v 1.790914 -1.652058 4.729657
v 1.718103 -1.652058 4.782558
v 1.681697 -1.730000 4.809008
v 1.718103 -1.807942 4.782558
v 1.790914 -1.807942 4.729657
v 1.827320 -1.730000 4.703207
v 1.911123 -1.730000 4.867680
v 1.868326 -1.652058 4.881586
v 1.782731 -1.652058 4.909397
v 1.739933 -1.730000 4.923303
v 1.782731 -1.807942 4.909397
v 1.868326 -1.807942 4.881586
v 1.911123 -1.730000 4.867680
v 1.940000 -1.730000 5.050000
v 1.895000 -1.652058 5.050000
v 1.805000 -1.652058 5.050000
v 1.760000 -1.730000 5.050000
v 1.805000 -1.807942 5.050000
v 1.895000 -1.807942 5.050000
v 1.940000 -1.730000 5.050000
v 0.000000 -1.821455 10.727055
v -0.074246 -1.791739 10.719130
v -0.105000 -1.720000 10.700000
v -0.074246 -1.648261 10.680870
v -0.000000 -1.618545 10.672945
v 0.074246 -1.648261 10.680870
v 0.105000 -1.720000 10.700000
v 0.074246 -1.791739 10.719130
v 0.000000 -1.821455 10.727055
v 0.000000 -2.101455 9.677055
v -0.074246 -2.071739 9.669130
v -0.105000 -2.000000 9.650000
v -0.074246 -1.928261 9.630870
v -0.000000 -1.898545 9.622945
v 0.074246 -1.928261 9.630870
v 0.105000 -2.000000 9.650000
v 0.074246 -2.071739 9.669130
v 0.000000 -2.101455 9.677055
v 0.000000 -2.104957 8.502999
v -0.074246 -2.074216 8.502120
v -0.105000 -2.000000 8.500000
v -0.074246 -1.925784 8.497880
v -0.000000 -1.895043 8.497001
v 0.074246 -1.925784 8.497880
v 0.105000 -2.000000 8.500000
v 0.074246 -2.074216 8.502120
v 0.000000 -2.104957 8.502999
v 0.000000 -2.134957 7.452999
v -0.074246 -2.104216 7.452120
v -0.105000 -2.030000 7.450000
v -0.074246 -1.955784 7.447880
v -0.000000 -1.925043 7.447001
v 0.074246 -1.955784 7.447880
v 0.105000 -2.030000 7.450000
v 0.074246 -2.104216 7.452120
v 0.000000 -2.134957 7.452999
v -2.042854 -1.615857 3.550000
v -1.980695 -1.609959 3.499406
v -1.929844 -1.551364 3.478449
v -1.920090 -1.474396 3.499406
v -1.957146 -1.424143 3.550000
v -2.019305 -1.430041 3.600594
v -2.070156 -1.488636 3.621551
v -2.079910 -1.565604 3.600594
v -2.042854 -1.615857 3.550000
v -1.192854 -1.995857 4.550000
v -1.130695 -1.989959 4.499406
v -1.079844 -1.931364 4.478449
v -1.070090 -1.854396 4.499406
v -1.107146 -1.804143 4.550000
v -1.169305 -1.810041 4.600594
v -1.220156 -1.868636 4.621551
v -1.229910 -1.945604 4.600594
v -1.192854 -1.995857 4.550000
v 1.957146 -1.424143 3.550000
v 1.920090 -1.474396 3.499406
v 1.929844 -1.551364 3.478449
v 1.980695 -1.609959 3.499406
v 2.042854 -1.615857 3.550000
v 2.079910 -1.565604 3.600594
v 2.070156 -1.488636 3.621551
v 2.019305 -1.430041 3.600594
v 1.957146 -1.424143 3.550000
v 1.107146 -1.804143 4.550000
v 1.070090 -1.854396 4.499406
v 1.079844 -1.931364 4.478449
v 1.130695 -1.989959 4.499406
v 1.192854 -1.995857 4.550000
v 1.229910 -1.945604 4.600594
v 1.220156 -1.868636 4.621551
v 1.169305 -1.810041 4.600594
v 1.107146 -1.804143 4.550000
v -1.300095 -1.952280 5.750000
v -1.227008 -1.956962 5.716913
v -1.167390 -1.904845 5.703208
v -1.156164 -1.826459 5.716913
v -1.199905 -1.767720 5.750000
v -1.272992 -1.763038 5.783087
v -1.332610 -1.815155 5.796792
v -1.343836 -1.893541 5.783087
v -1.300095 -1.952280 5.750000
v -0.950095 -2.142280 6.550000
v -0.877008 -2.146962 6.516913
v -0.817390 -2.094845 6.503208
v -0.806164 -2.016459 6.516913
v -0.849905 -1.957720 6.550000
v -0.922992 -1.953038 6.583087
v -0.982610 -2.005155 6.596792
v -0.993836 -2.083541 6.583087
v -0.950095 -2.142280 6.550000
v 1.199905 -1.767720 5.750000
v 1.156164 -1.826459 5.716913
v 1.167390 -1.904845 5.703208
v 1.227008 -1.956962 5.716913
v 1.300095 -1.952280 5.750000
v 1.343836 -1.893541 5.783087
v 1.332610 -1.815155 5.796792
v 1.272992 -1.763038 5.783087
v 1.199905 -1.767720 5.750000
v 0.849905 -1.957720 6.550000
v 0.806164 -2.016459 6.516913
v 0.817390 -2.094845 6.503208
v 0.877008 -2.146962 6.516913
v 0.950095 -2.142280 6.550000
v 0.993836 -2.083541 6.583087
v 0.982610 -2.005155 6.596792
v 0.922992 -1.953038 6.583087
v 0.849905 -1.957720 6.550000
v -1.885700 -1.548745 9.600000
v -1.841946 -1.531861 9.534740
v -1.802910 -1.467025 9.507709
v -1.791459 -1.392215 9.534740
v -1.814300 -1.351255 9.600000
v -1.858054 -1.368139 9.665260
v -1.897090 -1.432975 9.692291
v -1.908541 -1.507785 9.665260
v -1.885700 -1.548745 9.600000
v -0.585700 -2.018745 10.350000
v -0.541946 -2.001861 10.284740
v -0.502910 -1.937025 10.257709
v -0.491459 -1.862215 10.284740
v -0.514300 -1.821255 10.350000
v -0.558054 -1.838139 10.415260
v -0.597090 -1.902975 10.442291
v -0.608541 -1.977785 10.415260
v -0.585700 -2.018745 10.350000
v 1.814300 -1.351255 9.600000
v 1.791459 -1.392215 9.534740
v 1.802910 -1.467025 9.507709
v 1.841946 -1.531861 9.534740
v 1.885700 -1.548745 9.600000
v 1.908541 -1.507785 9.665260
v 1.897090 -1.432975 9.692291
v 1.858054 -1.368139 9.665260
v 1.814300 -1.351255 9.600000
v 0.514300 -1.821255 10.350000
v 0.491459 -1.862215 10.284740
v 0.502910 -1.937025 10.257709
v 0.541946 -2.001861 10.284740
v 0.585700 -2.018745 10.350000
v 0.608541 -1.977785 10.415260
v 0.597090 -1.902975 10.442291
v 0.558054 -1.838139 10.415260
v 0.514300 -1.821255 10.350000
v -1.917968 -1.553451 3.000000
v -1.962619 -1.514482 2.945724
v -1.970589 -1.437740 2.923242
v -1.937209 -1.368180 2.945724
v -1.882032 -1.346549 3.000000
v -1.837381 -1.385518 3.054276
v -1.829411 -1.462260 3.076758
v -1.862791 -1.531820 3.054276
v -1.917968 -1.553451 3.000000
v -0.017968 -1.883451 1.200000
v -0.062619 -1.844482 1.145724
v -0.070589 -1.767740 1.123242
v -0.037209 -1.698180 1.145724
v 0.017968 -1.676549 1.200000
v 0.062619 -1.715518 1.254276
v 0.070589 -1.792260 1.276758
v 0.037209 -1.861820 1.254276
v -0.017968 -1.883451 1.200000
v 1.882032 -1.346549 3.000000
v 1.937209 -1.368180 2.945724
v 1.970589 -1.437740 2.923242
v 1.962619 -1.514482 2.945724
v 1.917968 -1.553451 3.000000
v 1.862791 -1.531820 3.054276
v 1.829411 -1.462260 3.076758
v 1.837381 -1.385518 3.054276
v 1.882032 -1.346549 3.000000
v -0.017968 -1.676549 1.200000
v 0.037209 -1.698180 1.145724
v 0.070589 -1.767740 1.123242
v 0.062619 -1.844482 1.145724
v 0.017968 -1.883451 1.200000
v -0.037209 -1.861820 1.254276
v -0.070589 -1.792260 1.276758
v -0.062619 -1.715518 1.254276
v -0.017968 -1.676549 1.200000
v 0.000000 -2.130000 5.350000
v 0.000000 -2.130000 5.350000
v 0.000000 -2.130000 5.350000
v 0.000000 -2.130000 5.350000
v -0.000000 -2.130000 5.350000
v -0.000000 -2.130000 5.350000
v -0.000000 -2.130000 5.350000
v -0.000000 -2.130000 5.350000
v -0.000000 -2.130000 5.350000
v -0.000000 -2.130000 5.350000
v 0.000000 -2.130000 5.350000
v 0.000000 -2.130000 5.350000
v 0.000000 -2.130000 5.350000
v 0.450000 -2.130000 5.470577
v 0.389711 -2.035000 5.470577
v 0.225000 -1.965455 5.470577
v 0.000000 -1.940000 5.470577
v -0.225000 -1.965455 5.470577
v -0.389711 -2.035000 5.470577
v -0.450000 -2.130000 5.470577
v -0.389711 -2.225000 5.470577
v -0.225000 -2.294545 5.470577
v -0.000000 -2.320000 5.470577
v 0.225000 -2.294545 5.470577
v 0.389711 -2.225000 5.470577
v 0.450000 -2.130000 5.470577
v 0.779423 -2.130000 5.800000
v 0.675000 -1.965455 5.800000
v 0.389711 -1.845000 5.800000
v 0.000000 -1.800910 5.800000
v -0.389711 -1.845000 5.800000
v -0.675000 -1.965455 5.800000
v -0.779423 -2.130000 5.800000
v -0.675000 -2.294545 5.800000
v -0.389711 -2.415000 5.800000
v -0.000000 -2.459090 5.800000
v 0.389711 -2.415000 5.800000
v 0.675000 -2.294545 5.800000
v 0.779423 -2.130000 5.800000
v 0.900000 -2.130000 6.250000
v 0.779423 -1.940000 6.250000
v 0.450000 -1.800910 6.250000
v 0.000000 -1.750000 6.250000
v -0.450000 -1.800910 6.250000
v -0.779423 -1.940000 6.250000
v -0.900000 -2.130000 6.250000
v -0.779423 -2.320000 6.250000
v -0.450000 -2.459090 6.250000
v -0.000000 -2.510000 6.250000
v 0.450000 -2.459090 6.250000
v 0.779423 -2.320000 6.250000
v 0.900000 -2.130000 6.250000
v 0.779423 -2.130000 6.700000
v 0.675000 -1.965455 6.700000
v 0.389711 -1.845000 6.700000
v 0.000000 -1.800910 6.700000
v -0.389711 -1.845000 6.700000
v -0.675000 -1.965455 6.700000
v -0.779423 -2.130000 6.700000
v -0.675000 -2.294545 6.700000
v -0.389711 -2.415000 6.700000
v -0.000000 -2.459090 6.700000
v 0.389711 -2.415000 6.700000
v 0.675000 -2.294545 6.700000
v 0.779423 -2.130000 6.700000
v 0.450000 -2.130000 7.029423
v 0.389711 -2.035000 7.029423
v 0.225000 -1.965455 7.029423
v 0.000000 -1.940000 7.029423
v -0.225000 -1.965455 7.029423
v -0.389711 -2.035000 7.029423
v -0.450000 -2.130000 7.029423
v -0.389711 -2.225000 7.029423
v -0.225000 -2.294545 7.029423
v -0.000000 -2.320000 7.029423
v 0.225000 -2.294545 7.029423
v 0.389711 -2.225000 7.029423
v 0.450000 -2.130000 7.029423
v 0.000000 -2.130000 7.150000
v 0.000000 -2.130000 7.150000
v 0.000000 -2.130000 7.150000
v 0.000000 -2.130000 7.150000
v -0.000000 -2.130000 7.150000
v -0.000000 -2.130000 7.150000
v -0.000000 -2.130000 7.150000
v -0.000000 -2.130000 7.150000
v -0.000000 -2.130000 7.150000
v -0.000000 -2.130000 7.150000
v 0.000000 -2.130000 7.150000
v 0.000000 -2.130000 7.150000
v 0.000000 -2.130000 7.150000
v 0.000000 -2.180000 8.630000
v 0.000000 -2.180000 8.630000
v 0.000000 -2.180000 8.630000
v -0.000000 -2.180000 8.630000
v -0.000000 -2.180000 8.630000
v -0.000000 -2.180000 8.630000
v -0.000000 -2.180000 8.630000
v -0.000000 -2.180000 8.630000
v 0.000000 -2.180000 8.630000
v 0.000000 -2.180000 8.630000
v 0.000000 -2.180000 8.630000
v 0.246870 -2.180000 8.710213
v 0.199722 -2.090172 8.710213
v 0.076287 -2.034656 8.710213
v -0.076287 -2.034656 8.710213
v -0.199722 -2.090172 8.710213
v -0.246870 -2.180000 8.710213
v -0.199722 -2.269828 8.710213
v -0.076287 -2.325344 8.710213
v 0.076287 -2.325344 8.710213
v 0.199722 -2.269828 8.710213
v 0.246870 -2.180000 8.710213
v 0.399444 -2.180000 8.920213
v 0.323157 -2.034656 8.920213
v 0.123435 -1.944828 8.920213
v -0.123435 -1.944828 8.920213
v -0.323157 -2.034656 8.920213
v -0.399444 -2.180000 8.920213
v -0.323157 -2.325344 8.920213
v -0.123435 -2.415172 8.920213
v 0.123435 -2.415172 8.920213
v 0.323157 -2.325344 8.920213
v 0.399444 -2.180000 8.920213
v 0.399444 -2.180000 9.179787
v 0.323157 -2.034656 9.179787
v 0.123435 -1.944828 9.179787
v -0.123435 -1.944828 9.179787
v -0.323157 -2.034656 9.179787
v -0.399444 -2.180000 9.179787
v -0.323157 -2.325344 9.179787
v -0.123435 -2.415172 9.179787
v 0.123435 -2.415172 9.179787
v 0.323157 -2.325344 9.179787
v 0.399444 -2.180000 9.179787
v 0.246870 -2.180000 9.389787
v 0.199722 -2.090172 9.389787
v 0.076287 -2.034656 9.389787
v -0.076287 -2.034656 9.389787
v -0.199722 -2.090172 9.389787
v -0.246870 -2.180000 9.389787
v -0.199722 -2.269828 9.389787
v -0.076287 -2.325344 9.389787
v 0.076287 -2.325344 9.389787
v 0.199722 -2.269828 9.389787
v 0.246870 -2.180000 9.389787
v 0.000000 -2.180000 9.470000
v 0.000000 -2.180000 9.470000
v 0.000000 -2.180000 9.470000
v -0.000000 -2.180000 9.470000
v -0.000000 -2.180000 9.470000
v -0.000000 -2.180000 9.470000
v -0.000000 -2.180000 9.470000
v -0.000000 -2.180000 9.470000
v 0.000000 -2.180000 9.470000
v 0.000000 -2.180000 9.470000
v 0.000000 -2.180000 9.470000
v -1.350000 -1.930000 4.670000
v -1.350000 -1.930000 4.670000
v -1.350000 -1.930000 4.670000
v -1.350000 -1.930000 4.670000
v -1.350000 -1.930000 4.670000
v -1.350000 -1.930000 4.670000
v -1.350000 -1.930000 4.670000
v -1.350000 -1.930000 4.670000
v -1.350000 -1.930000 4.670000
v -1.350000 -1.930000 4.670000
v -1.350000 -1.930000 4.670000
v -1.126642 -1.930000 4.742574
v -1.169299 -1.847082 4.742574
v -1.280978 -1.795836 4.742574
v -1.419022 -1.795836 4.742574
v -1.530701 -1.847082 4.742574
v -1.573358 -1.930000 4.742574
v -1.530701 -2.012918 4.742574
v -1.419022 -2.064164 4.742574
v -1.280978 -2.064164 4.742574
v -1.169299 -2.012918 4.742574
v -1.126642 -1.930000 4.742574
v -0.988599 -1.930000 4.932574
v -1.057620 -1.795836 4.932574
v -1.238321 -1.712918 4.932574
v -1.461679 -1.712918 4.932574
v -1.642380 -1.795836 4.932574
v -1.711401 -1.930000 4.932574
v -1.642380 -2.064164 4.932574
v -1.461679 -2.147082 4.932574
v -1.238321 -2.147082 4.932574
v -1.057620 -2.064164 4.932574
v -0.988599 -1.930000 4.932574
v -0.988599 -1.930000 5.167426
v -1.057620 -1.795836 5.167426
v -1.238321 -1.712918 5.167426
v -1.461679 -1.712918 5.167426
v -1.642380 -1.795836 5.167426
v -1.711401 -1.930000 5.167426
v -1.642380 -2.064164 5.167426
v -1.461679 -2.147082 5.167426
v -1.238321 -2.147082 5.167426
v -1.057620 -2.064164 5.167426
v -0.988599 -1.930000 5.167426
v -1.126642 -1.930000 5.357426
v -1.169299 -1.847082 5.357426
v -1.280978 -1.795836 5.357426
v -1.419022 -1.795836 5.357426
v -1.530701 -1.847082 5.357426
v -1.573358 -1.930000 5.357426
v -1.530701 -2.012918 5.357426
v -1.419022 -2.064164 5.357426
v -1.280978 -2.064164 5.357426
v -1.169299 -2.012918 5.357426
v -1.126642 -1.930000 5.357426
v -1.350000 -1.930000 5.430000
v -1.350000 -1.930000 5.430000
v -1.350000 -1.930000 5.430000
v -1.350000 -1.930000 5.430000
v -1.350000 -1.930000 5.430000
v -1.350000 -1.930000 5.430000
v -1.350000 -1.930000 5.430000
v -1.350000 -1.930000 5.430000
v -1.350000 -1.930000 5.430000
v -1.350000 -1.930000 5.430000
v -1.350000 -1.930000 5.430000
v 1.350000 -1.930000 4.670000
v 1.350000 -1.930000 4.670000
v 1.350000 -1.930000 4.670000
v 1.350000 -1.930000 4.670000
v 1.350000 -1.930000 4.670000
v 1.350000 -1.930000 4.670000
v 1.350000 -1.930000 4.670000
v 1.350000 -1.930000 4.670000
v 1.350000 -1.930000 4.670000
v 1.350000 -1.930000 4.670000
v 1.350000 -1.930000 4.670000
v 1.573358 -1.930000 4.742574
v 1.530701 -1.847082 4.742574
v 1.419022 -1.795836 4.742574
v 1.280978 -1.795836 4.742574
v 1.169299 -1.847082 4.742574
v 1.126642 -1.930000 4.742574
v 1.169299 -2.012918 4.742574
v 1.280978 -2.064164 4.742574
v 1.419022 -2.064164 4.742574
v 1.530701 -2.012918 4.742574
v 1.573358 -1.930000 4.742574
v 1.711401 -1.930000 4.932574
v 1.642380 -1.795836 4.932574
v 1.461679 -1.712918 4.932574
v 1.238321 -1.712918 4.932574
v 1.057620 -1.795836 4.932574
v 0.988599 -1.930000 4.932574
v 1.057620 -2.064164 4.932574
v 1.238321 -2.147082 4.932574
v 1.461679 -2.147082 4.932574
v 1.642380 -2.064164 4.932574
v 1.711401 -1.930000 4.932574
v 1.711401 -1.930000 5.167426
v 1.642380 -1.795836 5.167426
v 1.461679 -1.712918 5.167426
v 1.238321 -1.712918 5.167426
v 1.057620 -1.795836 5.167426
v 0.988599 -1.930000 5.167426
v 1.057620 -2.064164 5.167426
v 1.238321 -2.147082 5.167426
v 1.461679 -2.147082 5.167426
v 1.642380 -2.064164 5.167426
v 1.711401 -1.930000 5.167426
v 1.573358 -1.930000 5.357426
v 1.530701 -1.847082 5.357426
v 1.419022 -1.795836 5.357426
v 1.280978 -1.795836 5.357426
v 1.169299 -1.847082 5.357426
v 1.126642 -1.930000 5.357426
v 1.169299 -2.012918 5.357426
v 1.280978 -2.064164 5.357426
v 1.419022 -2.064164 5.357426
v 1.530701 -2.012918 5.357426
v 1.573358 -1.930000 5.357426
v 1.350000 -1.930000 5.430000
v 1.350000 -1.930000 5.430000
v 1.350000 -1.930000 5.430000
v 1.350000 -1.930000 5.430000
v 1.350000 -1.930000 5.430000
v 1.350000 -1.930000 5.430000
v 1.350000 -1.930000 5.430000
v 1.350000 -1.930000 5.430000
v 1.350000 -1.930000 5.430000
v 1.350000 -1.930000 5.430000
v 1.350000 -1.930000 5.430000
v -1.420000 -1.180000 -2.970000
v -1.420000 -1.180000 -2.970000
v -1.420000 -1.180000 -2.970000
v -1.420000 -1.180000 -2.970000
v -1.420000 -1.180000 -2.970000
v -1.420000 -1.180000 -2.970000
v -1.420000 -1.180000 -2.970000
v -1.420000 -1.180000 -2.970000
v -1.420000 -1.180000 -2.970000
v -1.420000 -1.180000 -2.970000
v -1.420000 -1.180000 -2.970000
v -1.220153 -1.180000 -2.889787
v -1.258320 -1.117812 -2.889787
v -1.358244 -1.079377 -2.889787
v -1.481756 -1.079377 -2.889787
v -1.581680 -1.117812 -2.889787
v -1.619847 -1.180000 -2.889787
v -1.581680 -1.242188 -2.889787
v -1.481756 -1.280623 -2.889787
v -1.358244 -1.280623 -2.889787
v -1.258320 -1.242188 -2.889787
v -1.220153 -1.180000 -2.889787
v -1.096641 -1.180000 -2.679787
v -1.158397 -1.079377 -2.679787
v -1.320077 -1.017188 -2.679787
v -1.519923 -1.017188 -2.679787
v -1.681603 -1.079377 -2.679787
v -1.743359 -1.180000 -2.679787
v -1.681603 -1.280623 -2.679787
v -1.519923 -1.342812 -2.679787
v -1.320077 -1.342812 -2.679787
v -1.158397 -1.280623 -2.679787
v -1.096641 -1.180000 -2.679787
v -1.096641 -1.180000 -2.420213
v -1.158397 -1.079377 -2.420213
v -1.320077 -1.017188 -2.420213
v -1.519923 -1.017188 -2.420213
v -1.681603 -1.079377 -2.420213
v -1.743359 -1.180000 -2.420213
v -1.681603 -1.280623 -2.420213
v -1.519923 -1.342812 -2.420213
v -1.320077 -1.342812 -2.420213
v -1.158397 -1.280623 -2.420213
v -1.096641 -1.180000 -2.420213
v -1.220153 -1.180000 -2.210213
v -1.258320 -1.117812 -2.210213
v -1.358244 -1.079377 -2.210213
v -1.481756 -1.079377 -2.210213
v -1.581680 -1.117812 -2.210213
v -1.619847 -1.180000 -2.210213
v -1.581680 -1.242188 -2.210213
v -1.481756 -1.280623 -2.210213
v -1.358244 -1.280623 -2.210213
v -1.258320 -1.242188 -2.210213
v -1.220153 -1.180000 -2.210213
v -1.420000 -1.180000 -2.130000
v -1.420000 -1.180000 -2.130000
v -1.420000 -1.180000 -2.130000
v -1.420000 -1.180000 -2.130000
v -1.420000 -1.180000 -2.130000
v -1.420000 -1.180000 -2.130000
v -1.420000 -1.180000 -2.130000
v -1.420000 -1.180000 -2.130000
v -1.420000 -1.180000 -2.130000
v -1.420000 -1.180000 -2.130000
v -1.420000 -1.180000 -2.130000
v -0.480000 -1.180000 -2.970000
v -0.480000 -1.180000 -2.970000
v -0.480000 -1.180000 -2.970000
v -0.480000 -1.180000 -2.970000
v -0.480000 -1.180000 -2.970000
v -0.480000 -1.180000 -2.970000
v -0.480000 -1.180000 -2.970000
v -0.480000 -1.180000 -2.970000
v -0.480000 -1.180000 -2.970000
v -0.480000 -1.180000 -2.970000
v -0.480000 -1.180000 -2.970000
v -0.280153 -1.180000 -2.889787
v -0.318320 -1.117812 -2.889787
v -0.418244 -1.079377 -2.889787
v -0.541756 -1.079377 -2.889787
v -0.641680 -1.117812 -2.889787
v -0.679847 -1.180000 -2.889787
v -0.641680 -1.242188 -2.889787
v -0.541756 -1.280623 -2.889787
v -0.418244 -1.280623 -2.889787
v -0.318320 -1.242188 -2.889787
v -0.280153 -1.180000 -2.889787
v -0.156641 -1.180000 -2.679787
v -0.218397 -1.079377 -2.679787
v -0.380077 -1.017188 -2.679787
v -0.579923 -1.017188 -2.679787
v -0.741603 -1.079377 -2.679787
v -0.803359 -1.180000 -2.679787
v -0.741603 -1.280623 -2.679787
v -0.579923 -1.342812 -2.679787
v -0.380077 -1.342812 -2.679787
v -0.218397 -1.280623 -2.679787
v -0.156641 -1.180000 -2.679787
v -0.156641 -1.180000 -2.420213
v -0.218397 -1.079377 -2.420213
v -0.380077 -1.017188 -2.420213
v -0.579923 -1.017188 -2.420213
v -0.741603 -1.079377 -2.420213
v -0.803359 -1.180000 -2.420213
v -0.741603 -1.280623 -2.420213
v -0.579923 -1.342812 -2.420213
v -0.380077 -1.342812 -2.420213
v -0.218397 -1.280623 -2.420213
v -0.156641 -1.180000 -2.420213
v -0.280153 -1.180000 -2.210213
v -0.318320 -1.117812 -2.210213
v -0.418244 -1.079377 -2.210213
v -0.541756 -1.079377 -2.210213
v -0.641680 -1.117812 -2.210213
v -0.679847 -1.180000 -2.210213
v -0.641680 -1.242188 -2.210213
v -0.541756 -1.280623 -2.210213
v -0.418244 -1.280623 -2.210213
v -0.318320 -1.242188 -2.210213
v -0.280153 -1.180000 -2.210213
v -0.480000 -1.180000 -2.130000
v -0.480000 -1.180000 -2.130000
v -0.480000 -1.180000 -2.130000
v -0.480000 -1.180000 -2.130000
v -0.480000 -1.180000 -2.130000
v -0.480000 -1.180000 -2.130000
v -0.480000 -1.180000 -2.130000
v -0.480000 -1.180000 -2.130000
v -0.480000 -1.180000 -2.130000
v -0.480000 -1.180000 -2.130000
v -0.480000 -1.180000 -2.130000
v 0.480000 -1.180000 -2.970000
v 0.480000 -1.180000 -2.970000
v 0.480000 -1.180000 -2.970000
v 0.480000 -1.180000 -2.970000
v 0.480000 -1.180000 -2.970000
v 0.480000 -1.180000 -2.970000
v 0.480000 -1.180000 -2.970000
v 0.480000 -1.180000 -2.970000
v 0.480000 -1.180000 -2.970000
v 0.480000 -1.180000 -2.970000
v 0.480000 -1.180000 -2.970000
v 0.679847 -1.180000 -2.889787
v 0.641680 -1.117812 -2.889787
v 0.541756 -1.079377 -2.889787
v 0.418244 -1.079377 -2.889787
v 0.318320 -1.117812 -2.889787
v 0.280153 -1.180000 -2.889787
v 0.318320 -1.242188 -2.889787
v 0.418244 -1.280623 -2.889787
v 0.541756 -1.280623 -2.889787
v 0.641680 -1.242188 -2.889787
v 0.679847 -1.180000 -2.889787
v 0.803359 -1.180000 -2.679787
v 0.741603 -1.079377 -2.679787
v 0.579923 -1.017188 -2.679787
v 0.380077 -1.017188 -2.679787
v 0.218397 -1.079377 -2.679787
v 0.156641 -1.180000 -2.679787
v 0.218397 -1.280623 -2.679787
v 0.380077 -1.342812 -2.679787
v 0.579923 -1.342812 -2.679787
v 0.741603 -1.280623 -2.679787
v 0.803359 -1.180000 -2.679787
v 0.803359 -1.180000 -2.420213
v 0.741603 -1.079377 -2.420213
v 0.579923 -1.017188 -2.420213
v 0.380077 -1.017188 -2.420213
v 0.218397 -1.079377 -2.420213
v 0.156641 -1.180000 -2.420213
v 0.218397 -1.280623 -2.420213
v 0.380077 -1.342812 -2.420213
v 0.579923 -1.342812 -2.420213
v 0.741603 -1.280623 -2.420213
v 0.803359 -1.180000 -2.420213
v 0.679847 -1.180000 -2.210213
v 0.641680 -1.117812 -2.210213
v 0.541756 -1.079377 -2.210213
v 0.418244 -1.079377 -2.210213
v 0.318320 -1.117812 -2.210213
v 0.280153 -1.180000 -2.210213
v 0.318320 -1.242188 -2.210213
v 0.418244 -1.280623 -2.210213
v 0.541756 -1.280623 -2.210213
v 0.641680 -1.242188 -2.210213
v 0.679847 -1.180000 -2.210213
v 0.480000 -1.180000 -2.130000
v 0.480000 -1.180000 -2.130000
v 0.480000 -1.180000 -2.130000
v 0.480000 -1.180000 -2.130000
v 0.480000 -1.180000 -2.130000
v 0.480000 -1.180000 -2.130000
v 0.480000 -1.180000 -2.130000
v 0.480000 -1.180000 -2.130000
v 0.480000 -1.180000 -2.130000
v 0.480000 -1.180000 -2.130000
v 0.480000 -1.180000 -2.130000
v 1.420000 -1.180000 -2.970000
v 1.420000 -1.180000 -2.970000
v 1.420000 -1.180000 -2.970000
v 1.420000 -1.180000 -2.970000
v 1.420000 -1.180000 -2.970000
v 1.420000 -1.180000 -2.970000
v 1.420000 -1.180000 -2.970000
v 1.420000 -1.180000 -2.970000
v 1.420000 -1.180000 -2.970000
v 1.420000 -1.180000 -2.970000
v 1.420000 -1.180000 -2.970000
v 1.619847 -1.180000 -2.889787
v 1.581680 -1.117812 -2.889787
v 1.481756 -1.079377 -2.889787
v 1.358244 -1.079377 -2.889787
v 1.258320 -1.117812 -2.889787
v 1.220153 -1.180000 -2.889787
v 1.258320 -1.242188 -2.889787
v 1.358244 -1.280623 -2.889787
v 1.481756 -1.280623 -2.889787
v 1.581680 -1.242188 -2.889787
v 1.619847 -1.180000 -2.889787
v 1.743359 -1.180000 -2.679787
v 1.681603 -1.079377 -2.679787
v 1.519923 -1.017188 -2.679787
v 1.320077 -1.017188 -2.679787
v 1.158397 -1.079377 -2.679787
v 1.096641 -1.180000 -2.679787
v 1.158397 -1.280623 -2.679787
v 1.320077 -1.342812 -2.679787
v 1.519923 -1.342812 -2.679787
v 1.681603 -1.280623 -2.679787
v 1.743359 -1.180000 -2.679787
v 1.743359 -1.180000 -2.420213
v 1.681603 -1.079377 -2.420213
v 1.519923 -1.017188 -2.420213
v 1.320077 -1.017188 -2.420213
v 1.158397 -1.079377 -2.420213
v 1.096641 -1.180000 -2.420213
v 1.158397 -1.280623 -2.420213
v 1.320077 -1.342812 -2.420213
v 1.519923 -1.342812 -2.420213
v 1.681603 -1.280623 -2.420213
v 1.743359 -1.180000 -2.420213
v 1.619847 -1.180000 -2.210213
v 1.581680 -1.117812 -2.210213
v 1.481756 -1.079377 -2.210213
v 1.358244 -1.079377 -2.210213
v 1.258320 -1.117812 -2.210213
v 1.220153 -1.180000 -2.210213
v 1.258320 -1.242188 -2.210213
v 1.358244 -1.280623 -2.210213
v 1.481756 -1.280623 -2.210213
v 1.581680 -1.242188 -2.210213
v 1.619847 -1.180000 -2.210213
v 1.420000 -1.180000 -2.130000
v 1.420000 -1.180000 -2.130000
v 1.420000 -1.180000 -2.130000
v 1.420000 -1.180000 -2.130000
v 1.420000 -1.180000 -2.130000
v 1.420000 -1.180000 -2.130000
v 1.420000 -1.180000 -2.130000
v 1.420000 -1.180000 -2.130000
v 1.420000 -1.180000 -2.130000
v 1.420000 -1.180000 -2.130000
v 1.420000 -1.180000 -2.130000
vt 0.000000 0.000000
vt 0.071429 0.000000
vt 0.142857 0.000000
vt 0.214286 0.000000
vt 0.285714 0.000000
vt 0.357143 0.000000
vt 0.428571 0.000000
vt 0.500000 0.000000
vt 0.571429 0.000000
vt 0.642857 0.000000
vt 0.714286 0.000000
vt 0.785714 0.000000
vt 0.857143 0.000000
vt 0.928571 0.000000
vt 1.000000 0.000000
vt 0.000000 0.500000
vt 0.071429 0.500000
vt 0.142857 0.500000
vt 0.214286 0.500000
vt 0.285714 0.500000
vt 0.357143 0.500000
vt 0.428571 0.500000
vt 0.500000 0.500000
vt 0.571429 0.500000
vt 0.642857 0.500000
vt 0.714286 0.500000
vt 0.785714 0.500000
vt 0.857143 0.500000
vt 0.928571 0.500000
vt 1.000000 0.500000
vt 0.000000 1.000000
vt 0.071429 1.000000
vt 0.142857 1.000000
vt 0.214286 1.000000
vt 0.285714 1.000000
vt 0.357143 1.000000
vt 0.428571 1.000000
vt 0.500000 1.000000
vt 0.571429 1.000000
vt 0.642857 1.000000
vt 0.714286 1.000000
vt 0.785714 1.000000
vt 0.857143 1.000000
vt 0.928571 1.000000
vt 1.000000 1.000000
vt 0.000000 0.000000
vt 0.062500 0.000000
vt 0.125000 0.000000
vt 0.187500 0.000000
vt 0.250000 0.000000
vt 0.312500 0.000000
vt 0.375000 0.000000
vt 0.437500 0.000000
vt 0.500000 0.000000
vt 0.562500 0.000000
vt 0.625000 0.000000
vt 0.687500 0.000000
vt 0.750000 0.000000
vt 0.812500 0.000000
vt 0.875000 0.000000
vt 0.937500 0.000000
vt 1.000000 0.000000
vt 0.000000 0.100000
vt 0.062500 0.100000
vt 0.125000 0.100000
vt 0.187500 0.100000
vt 0.250000 0.100000
vt 0.312500 0.100000
vt 0.375000 0.100000
vt 0.437500 0.100000
vt 0.500000 0.100000
vt 0.562500 0.100000
vt 0.625000 0.100000
vt 0.687500 0.100000
vt 0.750000 0.100000
vt 0.812500 0.100000
vt 0.875000 0.100000
vt 0.937500 0.100000
vt 1.000000 0.100000
vt 0.000000 0.200000
vt 0.062500 0.200000
vt 0.125000 0.200000
vt 0.187500 0.200000
vt 0.250000 0.200000
vt 0.312500 0.200000
vt 0.375000 0.200000
vt 0.437500 0.200000
vt 0.500000 0.200000
vt 0.562500 0.200000
vt 0.625000 0.200000
vt 0.687500 0.200000
vt 0.750000 0.200000
vt 0.812500 0.200000
vt 0.875000 0.200000
vt 0.937500 0.200000
vt 1.000000 0.200000
vt 0.000000 0.300000
vt 0.062500 0.300000
vt 0.125000 0.300000
vt 0.187500 0.300000
vt 0.250000 0.300000
vt 0.312500 0.300000
vt 0.375000 0.300000
vt 0.437500 0.300000
vt 0.500000 0.300000
vt 0.562500 0.300000
vt 0.625000 0.300000
vt 0.687500 0.300000
vt 0.750000 0.300000
vt 0.812500 0.300000
vt 0.875000 0.300000
vt 0.937500 0.300000
vt 1.000000 0.300000
vt 0.000000 0.400000
vt 0.062500 0.400000
vt 0.125000 0.400000
vt 0.187500 0.400000
vt 0.250000 0.400000
vt 0.312500 0.400000
vt 0.375000 0.400000
vt 0.437500 0.400000
vt 0.500000 0.400000
vt 0.562500 0.400000
vt 0.625000 0.400000
vt 0.687500 0.400000
vt 0.750000 0.400000
vt 0.812500 0.400000
vt 0.875000 0.400000
vt 0.937500 0.400000
vt 1.000000 0.400000
vt 0.000000 0.500000
vt 0.062500 0.500000
vt 0.125000 0.500000
vt 0.187500 0.500000
vt 0.250000 0.500000
vt 0.312500 0.500000
vt 0.375000 0.500000
vt 0.437500 0.500000
vt 0.500000 0.500000
vt 0.562500 0.500000
vt 0.625000 0.500000
vt 0.687500 0.500000
vt 0.750000 0.500000
vt 0.812500 0.500000
vt 0.875000 0.500000
vt 0.937500 0.500000
vt 1.000000 0.500000
vt 0.000000 0.600000
vt 0.062500 0.600000
vt 0.125000 0.600000
vt 0.187500 0.600000
vt 0.250000 0.600000
vt 0.312500 0.600000
vt 0.375000 0.600000
vt 0.437500 0.600000
vt 0.500000 0.600000
vt 0.562500 0.600000
vt 0.625000 0.600000
vt 0.687500 0.600000
vt 0.750000 0.600000
vt 0.812500 0.600000
vt 0.875000 0.600000
vt 0.937500 0.600000
vt 1.000000 0.600000
vt 0.000000 0.700000
vt 0.062500 0.700000
vt 0.125000 0.700000
vt 0.187500 0.700000
vt 0.250000 0.700000
vt 0.312500 0.700000
vt 0.375000 0.700000
vt 0.437500 0.700000
vt 0.500000 0.700000
vt 0.562500 0.700000
vt 0.625000 0.700000
vt 0.687500 0.700000
vt 0.750000 0.700000
vt 0.812500 0.700000
vt 0.875000 0.700000
vt 0.937500 0.700000
vt 1.000000 0.700000
vt 0.000000 0.800000
vt 0.062500 0.800000
vt 0.125000 0.800000
vt 0.187500 0.800000
vt 0.250000 0.800000
vt 0.312500 0.800000
vt 0.375000 0.800000
vt 0.437500 0.800000
vt 0.500000 0.800000
vt 0.562500 0.800000
vt 0.625000 0.800000
vt 0.687500 0.800000
vt 0.750000 0.800000
vt 0.812500 0.800000
vt 0.875000 0.800000
vt 0.937500 0.800000
vt 1.000000 0.800000
vt 0.000000 0.900000
vt 0.062500 0.900000
vt 0.125000 0.900000
vt 0.187500 0.900000
vt 0.250000 0.900000
vt 0.312500 0.900000
vt 0.375000 0.900000
vt 0.437500 0.900000
vt 0.500000 0.900000
vt 0.562500 0.900000
vt 0.625000 0.900000
vt 0.687500 0.900000
vt 0.750000 0.900000
vt 0.812500 0.900000
vt 0.875000 0.900000
vt 0.937500 0.900000
vt 1.000000 0.900000
vt 0.000000 1.000000
vt 0.062500 1.000000
vt 0.125000 1.000000
vt 0.187500 1.000000
vt 0.250000 1.000000
vt 0.312500 1.000000
vt 0.375000 1.000000
vt 0.437500 1.000000
vt 0.500000 1.000000
vt 0.562500 1.000000
vt 0.625000 1.000000
vt 0.687500 1.000000
vt 0.750000 1.000000
vt 0.812500 1.000000
vt 0.875000 1.000000
vt 0.937500 1.000000
vt 1.000000 1.000000
vt 0.000000 0.000000
vt 0.083333 0.000000
vt 0.166667 0.000000
vt 0.250000 0.000000
vt 0.333333 0.000000
vt 0.416667 0.000000
vt 0.500000 0.000000
vt 0.583333 0.000000
vt 0.666667 0.000000
vt 0.750000 0.000000
vt 0.833333 0.000000
vt 0.916667 0.000000
vt 1.000000 0.000000
vt 0.000000 0.125000
vt 0.083333 0.125000
vt 0.166667 0.125000
vt 0.250000 0.125000
vt 0.333333 0.125000
vt 0.416667 0.125000
vt 0.500000 0.125000
vt 0.583333 0.125000
vt 0.666667 0.125000
vt 0.750000 0.125000
vt 0.833333 0.125000
vt 0.916667 0.125000
vt 1.000000 0.125000
vt 0.000000 0.250000
vt 0.083333 0.250000
vt 0.166667 0.250000
vt 0.250000 0.250000
vt 0.333333 0.250000
vt 0.416667 0.250000
vt 0.500000 0.250000
vt 0.583333 0.250000
vt 0.666667 0.250000
vt 0.750000 0.250000
vt 0.833333 0.250000
vt 0.916667 0.250000
vt 1.000000 0.250000
vt 0.000000 0.375000
vt 0.083333 0.375000
vt 0.166667 0.375000
vt 0.250000 0.375000
vt 0.333333 0.375000
vt 0.416667 0.375000
vt 0.500000 0.375000
vt 0.583333 0.375000
vt 0.666667 0.375000
vt 0.750000 0.375000
vt 0.833333 0.375000
vt 0.916667 0.375000
vt 1.000000 0.375000
vt 0.000000 0.500000
vt 0.083333 0.500000
vt 0.166667 0.500000
vt 0.250000 0.500000
vt 0.333333 0.500000
vt 0.416667 0.500000
vt 0.500000 0.500000
vt 0.583333 0.500000
vt 0.666667 0.500000
vt 0.750000 0.500000
vt 0.833333 0.500000
vt 0.916667 0.500000
vt 1.000000 0.500000
vt 0.000000 0.625000
vt 0.083333 0.625000
vt 0.166667 0.625000
vt 0.250000 0.625000
vt 0.333333 0.625000
vt 0.416667 0.625000
vt 0.500000 0.625000
vt 0.583333 0.625000
vt 0.666667 0.625000
vt 0.750000 0.625000
vt 0.833333 0.625000
vt 0.916667 0.625000
vt 1.000000 0.625000
vt 0.000000 0.750000
vt 0.083333 0.750000
vt 0.166667 0.750000
vt 0.250000 0.750000
vt 0.333333 0.750000
vt 0.416667 0.750000
vt 0.500000 0.750000
vt 0.583333 0.750000
vt 0.666667 0.750000
vt 0.750000 0.750000
vt 0.833333 0.750000
vt 0.916667 0.750000
vt 1.000000 0.750000
vt 0.000000 0.875000
vt 0.083333 0.875000
vt 0.166667 0.875000
vt 0.250000 0.875000
vt 0.333333 0.875000
vt 0.416667 0.875000
vt 0.500000 0.875000
vt 0.583333 0.875000
vt 0.666667 0.875000
vt 0.750000 0.875000
vt 0.833333 0.875000
vt 0.916667 0.875000
vt 1.000000 0.875000
vt 0.000000 1.000000
vt 0.083333 1.000000
vt 0.166667 1.000000
vt 0.250000 1.000000
vt 0.333333 1.000000
vt 0.416667 1.000000
vt 0.500000 1.000000
vt 0.583333 1.000000
vt 0.666667 1.000000
vt 0.750000 1.000000
vt 0.833333 1.000000
vt 0.916667 1.000000
vt 1.000000 1.000000
vt 0.000000 0.000000
vt 0.083333 0.000000
vt 0.166667 0.000000
vt 0.250000 0.000000
vt 0.333333 0.000000
vt 0.416667 0.000000
vt 0.500000 0.000000
vt 0.583333 0.000000
vt 0.666667 0.000000
vt 0.750000 0.000000
vt 0.833333 0.000000
vt 0.916667 0.000000
vt 1.000000 0.000000
vt 0.000000 0.125000
vt 0.083333 0.125000
vt 0.166667 0.125000
vt 0.250000 0.125000
vt 0.333333 0.125000
vt 0.416667 0.125000
vt 0.500000 0.125000
vt 0.583333 0.125000
vt 0.666667 0.125000
vt 0.750000 0.125000
vt 0.833333 0.125000
vt 0.916667 0.125000
vt 1.000000 0.125000
vt 0.000000 0.250000
vt 0.083333 0.250000
vt 0.166667 0.250000
vt 0.250000 0.250000
vt 0.333333 0.250000
vt 0.416667 0.250000
vt 0.500000 0.250000
vt 0.583333 0.250000
vt 0.666667 0.250000
vt 0.750000 0.250000
vt 0.833333 0.250000
vt 0.916667 0.250000
vt 1.000000 0.250000
vt 0.000000 0.375000
vt 0.083333 0.375000
vt 0.166667 0.375000
vt 0.250000 0.375000
vt 0.333333 0.375000
vt 0.416667 0.375000
vt 0.500000 0.375000
vt 0.583333 0.375000
vt 0.666667 0.375000
vt 0.750000 0.375000
vt 0.833333 0.375000
vt 0.916667 0.375000
vt 1.000000 0.375000
vt 0.000000 0.500000
vt 0.083333 0.500000
vt 0.166667 0.500000
vt 0.250000 0.500000
vt 0.333333 0.500000
vt 0.416667 0.500000
vt 0.500000 0.500000
vt 0.583333 0.500000
vt 0.666667 0.500000
vt 0.750000 0.500000
vt 0.833333 0.500000
vt 0.916667 0.500000
vt 1.000000 0.500000
vt 0.000000 0.625000
vt 0.083333 0.625000
vt 0.166667 0.625000
vt 0.250000 0.625000
vt 0.333333 0.625000
vt 0.416667 0.625000
vt 0.500000 0.625000
vt 0.583333 0.625000
vt 0.666667 0.625000
vt 0.750000 0.625000
vt 0.833333 0.625000
vt 0.916667 0.625000
vt 1.000000 0.625000
vt 0.000000 0.750000
vt 0.083333 0.750000
vt 0.166667 0.750000
vt 0.250000 0.750000
vt 0.333333 0.750000
vt 0.416667 0.750000
vt 0.500000 0.750000
vt 0.583333 0.750000
vt 0.666667 0.750000
vt 0.750000 0.750000
vt 0.833333 0.750000
vt 0.916667 0.750000
vt 1.000000 0.750000
vt 0.000000 0.875000
vt 0.083333 0.875000
vt 0.166667 0.875000
vt 0.250000 0.875000
vt 0.333333 0.875000
vt 0.416667 0.875000
vt 0.500000 0.875000
vt 0.583333 0.875000
vt 0.666667 0.875000
vt 0.750000 0.875000
vt 0.833333 0.875000
vt 0.916667 0.875000
vt 1.000000 0.875000
vt 0.000000 1.000000
vt 0.083333 1.000000
vt 0.166667 1.000000
vt 0.250000 1.000000
vt 0.333333 1.000000
vt 0.416667 1.000000
vt 0.500000 1.000000
vt 0.583333 1.000000
vt 0.666667 1.000000
vt 0.750000 1.000000
vt 0.833333 1.000000
vt 0.916667 1.000000
vt 1.000000 1.000000
vt 0.000000 0.000000
vt 0.083333 0.000000
vt 0.166667 0.000000
vt 0.250000 0.000000
vt 0.333333 0.000000
vt 0.416667 0.000000
vt 0.500000 0.000000
vt 0.583333 0.000000
vt 0.666667 0.000000
vt 0.750000 0.000000
vt 0.833333 0.000000
vt 0.916667 0.000000
vt 1.000000 0.000000
vt 0.000000 0.125000
vt 0.083333 0.125000
vt 0.166667 0.125000
vt 0.250000 0.125000
vt 0.333333 0.125000
vt 0.416667 0.125000
vt 0.500000 0.125000
vt 0.583333 0.125000
vt 0.666667 0.125000
vt 0.750000 0.125000
vt 0.833333 0.125000
vt 0.916667 0.125000
vt 1.000000 0.125000
vt 0.000000 0.250000
vt 0.083333 0.250000
vt 0.166667 0.250000
vt 0.250000 0.250000
vt 0.333333 0.250000
vt 0.416667 0.250000
vt 0.500000 0.250000
vt 0.583333 0.250000
vt 0.666667 0.250000
vt 0.750000 0.250000
vt 0.833333 0.250000
vt 0.916667 0.250000
vt 1.000000 0.250000
vt 0.000000 0.375000
vt 0.083333 0.375000
vt 0.166667 0.375000
vt 0.250000 0.375000
vt 0.333333 0.375000
vt 0.416667 0.375000
vt 0.500000 0.375000
vt 0.583333 0.375000
vt 0.666667 0.375000
vt 0.750000 0.375000
vt 0.833333 0.375000
vt 0.916667 0.375000
vt 1.000000 0.375000
vt 0.000000 0.500000
vt 0.083333 0.500000
vt 0.166667 0.500000
vt 0.250000 0.500000
vt 0.333333 0.500000
vt 0.416667 0.500000
vt 0.500000 0.500000
vt 0.583333 0.500000
vt 0.666667 0.500000
vt 0.750000 0.500000
vt 0.833333 0.500000
vt 0.916667 0.500000
vt 1.000000 0.500000
vt 0.000000 0.625000
vt 0.083333 0.625000
vt 0.166667 0.625000
vt 0.250000 0.625000
vt 0.333333 0.625000
vt 0.416667 0.625000
vt 0.500000 0.625000
vt 0.583333 0.625000
vt 0.666667 0.625000
vt 0.750000 0.625000
vt 0.833333 0.625000
vt 0.916667 0.625000
vt 1.000000 0.625000
vt 0.000000 0.750000
vt 0.083333 0.750000
vt 0.166667 0.750000
vt 0.250000 0.750000
vt 0.333333 0.750000
vt 0.416667 0.750000
vt 0.500000 0.750000
vt 0.583333 0.750000
vt 0.666667 0.750000
vt 0.750000 0.750000
vt 0.833333 0.750000
vt 0.916667 0.750000
vt 1.000000 0.750000
vt 0.000000 0.875000
vt 0.083333 0.875000
vt 0.166667 0.875000
vt 0.250000 0.875000
vt 0.333333 0.875000
vt 0.416667 0.875000
vt 0.500000 0.875000
vt 0.583333 0.875000
vt 0.666667 0.875000
vt 0.750000 0.875000
vt 0.833333 0.875000
vt 0.916667 0.875000
vt 1.000000 0.875000
vt 0.000000 1.000000
vt 0.083333 1.000000
vt 0.166667 1.000000
vt 0.250000 1.000000
vt 0.333333 1.000000
vt 0.416667 1.000000
vt 0.500000 1.000000
vt 0.583333 1.000000
vt 0.666667 1.000000
vt 0.750000 1.000000
vt 0.833333 1.000000
vt 0.916667 1.000000
vt 1.000000 1.000000
vt 0.000000 0.000000
vt 0.083333 0.000000
vt 0.166667 0.000000
vt 0.250000 0.000000
vt 0.333333 0.000000
vt 0.416667 0.000000
vt 0.500000 0.000000
vt 0.583333 0.000000
vt 0.666667 0.000000
vt 0.750000 0.000000
vt 0.833333 0.000000
vt 0.916667 0.000000
vt 1.000000 0.000000
vt 0.000000 0.125000
vt 0.083333 0.125000
vt 0.166667 0.125000
vt 0.250000 0.125000
vt 0.333333 0.125000
vt 0.416667 0.125000
vt 0.500000 0.125000
vt 0.583333 0.125000
vt 0.666667 0.125000
vt 0.750000 0.125000
vt 0.833333 0.125000
vt 0.916667 0.125000
vt 1.000000 0.125000
vt 0.000000 0.250000
vt 0.083333 0.250000
vt 0.166667 0.250000
vt 0.250000 0.250000
vt 0.333333 0.250000
vt 0.416667 0.250000
vt 0.500000 0.250000
vt 0.583333 0.250000
vt 0.666667 0.250000
vt 0.750000 0.250000
vt 0.833333 0.250000
vt 0.916667 0.250000
vt 1.000000 0.250000
vt 0.000000 0.375000
vt 0.083333 0.375000
vt 0.166667 0.375000
vt 0.250000 0.375000
vt 0.333333 0.375000
vt 0.416667 0.375000
vt 0.500000 0.375000
vt 0.583333 0.375000
vt 0.666667 0.375000
vt 0.750000 0.375000
vt 0.833333 0.375000
vt 0.916667 0.375000
vt 1.000000 0.375000
vt 0.000000 0.500000
vt 0.083333 0.500000
vt 0.166667 0.500000
vt 0.250000 0.500000
vt 0.333333 0.500000
vt 0.416667 0.500000
vt 0.500000 0.500000
vt 0.583333 0.500000
vt 0.666667 0.500000
vt 0.750000 0.500000
vt 0.833333 0.500000
vt 0.916667 0.500000
vt 1.000000 0.500000
vt 0.000000 0.625000
vt 0.083333 0.625000
vt 0.166667 0.625000
vt 0.250000 0.625000
vt 0.333333 0.625000
vt 0.416667 0.625000
vt 0.500000 0.625000
vt 0.583333 0.625000
vt 0.666667 0.625000
vt 0.750000 0.625000
vt 0.833333 0.625000
vt 0.916667 0.625000
vt 1.000000 0.625000
vt 0.000000 0.750000
vt 0.083333 0.750000
vt 0.166667 0.750000
vt 0.250000 0.750000
vt 0.333333 0.750000
vt 0.416667 0.750000
vt 0.500000 0.750000
vt 0.583333 0.750000
vt 0.666667 0.750000
vt 0.750000 0.750000
vt 0.833333 0.750000
vt 0.916667 0.750000
vt 1.000000 0.750000
vt 0.000000 0.875000
vt 0.083333 0.875000
vt 0.166667 0.875000
vt 0.250000 0.875000
vt 0.333333 0.875000
vt 0.416667 0.875000
vt 0.500000 0.875000
vt 0.583333 0.875000
vt 0.666667 0.875000
vt 0.750000 0.875000
vt 0.833333 0.875000
vt 0.916667 0.875000
vt 1.000000 0.875000
vt 0.000000 1.000000
vt 0.083333 1.000000
vt 0.166667 1.000000
vt 0.250000 1.000000
vt 0.333333 1.000000
vt 0.416667 1.000000
vt 0.500000 1.000000
vt 0.583333 1.000000
vt 0.666667 1.000000
vt 0.750000 1.000000
vt 0.833333 1.000000
vt 0.916667 1.000000
vt 1.000000 1.000000
vt 0.000000 0.000000
vt 0.083333 0.000000
vt 0.166667 0.000000
vt 0.250000 0.000000
vt 0.333333 0.000000
vt 0.416667 0.000000
vt 0.500000 0.000000
vt 0.583333 0.000000
vt 0.666667 0.000000
vt 0.750000 0.000000
vt 0.833333 0.000000
vt 0.916667 0.000000
vt 1.000000 0.000000
vt 0.000000 0.125000
vt 0.083333 0.125000
vt 0.166667 0.125000
vt 0.250000 0.125000
vt 0.333333 0.125000
vt 0.416667 0.125000
vt 0.500000 0.125000
vt 0.583333 0.125000
vt 0.666667 0.125000
vt 0.750000 0.125000
vt 0.833333 0.125000
vt 0.916667 0.125000
vt 1.000000 0.125000
vt 0.000000 0.250000
vt 0.083333 0.250000
vt 0.166667 0.250000
vt 0.250000 0.250000
vt 0.333333 0.250000
vt 0.416667 0.250000
vt 0.500000 0.250000
vt 0.583333 0.250000
vt 0.666667 0.250000
vt 0.750000 0.250000
vt 0.833333 0.250000
vt 0.916667 0.250000
vt 1.000000 0.250000
vt 0.000000 0.375000
vt 0.083333 0.375000
vt 0.166667 0.375000
vt 0.250000 0.375000
vt 0.333333 0.375000
vt 0.416667 0.375000
vt 0.500000 0.375000
vt 0.583333 0.375000
vt 0.666667 0.375000
vt 0.750000 0.375000
vt 0.833333 0.375000
vt 0.916667 0.375000
vt 1.000000 0.375000
vt 0.000000 0.500000
vt 0.083333 0.500000
vt 0.166667 0.500000
vt 0.250000 0.500000
vt 0.333333 0.500000
vt 0.416667 0.500000
vt 0.500000 0.500000
vt 0.583333 0.500000
vt 0.666667 0.500000
vt 0.750000 0.500000
vt 0.833333 0.500000
vt 0.916667 0.500000
vt 1.000000 0.500000
vt 0.000000 0.625000
vt 0.083333 0.625000
vt 0.166667 0.625000
vt 0.250000 0.625000
vt 0.333333 0.625000
vt 0.416667 0.625000
vt 0.500000 0.625000
vt 0.583333 0.625000
vt 0.666667 0.625000
vt 0.750000 0.625000
vt 0.833333 0.625000
vt 0.916667 0.625000
vt 1.000000 0.625000
vt 0.000000 0.750000
vt 0.083333 0.750000
vt 0.166667 0.750000
vt 0.250000 0.750000
vt 0.333333 0.750000
vt 0.416667 0.750000
vt 0.500000 0.750000
vt 0.583333 0.750000
vt 0.666667 0.750000
vt 0.750000 0.750000
vt 0.833333 0.750000
vt 0.916667 0.750000
vt 1.000000 0.750000
vt 0.000000 0.875000
vt 0.083333 0.875000
vt 0.166667 0.875000
vt 0.250000 0.875000
vt 0.333333 0.875000
vt 0.416667 0.875000
vt 0.500000 0.875000
vt 0.583333 0.875000
vt 0.666667 0.875000
vt 0.750000 0.875000
vt 0.833333 0.875000
vt 0.916667 0.875000
vt 1.000000 0.875000
vt 0.000000 1.000000
vt 0.083333 1.000000
vt 0.166667 1.000000
vt 0.250000 1.000000
vt 0.333333 1.000000
vt 0.416667 1.000000
vt 0.500000 1.000000
vt 0.583333 1.000000
vt 0.666667 1.000000
vt 0.750000 1.000000
vt 0.833333 1.000000
vt 0.916667 1.000000
vt 1.000000 1.000000
vt 0.000000 0.000000
vt 0.000000 0.166667
vt 0.000000 0.333333
vt 0.000000 0.500000
vt 0.000000 0.666667
vt 0.000000 0.833333
vt 0.000000 1.000000
vt 0.041667 0.000000
vt 0.041667 0.166667
vt 0.041667 0.333333
vt 0.041667 0.500000
vt 0.041667 0.666667
vt 0.041667 0.833333
vt 0.041667 1.000000
vt 0.083333 0.000000
vt 0.083333 0.166667
vt 0.083333 0.333333
vt 0.083333 0.500000
vt 0.083333 0.666667
vt 0.083333 0.833333
vt 0.083333 1.000000
vt 0.125000 0.000000
vt 0.125000 0.166667
vt 0.125000 0.333333
vt 0.125000 0.500000
vt 0.125000 0.666667
vt 0.125000 0.833333
vt 0.125000 1.000000
vt 0.166667 0.000000
vt 0.166667 0.166667
vt 0.166667 0.333333
vt 0.166667 0.500000
vt 0.166667 0.666667
vt 0.166667 0.833333
vt 0.166667 1.000000
vt 0.208333 0.000000
vt 0.208333 0.166667
vt 0.208333 0.333333
vt 0.208333 0.500000
vt 0.208333 0.666667
vt 0.208333 0.833333
vt 0.208333 1.000000
vt 0.250000 0.000000
vt 0.250000 0.166667
vt 0.250000 0.333333
vt 0.250000 0.500000
vt 0.250000 0.666667
vt 0.250000 0.833333
vt 0.250000 1.000000
vt 0.291667 0.000000
vt 0.291667 0.166667
vt 0.291667 0.333333
vt 0.291667 0.500000
vt 0.291667 0.666667
vt 0.291667 0.833333
vt 0.291667 1.000000
vt 0.333333 0.000000
vt 0.333333 0.166667
vt 0.333333 0.333333
vt 0.333333 0.500000
vt 0.333333 0.666667
vt 0.333333 0.833333
vt 0.333333 1.000000
vt 0.375000 0.000000
vt 0.375000 0.166667
vt 0.375000 0.333333
vt 0.375000 0.500000
vt 0.375000 0.666667
vt 0.375000 0.833333
vt 0.375000 1.000000
vt 0.416667 0.000000
vt 0.416667 0.166667
vt 0.416667 0.333333
vt 0.416667 0.500000
vt 0.416667 0.666667
vt 0.416667 0.833333
vt 0.416667 1.000000
vt 0.458333 0.000000
vt 0.458333 0.166667
vt 0.458333 0.333333
vt 0.458333 0.500000
vt 0.458333 0.666667
vt 0.458333 0.833333
vt 0.458333 1.000000
vt 0.500000 0.000000
vt 0.500000 0.166667
vt 0.500000 0.333333
vt 0.500000 0.500000
vt 0.500000 0.666667
vt 0.500000 0.833333
vt 0.500000 1.000000
vt 0.541667 0.000000
vt 0.541667 0.166667
vt 0.541667 0.333333
vt 0.541667 0.500000
vt 0.541667 0.666667
vt 0.541667 0.833333
vt 0.541667 1.000000
vt 0.583333 0.000000
vt 0.583333 0.166667
vt 0.583333 0.333333
vt 0.583333 0.500000
vt 0.583333 0.666667
vt 0.583333 0.833333
vt 0.583333 1.000000
vt 0.625000 0.000000
vt 0.625000 0.166667
vt 0.625000 0.333333
vt 0.625000 0.500000
vt 0.625000 0.666667
vt 0.625000 0.833333
vt 0.625000 1.000000
vt 0.666667 0.000000
vt 0.666667 0.166667
vt 0.666667 0.333333
vt 0.666667 0.500000
vt 0.666667 0.666667
vt 0.666667 0.833333
vt 0.666667 1.000000
vt 0.708333 0.000000
vt 0.708333 0.166667
vt 0.708333 0.333333
vt 0.708333 0.500000
vt 0.708333 0.666667
vt 0.708333 0.833333
vt 0.708333 1.000000
vt 0.750000 0.000000
vt 0.750000 0.166667
vt 0.750000 0.333333
vt 0.750000 0.500000
vt 0.750000 0.666667
vt 0.750000 0.833333
vt 0.750000 1.000000
vt 0.791667 0.000000
vt 0.791667 0.166667
vt 0.791667 0.333333
vt 0.791667 0.500000
vt 0.791667 0.666667
vt 0.791667 0.833333
vt 0.791667 1.000000
vt 0.833333 0.000000
vt 0.833333 0.166667
vt 0.833333 0.333333
vt 0.833333 0.500000
vt 0.833333 0.666667
vt 0.833333 0.833333
vt 0.833333 1.000000
vt 0.875000 0.000000
vt 0.875000 0.166667
vt 0.875000 0.333333
vt 0.875000 0.500000
vt 0.875000 0.666667
vt 0.875000 0.833333
vt 0.875000 1.000000
vt 0.916667 0.000000
vt 0.916667 0.166667
vt 0.916667 0.333333
vt 0.916667 0.500000
vt 0.916667 0.666667
vt 0.916667 0.833333
vt 0.916667 1.000000
vt 0.958333 0.000000
vt 0.958333 0.166667
vt 0.958333 0.333333
vt 0.958333 0.500000
vt 0.958333 0.666667
vt 0.958333 0.833333
vt 0.958333 1.000000
vt 1.000000 0.000000
vt 1.000000 0.166667
vt 1.000000 0.333333
vt 1.000000 0.500000
vt 1.000000 0.666667
vt 1.000000 0.833333
vt 1.000000 1.000000
vt 0.000000 0.000000
vt 0.000000 0.166667
vt 0.000000 0.333333
vt 0.000000 0.500000
vt 0.000000 0.666667
vt 0.000000 0.833333
vt 0.000000 1.000000
vt 0.041667 0.000000
vt 0.041667 0.166667
vt 0.041667 0.333333
vt 0.041667 0.500000
vt 0.041667 0.666667
vt 0.041667 0.833333
vt 0.041667 1.000000
vt 0.083333 0.000000
vt 0.083333 0.166667
vt 0.083333 0.333333
vt 0.083333 0.500000
vt 0.083333 0.666667
vt 0.083333 0.833333
vt 0.083333 1.000000
vt 0.125000 0.000000
vt 0.125000 0.166667
vt 0.125000 0.333333
vt 0.125000 0.500000
vt 0.125000 0.666667
vt 0.125000 0.833333
vt 0.125000 1.000000
vt 0.166667 0.000000
vt 0.166667 0.166667
vt 0.166667 0.333333
vt 0.166667 0.500000
vt 0.166667 0.666667
vt 0.166667 0.833333
vt 0.166667 1.000000
vt 0.208333 0.000000
vt 0.208333 0.166667
vt 0.208333 0.333333
vt 0.208333 0.500000
vt 0.208333 0.666667
vt 0.208333 0.833333
vt 0.208333 1.000000
vt 0.250000 0.000000
vt 0.250000 0.166667
vt 0.250000 0.333333
vt 0.250000 0.500000
vt 0.250000 0.666667
vt 0.250000 0.833333
vt 0.250000 1.000000
vt 0.291667 0.000000
vt 0.291667 0.166667
vt 0.291667 0.333333
vt 0.291667 0.500000
vt 0.291667 0.666667
vt 0.291667 0.833333
vt 0.291667 1.000000
vt 0.333333 0.000000
vt 0.333333 0.166667
vt 0.333333 0.333333
vt 0.333333 0.500000
vt 0.333333 0.666667
vt 0.333333 0.833333
vt 0.333333 1.000000
vt 0.375000 0.000000
vt 0.375000 0.166667
vt 0.375000 0.333333
vt 0.375000 0.500000
vt 0.375000 0.666667
vt 0.375000 0.833333
vt 0.375000 1.000000
vt 0.416667 0.000000
vt 0.416667 0.166667
vt 0.416667 0.333333
vt 0.416667 0.500000
vt 0.416667 0.666667
vt 0.416667 0.833333
vt 0.416667 1.000000
vt 0.458333 0.000000
vt 0.458333 0.166667
vt 0.458333 0.333333
vt 0.458333 0.500000
vt 0.458333 0.666667
vt 0.458333 0.833333
vt 0.458333 1.000000
vt 0.500000 0.000000
vt 0.500000 0.166667
vt 0.500000 0.333333
vt 0.500000 0.500000
vt 0.500000 0.666667
vt 0.500000 0.833333
vt 0.500000 1.000000
vt 0.541667 0.000000
vt 0.541667 0.166667
vt 0.541667 0.333333
vt 0.541667 0.500000
vt 0.541667 0.666667
vt 0.541667 0.833333
vt 0.541667 1.000000
vt 0.583333 0.000000
vt 0.583333 0.166667
vt 0.583333 0.333333
vt 0.583333 0.500000
vt 0.583333 0.666667
vt 0.583333 0.833333
vt 0.583333 1.000000
vt 0.625000 0.000000
vt 0.625000 0.166667
vt 0.625000 0.333333
vt 0.625000 0.500000
vt 0.625000 0.666667
vt 0.625000 0.833333
vt 0.625000 1.000000
vt 0.666667 0.000000
vt 0.666667 0.166667
vt 0.666667 0.333333
vt 0.666667 0.500000
vt 0.666667 0.666667
vt 0.666667 0.833333
vt 0.666667 1.000000
vt 0.708333 0.000000
vt 0.708333 0.166667
vt 0.708333 0.333333
vt 0.708333 0.500000
vt 0.708333 0.666667
vt 0.708333 0.833333
vt 0.708333 1.000000
vt 0.750000 0.000000
vt 0.750000 0.166667
vt 0.750000 0.333333
vt 0.750000 0.500000
vt 0.750000 0.666667
vt 0.750000 0.833333
vt 0.750000 1.000000
vt 0.791667 0.000000
vt 0.791667 0.166667
vt 0.791667 0.333333
vt 0.791667 0.500000
vt 0.791667 0.666667
vt 0.791667 0.833333
vt 0.791667 1.000000
vt 0.833333 0.000000
vt 0.833333 0.166667
vt 0.833333 0.333333
vt 0.833333 0.500000
vt 0.833333 0.666667
vt 0.833333 0.833333
vt 0.833333 1.000000
vt 0.875000 0.000000
vt 0.875000 0.166667
vt 0.875000 0.333333
vt 0.875000 0.500000
vt 0.875000 0.666667
vt 0.875000 0.833333
vt 0.875000 1.000000
vt 0.916667 0.000000
vt 0.916667 0.166667
vt 0.916667 0.333333
vt 0.916667 0.500000
vt 0.916667 0.666667
vt 0.916667 0.833333
vt 0.916667 1.000000
vt 0.958333 0.000000
vt 0.958333 0.166667
vt 0.958333 0.333333
vt 0.958333 0.500000
vt 0.958333 0.666667
vt 0.958333 0.833333
vt 0.958333 1.000000
vt 1.000000 0.000000
vt 1.000000 0.166667
vt 1.000000 0.333333
vt 1.000000 0.500000
vt 1.000000 0.666667
vt 1.000000 0.833333
vt 1.000000 1.000000
vt 0.000000 0.000000
vt 0.000000 0.166667
vt 0.000000 0.333333
vt 0.000000 0.500000
vt 0.000000 0.666667
vt 0.000000 0.833333
vt 0.000000 1.000000
vt 0.041667 0.000000
vt 0.041667 0.166667
vt 0.041667 0.333333
vt 0.041667 0.500000
vt 0.041667 0.666667
vt 0.041667 0.833333
vt 0.041667 1.000000
vt 0.083333 0.000000
vt 0.083333 0.166667
vt 0.083333 0.333333
vt 0.083333 0.500000
vt 0.083333 0.666667
vt 0.083333 0.833333
vt 0.083333 1.000000
vt 0.125000 0.000000
vt 0.125000 0.166667
vt 0.125000 0.333333
vt 0.125000 0.500000
vt 0.125000 0.666667
vt 0.125000 0.833333
vt 0.125000 1.000000
vt 0.166667 0.000000
vt 0.166667 0.166667
vt 0.166667 0.333333
vt 0.166667 0.500000
vt 0.166667 0.666667
vt 0.166667 0.833333
vt 0.166667 1.000000
vt 0.208333 0.000000
vt 0.208333 0.166667
vt 0.208333 0.333333
vt 0.208333 0.500000
vt 0.208333 0.666667
vt 0.208333 0.833333
vt 0.208333 1.000000
vt 0.250000 0.000000
vt 0.250000 0.166667
vt 0.250000 0.333333
vt 0.250000 0.500000
vt 0.250000 0.666667
vt 0.250000 0.833333
vt 0.250000 1.000000
vt 0.291667 0.000000
vt 0.291667 0.166667
vt 0.291667 0.333333
vt 0.291667 0.500000
vt 0.291667 0.666667
vt 0.291667 0.833333
vt 0.291667 1.000000
vt 0.333333 0.000000
vt 0.333333 0.166667
vt 0.333333 0.333333
vt 0.333333 0.500000
vt 0.333333 0.666667
vt 0.333333 0.833333
vt 0.333333 1.000000
vt 0.375000 0.000000
vt 0.375000 0.166667
vt 0.375000 0.333333
vt 0.375000 0.500000
vt 0.375000 0.666667
vt 0.375000 0.833333
vt 0.375000 1.000000
vt 0.416667 0.000000
vt 0.416667 0.166667
vt 0.416667 0.333333
vt 0.416667 0.500000
vt 0.416667 0.666667
vt 0.416667 0.833333
vt 0.416667 1.000000
vt 0.458333 0.000000
vt 0.458333 0.166667
vt 0.458333 0.333333
vt 0.458333 0.500000
vt 0.458333 0.666667
vt 0.458333 0.833333
vt 0.458333 1.000000
vt 0.500000 0.000000
vt 0.500000 0.166667
vt 0.500000 0.333333
vt 0.500000 0.500000
vt 0.500000 0.666667
vt 0.500000 0.833333
vt 0.500000 1.000000
vt 0.541667 0.000000
vt 0.541667 0.166667
vt 0.541667 0.333333
vt 0.541667 0.500000
vt 0.541667 0.666667
vt 0.541667 0.833333
vt 0.541667 1.000000
vt 0.583333 0.000000
vt 0.583333 0.166667
vt 0.583333 0.333333
vt 0.583333 0.500000
vt 0.583333 0.666667
vt 0.583333 0.833333
vt 0.583333 1.000000
vt 0.625000 0.000000
vt 0.625000 0.166667
vt 0.625000 0.333333
vt 0.625000 0.500000
vt 0.625000 0.666667
vt 0.625000 0.833333
vt 0.625000 1.000000
vt 0.666667 0.000000
vt 0.666667 0.166667
vt 0.666667 0.333333
vt 0.666667 0.500000
vt 0.666667 0.666667
vt 0.666667 0.833333
vt 0.666667 1.000000
vt 0.708333 0.000000
vt 0.708333 0.166667
vt 0.708333 0.333333
vt 0.708333 0.500000
vt 0.708333 0.666667
vt 0.708333 0.833333
vt 0.708333 1.000000
vt 0.750000 0.000000
vt 0.750000 0.166667
vt 0.750000 0.333333
vt 0.750000 0.500000
vt 0.750000 0.666667
vt 0.750000 0.833333
vt 0.750000 1.000000
vt 0.791667 0.000000
vt 0.791667 0.166667
vt 0.791667 0.333333
vt 0.791667 0.500000
vt 0.791667 0.666667
vt 0.791667 0.833333
vt 0.791667 1.000000
vt 0.833333 0.000000
vt 0.833333 0.166667
vt 0.833333 0.333333
vt 0.833333 0.500000
vt 0.833333 0.666667
vt 0.833333 0.833333
vt 0.833333 1.000000
vt 0.875000 0.000000
vt 0.875000 0.166667
vt 0.875000 0.333333
vt 0.875000 0.500000
vt 0.875000 0.666667
vt 0.875000 0.833333
vt 0.875000 1.000000
vt 0.916667 0.000000
vt 0.916667 0.166667
vt 0.916667 0.333333
vt 0.916667 0.500000
vt 0.916667 0.666667
vt 0.916667 0.833333
vt 0.916667 1.000000
vt 0.958333 0.000000
vt 0.958333 0.166667
vt 0.958333 0.333333
vt 0.958333 0.500000
vt 0.958333 0.666667
vt 0.958333 0.833333
vt 0.958333 1.000000
vt 1.000000 0.000000
vt 1.000000 0.166667
vt 1.000000 0.333333
vt 1.000000 0.500000
vt 1.000000 0.666667
vt 1.000000 0.833333
vt 1.000000 1.000000
vt 0.000000 0.000000
vt 0.000000 0.166667
vt 0.000000 0.333333
vt 0.000000 0.500000
vt 0.000000 0.666667
vt 0.000000 0.833333
vt 0.000000 1.000000
vt 0.041667 0.000000
vt 0.041667 0.166667
vt 0.041667 0.333333
vt 0.041667 0.500000
vt 0.041667 0.666667
vt 0.041667 0.833333
vt 0.041667 1.000000
vt 0.083333 0.000000
vt 0.083333 0.166667
vt 0.083333 0.333333
vt 0.083333 0.500000
vt 0.083333 0.666667
vt 0.083333 0.833333
vt 0.083333 1.000000
vt 0.125000 0.000000
vt 0.125000 0.166667
vt 0.125000 0.333333
vt 0.125000 0.500000
vt 0.125000 0.666667
vt 0.125000 0.833333
vt 0.125000 1.000000
vt 0.166667 0.000000
vt 0.166667 0.166667
vt 0.166667 0.333333
vt 0.166667 0.500000
vt 0.166667 0.666667
vt 0.166667 0.833333
vt 0.166667 1.000000
vt 0.208333 0.000000
vt 0.208333 0.166667
vt 0.208333 0.333333
vt 0.208333 0.500000
vt 0.208333 0.666667
vt 0.208333 0.833333
vt 0.208333 1.000000
vt 0.250000 0.000000
vt 0.250000 0.166667
vt 0.250000 0.333333
vt 0.250000 0.500000
vt 0.250000 0.666667
vt 0.250000 0.833333
vt 0.250000 1.000000
vt 0.291667 0.000000
vt 0.291667 0.166667
vt 0.291667 0.333333
vt 0.291667 0.500000
vt 0.291667 0.666667
vt 0.291667 0.833333
vt 0.291667 1.000000
vt 0.333333 0.000000
vt 0.333333 0.166667
vt 0.333333 0.333333
vt 0.333333 0.500000
vt 0.333333 0.666667
vt 0.333333 0.833333
vt 0.333333 1.000000
vt 0.375000 0.000000
vt 0.375000 0.166667
vt 0.375000 0.333333
vt 0.375000 0.500000
vt 0.375000 0.666667
vt 0.375000 0.833333
vt 0.375000 1.000000
vt 0.416667 0.000000
vt 0.416667 0.166667
vt 0.416667 0.333333
vt 0.416667 0.500000
vt 0.416667 0.666667
vt 0.416667 0.833333
vt 0.416667 1.000000
vt 0.458333 0.000000
vt 0.458333 0.166667
vt 0.458333 0.333333
vt 0.458333 0.500000
vt 0.458333 0.666667
vt 0.458333 0.833333
vt 0.458333 1.000000
vt 0.500000 0.000000
vt 0.500000 0.166667
vt 0.500000 0.333333
vt 0.500000 0.500000
vt 0.500000 0.666667
vt 0.500000 0.833333
vt 0.500000 1.000000
vt 0.541667 0.000000
vt 0.541667 0.166667
vt 0.541667 0.333333
vt 0.541667 0.500000
vt 0.541667 0.666667
vt 0.541667 0.833333
vt 0.541667 1.000000
vt 0.583333 0.000000
vt 0.583333 0.166667
vt 0.583333 0.333333
vt 0.583333 0.500000
vt 0.583333 0.666667
vt 0.583333 0.833333
vt 0.583333 1.000000
vt 0.625000 0.000000
vt 0.625000 0.166667
vt 0.625000 0.333333
vt 0.625000 0.500000
vt 0.625000 0.666667
vt 0.625000 0.833333
vt 0.625000 1.000000
vt 0.666667 0.000000
vt 0.666667 0.166667
vt 0.666667 0.333333
vt 0.666667 0.500000
vt 0.666667 0.666667
vt 0.666667 0.833333
vt 0.666667 1.000000
vt 0.708333 0.000000
vt 0.708333 0.166667
vt 0.708333 0.333333
vt 0.708333 0.500000
vt 0.708333 0.666667
vt 0.708333 0.833333
vt 0.708333 1.000000
vt 0.750000 0.000000
vt 0.750000 0.166667
vt 0.750000 0.333333
vt 0.750000 0.500000
vt 0.750000 0.666667
vt 0.750000 0.833333
vt 0.750000 1.000000
vt 0.791667 0.000000
vt 0.791667 0.166667
vt 0.791667 0.333333
vt 0.791667 0.500000
vt 0.791667 0.666667
vt 0.791667 0.833333
vt 0.791667 1.000000
vt 0.833333 0.000000
vt 0.833333 0.166667
vt 0.833333 0.333333
vt 0.833333 0.500000
vt 0.833333 0.666667
vt 0.833333 0.833333
vt 0.833333 1.000000
vt 0.875000 0.000000
vt 0.875000 0.166667
vt 0.875000 0.333333
vt 0.875000 0.500000
vt 0.875000 0.666667
vt 0.875000 0.833333
vt 0.875000 1.000000
vt 0.916667 0.000000
vt 0.916667 0.166667
vt 0.916667 0.333333
vt 0.916667 0.500000
vt 0.916667 0.666667
vt 0.916667 0.833333
vt 0.916667 1.000000
vt 0.958333 0.000000
vt 0.958333 0.166667
vt 0.958333 0.333333
vt 0.958333 0.500000
vt 0.958333 0.666667
vt 0.958333 0.833333
vt 0.958333 1.000000
vt 1.000000 0.000000
vt 1.000000 0.166667
vt 1.000000 0.333333
vt 1.000000 0.500000
vt 1.000000 0.666667
vt 1.000000 0.833333
vt 1.000000 1.000000
vt 0.000000 0.000000
vt 0.000000 0.166667
vt 0.000000 0.333333
vt 0.000000 0.500000
vt 0.000000 0.666667
vt 0.000000 0.833333
vt 0.000000 1.000000
vt 0.050000 0.000000
vt 0.050000 0.166667
vt 0.050000 0.333333
vt 0.050000 0.500000
vt 0.050000 0.666667
vt 0.050000 0.833333
vt 0.050000 1.000000
vt 0.100000 0.000000
vt 0.100000 0.166667
vt 0.100000 0.333333
vt 0.100000 0.500000
vt 0.100000 0.666667
vt 0.100000 0.833333
vt 0.100000 1.000000
vt 0.150000 0.000000
vt 0.150000 0.166667
vt 0.150000 0.333333
vt 0.150000 0.500000
vt 0.150000 0.666667
vt 0.150000 0.833333
vt 0.150000 1.000000
vt 0.200000 0.000000
vt 0.200000 0.166667
vt 0.200000 0.333333
vt 0.200000 0.500000
vt 0.200000 0.666667
vt 0.200000 0.833333
vt 0.200000 1.000000
vt 0.250000 0.000000
vt 0.250000 0.166667
vt 0.250000 0.333333
vt 0.250000 0.500000
vt 0.250000 0.666667
vt 0.250000 0.833333
vt 0.250000 1.000000
vt 0.300000 0.000000
vt 0.300000 0.166667
vt 0.300000 0.333333
vt 0.300000 0.500000
vt 0.300000 0.666667
vt 0.300000 0.833333
vt 0.300000 1.000000
vt 0.350000 0.000000
vt 0.350000 0.166667
vt 0.350000 0.333333
vt 0.350000 0.500000
vt 0.350000 0.666667
vt 0.350000 0.833333
vt 0.350000 1.000000
vt 0.400000 0.000000
vt 0.400000 0.166667
vt 0.400000 0.333333
vt 0.400000 0.500000
vt 0.400000 0.666667
vt 0.400000 0.833333
vt 0.400000 1.000000
vt 0.450000 0.000000
vt 0.450000 0.166667
vt 0.450000 0.333333
vt 0.450000 0.500000
vt 0.450000 0.666667
vt 0.450000 0.833333
vt 0.450000 1.000000
vt 0.500000 0.000000
vt 0.500000 0.166667
vt 0.500000 0.333333
vt 0.500000 0.500000
vt 0.500000 0.666667
vt 0.500000 0.833333
vt 0.500000 1.000000
vt 0.550000 0.000000
vt 0.550000 0.166667
vt 0.550000 0.333333
vt 0.550000 0.500000
vt 0.550000 0.666667
vt 0.550000 0.833333
vt 0.550000 1.000000
vt 0.600000 0.000000
vt 0.600000 0.166667
vt 0.600000 0.333333
vt 0.600000 0.500000
vt 0.600000 0.666667
vt 0.600000 0.833333
vt 0.600000 1.000000
vt 0.650000 0.000000
vt 0.650000 0.166667
vt 0.650000 0.333333
vt 0.650000 0.500000
vt 0.650000 0.666667
vt 0.650000 0.833333
vt 0.650000 1.000000
vt 0.700000 0.000000
vt 0.700000 0.166667
vt 0.700000 0.333333
vt 0.700000 0.500000
vt 0.700000 0.666667
vt 0.700000 0.833333
vt 0.700000 1.000000
vt 0.750000 0.000000
vt 0.750000 0.166667
vt 0.750000 0.333333
vt 0.750000 0.500000
vt 0.750000 0.666667
vt 0.750000 0.833333
vt 0.750000 1.000000
vt 0.800000 0.000000
vt 0.800000 0.166667
vt 0.800000 0.333333
vt 0.800000 0.500000
vt 0.800000 0.666667
vt 0.800000 0.833333
vt 0.800000 1.000000
vt 0.850000 0.000000
vt 0.850000 0.166667
vt 0.850000 0.333333
vt 0.850000 0.500000
vt 0.850000 0.666667
vt 0.850000 0.833333
vt 0.850000 1.000000
vt 0.900000 0.000000
vt 0.900000 0.166667
vt 0.900000 0.333333
vt 0.900000 0.500000
vt 0.900000 0.666667
vt 0.900000 0.833333
vt 0.900000 1.000000
vt 0.950000 0.000000
vt 0.950000 0.166667
vt 0.950000 0.333333
vt 0.950000 0.500000
vt 0.950000 0.666667
vt 0.950000 0.833333
vt 0.950000 1.000000
vt 1.000000 0.000000
vt 1.000000 0.166667
vt 1.000000 0.333333
vt 1.000000 0.500000
vt 1.000000 0.666667
vt 1.000000 0.833333
vt 1.000000 1.000000
vt 0.000000 0.000000
vt 0.000000 0.166667
vt 0.000000 0.333333
vt 0.000000 0.500000
vt 0.000000 0.666667
vt 0.000000 0.833333
vt 0.000000 1.000000
vt 0.050000 0.000000
vt 0.050000 0.166667
vt 0.050000 0.333333
vt 0.050000 0.500000
vt 0.050000 0.666667
vt 0.050000 0.833333
vt 0.050000 1.000000
vt 0.100000 0.000000
vt 0.100000 0.166667
vt 0.100000 0.333333
vt 0.100000 0.500000
vt 0.100000 0.666667
vt 0.100000 0.833333
vt 0.100000 1.000000
vt 0.150000 0.000000
vt 0.150000 0.166667
vt 0.150000 0.333333
vt 0.150000 0.500000
vt 0.150000 0.666667
vt 0.150000 0.833333
vt 0.150000 1.000000
vt 0.200000 0.000000
vt 0.200000 0.166667
vt 0.200000 0.333333
vt 0.200000 0.500000
vt 0.200000 0.666667
vt 0.200000 0.833333
vt 0.200000 1.000000
vt 0.250000 0.000000
vt 0.250000 0.166667
vt 0.250000 0.333333
vt 0.250000 0.500000
vt 0.250000 0.666667
vt 0.250000 0.833333
vt 0.250000 1.000000
vt 0.300000 0.000000
vt 0.300000 0.166667
vt 0.300000 0.333333
vt 0.300000 0.500000
vt 0.300000 0.666667
vt 0.300000 0.833333
vt 0.300000 1.000000
vt 0.350000 0.000000
vt 0.350000 0.166667
vt 0.350000 0.333333
vt 0.350000 0.500000
vt 0.350000 0.666667
vt 0.350000 0.833333
vt 0.350000 1.000000
vt 0.400000 0.000000
vt 0.400000 0.166667
vt 0.400000 0.333333
vt 0.400000 0.500000
vt 0.400000 0.666667
vt 0.400000 0.833333
vt 0.400000 1.000000
vt 0.450000 0.000000
vt 0.450000 0.166667
vt 0.450000 0.333333
vt 0.450000 0.500000
vt 0.450000 0.666667
vt 0.450000 0.833333
vt 0.450000 1.000000
vt 0.500000 0.000000
vt 0.500000 0.166667
vt 0.500000 0.333333
vt 0.500000 0.500000
vt 0.500000 0.666667
vt 0.500000 0.833333
vt 0.500000 1.000000
vt 0.550000 0.000000
vt 0.550000 0.166667
vt 0.550000 0.333333
vt 0.550000 0.500000
vt 0.550000 0.666667
vt 0.550000 0.833333
vt 0.550000 1.000000
vt 0.600000 0.000000
vt 0.600000 0.166667
vt 0.600000 0.333333
vt 0.600000 0.500000
vt 0.600000 0.666667
vt 0.600000 0.833333
vt 0.600000 1.000000
vt 0.650000 0.000000
vt 0.650000 0.166667
vt 0.650000 0.333333
vt 0.650000 0.500000
vt 0.650000 0.666667
vt 0.650000 0.833333
vt 0.650000 1.000000
vt 0.700000 0.000000
vt 0.700000 0.166667
vt 0.700000 0.333333
vt 0.700000 0.500000
vt 0.700000 0.666667
vt 0.700000 0.833333
vt 0.700000 1.000000
vt 0.750000 0.000000
vt 0.750000 0.166667
vt 0.750000 0.333333
vt 0.750000 0.500000
vt 0.750000 0.666667
vt 0.750000 0.833333
vt 0.750000 1.000000
vt 0.800000 0.000000
vt 0.800000 0.166667
vt 0.800000 0.333333
vt 0.800000 0.500000
vt 0.800000 0.666667
vt 0.800000 0.833333
vt 0.800000 1.000000
vt 0.850000 0.000000
vt 0.850000 0.166667
vt 0.850000 0.333333
vt 0.850000 0.500000
vt 0.850000 0.666667
vt 0.850000 0.833333
vt 0.850000 1.000000
vt 0.900000 0.000000
vt 0.900000 0.166667
vt 0.900000 0.333333
vt 0.900000 0.500000
vt 0.900000 0.666667
vt 0.900000 0.833333
vt 0.900000 1.000000
vt 0.950000 0.000000
vt 0.950000 0.166667
vt 0.950000 0.333333
vt 0.950000 0.500000
vt 0.950000 0.666667
vt 0.950000 0.833333
vt 0.950000 1.000000
vt 1.000000 0.000000
vt 1.000000 0.166667
vt 1.000000 0.333333
vt 1.000000 0.500000
vt 1.000000 0.666667
vt 1.000000 0.833333
vt 1.000000 1.000000
vt 0.000000 0.000000
vt 0.000000 0.166667
vt 0.000000 0.333333
vt 0.000000 0.500000
vt 0.000000 0.666667
vt 0.000000 0.833333
vt 0.000000 1.000000
vt 0.050000 0.000000
vt 0.050000 0.166667
vt 0.050000 0.333333
vt 0.050000 0.500000
vt 0.050000 0.666667
vt 0.050000 0.833333
vt 0.050000 1.000000
vt 0.100000 0.000000
vt 0.100000 0.166667
vt 0.100000 0.333333
vt 0.100000 0.500000
vt 0.100000 0.666667
vt 0.100000 0.833333
vt 0.100000 1.000000
vt 0.150000 0.000000
vt 0.150000 0.166667
vt 0.150000 0.333333
vt 0.150000 0.500000
vt 0.150000 0.666667
vt 0.150000 0.833333
vt 0.150000 1.000000
vt 0.200000 0.000000
vt 0.200000 0.166667
vt 0.200000 0.333333
vt 0.200000 0.500000
vt 0.200000 0.666667
vt 0.200000 0.833333
vt 0.200000 1.000000
vt 0.250000 0.000000
vt 0.250000 0.166667
vt 0.250000 0.333333
vt 0.250000 0.500000
vt 0.250000 0.666667
vt 0.250000 0.833333
vt 0.250000 1.000000
vt 0.300000 0.000000
vt 0.300000 0.166667
vt 0.300000 0.333333
vt 0.300000 0.500000
vt 0.300000 0.666667
vt 0.300000 0.833333
vt 0.300000 1.000000
vt 0.350000 0.000000
vt 0.350000 0.166667
vt 0.350000 0.333333
vt 0.350000 0.500000
vt 0.350000 0.666667
vt 0.350000 0.833333
vt 0.350000 1.000000
vt 0.400000 0.000000
vt 0.400000 0.166667
vt 0.400000 0.333333
vt 0.400000 0.500000
vt 0.400000 0.666667
vt 0.400000 0.833333
vt 0.400000 1.000000
vt 0.450000 0.000000
vt 0.450000 0.166667
vt 0.450000 0.333333
vt 0.450000 0.500000
vt 0.450000 0.666667
vt 0.450000 0.833333
vt 0.450000 1.000000
vt 0.500000 0.000000
vt 0.500000 0.166667
vt 0.500000 0.333333
vt 0.500000 0.500000
vt 0.500000 0.666667
vt 0.500000 0.833333
vt 0.500000 1.000000
vt 0.550000 0.000000
vt 0.550000 0.166667
vt 0.550000 0.333333
vt 0.550000 0.500000
vt 0.550000 0.666667
vt 0.550000 0.833333
vt 0.550000 1.000000
vt 0.600000 0.000000
vt 0.600000 0.166667
vt 0.600000 0.333333
vt 0.600000 0.500000
vt 0.600000 0.666667
vt 0.600000 0.833333
vt 0.600000 1.000000
vt 0.650000 0.000000
vt 0.650000 0.166667
vt 0.650000 0.333333
vt 0.650000 0.500000
vt 0.650000 0.666667
vt 0.650000 0.833333
vt 0.650000 1.000000
vt 0.700000 0.000000
vt 0.700000 0.166667
vt 0.700000 0.333333
vt 0.700000 0.500000
vt 0.700000 0.666667
vt 0.700000 0.833333
vt 0.700000 1.000000
vt 0.750000 0.000000
vt 0.750000 0.166667
vt 0.750000 0.333333
vt 0.750000 0.500000
vt 0.750000 0.666667
vt 0.750000 0.833333
vt 0.750000 1.000000
vt 0.800000 0.000000
vt 0.800000 0.166667
vt 0.800000 0.333333
vt 0.800000 0.500000
vt 0.800000 0.666667
vt 0.800000 0.833333
vt 0.800000 1.000000
vt 0.850000 0.000000
vt 0.850000 0.166667
vt 0.850000 0.333333
vt 0.850000 0.500000
vt 0.850000 0.666667
vt 0.850000 0.833333
vt 0.850000 1.000000
vt 0.900000 0.000000
vt 0.900000 0.166667
vt 0.900000 0.333333
vt 0.900000 0.500000
vt 0.900000 0.666667
vt 0.900000 0.833333
vt 0.900000 1.000000
vt 0.950000 0.000000
vt 0.950000 0.166667
vt 0.950000 0.333333
vt 0.950000 0.500000
vt 0.950000 0.666667
vt 0.950000 0.833333
vt 0.950000 1.000000
vt 1.000000 0.000000
vt 1.000000 0.166667
vt 1.000000 0.333333
vt 1.000000 0.500000
vt 1.000000 0.666667
vt 1.000000 0.833333
vt 1.000000 1.000000
vt 0.000000 0.000000
vt 0.125000 0.000000
vt 0.250000 0.000000
vt 0.375000 0.000000
vt 0.500000 0.000000
vt 0.625000 0.000000
vt 0.750000 0.000000
vt 0.875000 0.000000
vt 1.000000 0.000000
vt 0.000000 1.000000
vt 0.125000 1.000000
vt 0.250000 1.000000
vt 0.375000 1.000000
vt 0.500000 1.000000
vt 0.625000 1.000000
vt 0.750000 1.000000
vt 0.875000 1.000000
vt 1.000000 1.000000
vt 0.000000 0.000000
vt 0.125000 0.000000
vt 0.250000 0.000000
vt 0.375000 0.000000
vt 0.500000 0.000000
vt 0.625000 0.000000
vt 0.750000 0.000000
vt 0.875000 0.000000
vt 1.000000 0.000000
vt 0.000000 1.000000
vt 0.125000 1.000000
vt 0.250000 1.000000
vt 0.375000 1.000000
vt 0.500000 1.000000
vt 0.625000 1.000000
vt 0.750000 1.000000
vt 0.875000 1.000000
vt 1.000000 1.000000
vt 0.000000 0.000000
vt 0.125000 0.000000
vt 0.250000 0.000000
vt 0.375000 0.000000
vt 0.500000 0.000000
vt 0.625000 0.000000
vt 0.750000 0.000000
vt 0.875000 0.000000
vt 1.000000 0.000000
vt 0.000000 1.000000
vt 0.125000 1.000000
vt 0.250000 1.000000
vt 0.375000 1.000000
vt 0.500000 1.000000
vt 0.625000 1.000000
vt 0.750000 1.000000
vt 0.875000 1.000000
vt 1.000000 1.000000
vt 0.000000 0.000000
vt 0.125000 0.000000
vt 0.250000 0.000000
vt 0.375000 0.000000
vt 0.500000 0.000000
vt 0.625000 0.000000
vt 0.750000 0.000000
vt 0.875000 0.000000
vt 1.000000 0.000000
vt 0.000000 1.000000
vt 0.125000 1.000000
vt 0.250000 1.000000
vt 0.375000 1.000000
vt 0.500000 1.000000
vt 0.625000 1.000000
vt 0.750000 1.000000
vt 0.875000 1.000000
vt 1.000000 1.000000
vt 0.000000 0.000000
vt 0.125000 0.000000
vt 0.250000 0.000000
vt 0.375000 0.000000
vt 0.500000 0.000000
vt 0.625000 0.000000
vt 0.750000 0.000000
vt 0.875000 0.000000
vt 1.000000 0.000000
vt 0.000000 1.000000
vt 0.125000 1.000000
vt 0.250000 1.000000
vt 0.375000 1.000000
vt 0.500000 1.000000
vt 0.625000 1.000000
vt 0.750000 1.000000
vt 0.875000 1.000000
vt 1.000000 1.000000
vt 0.000000 0.000000
vt 0.125000 0.000000
vt 0.250000 0.000000
vt 0.375000 0.000000
vt 0.500000 0.000000
vt 0.625000 0.000000
vt 0.750000 0.000000
vt 0.875000 0.000000
vt 1.000000 0.000000
vt 0.000000 1.000000
vt 0.125000 1.000000
vt 0.250000 1.000000
vt 0.375000 1.000000
vt 0.500000 1.000000
vt 0.625000 1.000000
vt 0.750000 1.000000
vt 0.875000 1.000000
vt 1.000000 1.000000
vt 0.000000 0.000000
vt 0.125000 0.000000
vt 0.250000 0.000000
vt 0.375000 0.000000
vt 0.500000 0.000000
vt 0.625000 0.000000
vt 0.750000 0.000000
vt 0.875000 0.000000
vt 1.000000 0.000000
vt 0.000000 1.000000
vt 0.125000 1.000000
vt 0.250000 1.000000
vt 0.375000 1.000000
vt 0.500000 1.000000
vt 0.625000 1.000000
vt 0.750000 1.000000
vt 0.875000 1.000000
vt 1.000000 1.000000
vt 0.000000 0.000000
vt 0.125000 0.000000
vt 0.250000 0.000000
vt 0.375000 0.000000
vt 0.500000 0.000000
vt 0.625000 0.000000
vt 0.750000 0.000000
vt 0.875000 0.000000
vt 1.000000 0.000000
vt 0.000000 1.000000
vt 0.125000 1.000000
vt 0.250000 1.000000
vt 0.375000 1.000000
vt 0.500000 1.000000
vt 0.625000 1.000000
vt 0.750000 1.000000
vt 0.875000 1.000000
vt 1.000000 1.000000
vt 0.000000 0.000000
vt 0.125000 0.000000
vt 0.250000 0.000000
vt 0.375000 0.000000
vt 0.500000 0.000000
vt 0.625000 0.000000
vt 0.750000 0.000000
vt 0.875000 0.000000
vt 1.000000 0.000000
vt 0.000000 1.000000
vt 0.125000 1.000000
vt 0.250000 1.000000
vt 0.375000 1.000000
vt 0.500000 1.000000
vt 0.625000 1.000000
vt 0.750000 1.000000
vt 0.875000 1.000000
vt 1.000000 1.000000
vt 0.000000 0.000000
vt 0.125000 0.000000
vt 0.250000 0.000000
vt 0.375000 0.000000
vt 0.500000 0.000000
vt 0.625000 0.000000
vt 0.750000 0.000000
vt 0.875000 0.000000
vt 1.000000 0.000000
vt 0.000000 1.000000
vt 0.125000 1.000000
vt 0.250000 1.000000
vt 0.375000 1.000000
vt 0.500000 1.000000
vt 0.625000 1.000000
vt 0.750000 1.000000
vt 0.875000 1.000000
vt 1.000000 1.000000
vt 0.000000 0.000000
vt 0.083333 0.000000
vt 0.166667 0.000000
vt 0.250000 0.000000
vt 0.333333 0.000000
vt 0.416667 0.000000
vt 0.500000 0.000000
vt 0.583333 0.000000
vt 0.666667 0.000000
vt 0.750000 0.000000
vt 0.833333 0.000000
vt 0.916667 0.000000
vt 1.000000 0.000000
vt 0.000000 0.166667
vt 0.083333 0.166667
vt 0.166667 0.166667
vt 0.250000 0.166667
vt 0.333333 0.166667
vt 0.416667 0.166667
vt 0.500000 0.166667
vt 0.583333 0.166667
vt 0.666667 0.166667
vt 0.750000 0.166667
vt 0.833333 0.166667
vt 0.916667 0.166667
vt 1.000000 0.166667
vt 0.000000 0.333333
vt 0.083333 0.333333
vt 0.166667 0.333333
vt 0.250000 0.333333
vt 0.333333 0.333333
vt 0.416667 0.333333
vt 0.500000 0.333333
vt 0.583333 0.333333
vt 0.666667 0.333333
vt 0.750000 0.333333
vt 0.833333 0.333333
vt 0.916667 0.333333
vt 1.000000 0.333333
vt 0.000000 0.500000
vt 0.083333 0.500000
vt 0.166667 0.500000
vt 0.250000 0.500000
vt 0.333333 0.500000
vt 0.416667 0.500000
vt 0.500000 0.500000
vt 0.583333 0.500000
vt 0.666667 0.500000
vt 0.750000 0.500000
vt 0.833333 0.500000
vt 0.916667 0.500000
vt 1.000000 0.500000
vt 0.000000 0.666667
vt 0.083333 0.666667
vt 0.166667 0.666667
vt 0.250000 0.666667
vt 0.333333 0.666667
vt 0.416667 0.666667
vt 0.500000 0.666667
vt 0.583333 0.666667
vt 0.666667 0.666667
vt 0.750000 0.666667
vt 0.833333 0.666667
vt 0.916667 0.666667
vt 1.000000 0.666667
vt 0.000000 0.833333
vt 0.083333 0.833333
vt 0.166667 0.833333
vt 0.250000 0.833333
vt 0.333333 0.833333
vt 0.416667 0.833333
vt 0.500000 0.833333
vt 0.583333 0.833333
vt 0.666667 0.833333
vt 0.750000 0.833333
vt 0.833333 0.833333
vt 0.916667 0.833333
vt 1.000000 0.833333
vt 0.000000 1.000000
vt 0.083333 1.000000
vt 0.166667 1.000000
vt 0.250000 1.000000
vt 0.333333 1.000000
vt 0.416667 1.000000
vt 0.500000 1.000000
vt 0.583333 1.000000
vt 0.666667 1.000000
vt 0.750000 1.000000
vt 0.833333 1.000000
vt 0.916667 1.000000
vt 1.000000 1.000000
vt 0.000000 0.000000
vt 0.100000 0.000000
vt 0.200000 0.000000
vt 0.300000 0.000000
vt 0.400000 0.000000
vt 0.500000 0.000000
vt 0.600000 0.000000
vt 0.700000 0.000000
vt 0.800000 0.000000
vt 0.900000 0.000000
vt 1.000000 0.000000
vt 0.000000 0.200000
vt 0.100000 0.200000
vt 0.200000 0.200000
vt 0.300000 0.200000
vt 0.400000 0.200000
vt 0.500000 0.200000
vt 0.600000 0.200000
vt 0.700000 0.200000
vt 0.800000 0.200000
vt 0.900000 0.200000
vt 1.000000 0.200000
vt 0.000000 0.400000
vt 0.100000 0.400000
vt 0.200000 0.400000
vt 0.300000 0.400000
vt 0.400000 0.400000
vt 0.500000 0.400000
vt 0.600000 0.400000
vt 0.700000 0.400000
vt 0.800000 0.400000
vt 0.900000 0.400000
vt 1.000000 0.400000
vt 0.000000 0.600000
vt 0.100000 0.600000
vt 0.200000 0.600000
vt 0.300000 0.600000
vt 0.400000 0.600000
vt 0.500000 0.600000
vt 0.600000 0.600000
vt 0.700000 0.600000
vt 0.800000 0.600000
vt 0.900000 0.600000
vt 1.000000 0.600000
vt 0.000000 0.800000
vt 0.100000 0.800000
vt 0.200000 0.800000
vt 0.300000 0.800000
vt 0.400000 0.800000
vt 0.500000 0.800000
vt 0.600000 0.800000
vt 0.700000 0.800000
vt 0.800000 0.800000
vt 0.900000 0.800000
vt 1.000000 0.800000
vt 0.000000 1.000000
vt 0.100000 1.000000
vt 0.200000 1.000000
vt 0.300000 1.000000
vt 0.400000 1.000000
vt 0.500000 1.000000
vt 0.600000 1.000000
vt 0.700000 1.000000
vt 0.800000 1.000000
vt 0.900000 1.000000
vt 1.000000 1.000000
vt 0.000000 0.000000
vt 0.100000 0.000000
vt 0.200000 0.000000
vt 0.300000 0.000000
vt 0.400000 0.000000
vt 0.500000 0.000000
vt 0.600000 0.000000
vt 0.700000 0.000000
vt 0.800000 0.000000
vt 0.900000 0.000000
vt 1.000000 0.000000
vt 0.000000 0.200000
vt 0.100000 0.200000
vt 0.200000 0.200000
vt 0.300000 0.200000
vt 0.400000 0.200000
vt 0.500000 0.200000
vt 0.600000 0.200000
vt 0.700000 0.200000
vt 0.800000 0.200000
vt 0.900000 0.200000
vt 1.000000 0.200000
vt 0.000000 0.400000
vt 0.100000 0.400000
vt 0.200000 0.400000
vt 0.300000 0.400000
vt 0.400000 0.400000
vt 0.500000 0.400000
vt 0.600000 0.400000
vt 0.700000 0.400000
vt 0.800000 0.400000
vt 0.900000 0.400000
vt 1.000000 0.400000
vt 0.000000 0.600000
vt 0.100000 0.600000
vt 0.200000 0.600000
vt 0.300000 0.600000
vt 0.400000 0.600000
vt 0.500000 0.600000
vt 0.600000 0.600000
vt 0.700000 0.600000
vt 0.800000 0.600000
vt 0.900000 0.600000
vt 1.000000 0.600000
vt 0.000000 0.800000
vt 0.100000 0.800000
vt 0.200000 0.800000
vt 0.300000 0.800000
vt 0.400000 0.800000
vt 0.500000 0.800000
vt 0.600000 0.800000
vt 0.700000 0.800000
vt 0.800000 0.800000
vt 0.900000 0.800000
vt 1.000000 0.800000
vt 0.000000 1.000000
vt 0.100000 1.000000
vt 0.200000 1.000000
vt 0.300000 1.000000
vt 0.400000 1.000000
vt 0.500000 1.000000
vt 0.600000 1.000000
vt 0.700000 1.000000
vt 0.800000 1.000000
vt 0.900000 1.000000
vt 1.000000 1.000000
vt 0.000000 0.000000
vt 0.100000 0.000000
vt 0.200000 0.000000
vt 0.300000 0.000000
vt 0.400000 0.000000
vt 0.500000 0.000000
vt 0.600000 0.000000
vt 0.700000 0.000000
vt 0.800000 0.000000
vt 0.900000 0.000000
vt 1.000000 0.000000
vt 0.000000 0.200000
vt 0.100000 0.200000
vt 0.200000 0.200000
vt 0.300000 0.200000
vt 0.400000 0.200000
vt 0.500000 0.200000
vt 0.600000 0.200000
vt 0.700000 0.200000
vt 0.800000 0.200000
vt 0.900000 0.200000
vt 1.000000 0.200000
vt 0.000000 0.400000
vt 0.100000 0.400000
vt 0.200000 0.400000
vt 0.300000 0.400000
vt 0.400000 0.400000
vt 0.500000 0.400000
vt 0.600000 0.400000
vt 0.700000 0.400000
vt 0.800000 0.400000
vt 0.900000 0.400000
vt 1.000000 0.400000
vt 0.000000 0.600000
vt 0.100000 0.600000
vt 0.200000 0.600000
vt 0.300000 0.600000
vt 0.400000 0.600000
vt 0.500000 0.600000
vt 0.600000 0.600000
vt 0.700000 0.600000
vt 0.800000 0.600000
vt 0.900000 0.600000
vt 1.000000 0.600000
vt 0.000000 0.800000
vt 0.100000 0.800000
vt 0.200000 0.800000
vt 0.300000 0.800000
vt 0.400000 0.800000
vt 0.500000 0.800000
vt 0.600000 0.800000
vt 0.700000 0.800000
vt 0.800000 0.800000
vt 0.900000 0.800000
vt 1.000000 0.800000
vt 0.000000 1.000000
vt 0.100000 1.000000
vt 0.200000 1.000000
vt 0.300000 1.000000
vt 0.400000 1.000000
vt 0.500000 1.000000
vt 0.600000 1.000000
vt 0.700000 1.000000
vt 0.800000 1.000000
vt 0.900000 1.000000
vt 1.000000 1.000000
vt 0.000000 0.000000
vt 0.100000 0.000000
vt 0.200000 0.000000
vt 0.300000 0.000000
vt 0.400000 0.000000
vt 0.500000 0.000000
vt 0.600000 0.000000
vt 0.700000 0.000000
vt 0.800000 0.000000
vt 0.900000 0.000000
vt 1.000000 0.000000
vt 0.000000 0.200000
vt 0.100000 0.200000
vt 0.200000 0.200000
vt 0.300000 0.200000
vt 0.400000 0.200000
vt 0.500000 0.200000
vt 0.600000 0.200000
vt 0.700000 0.200000
vt 0.800000 0.200000
vt 0.900000 0.200000
vt 1.000000 0.200000
vt 0.000000 0.400000
vt 0.100000 0.400000
vt 0.200000 0.400000
vt 0.300000 0.400000
vt 0.400000 0.400000
vt 0.500000 0.400000
vt 0.600000 0.400000
vt 0.700000 0.400000
vt 0.800000 0.400000
vt 0.900000 0.400000
vt 1.000000 0.400000
vt 0.000000 0.600000
vt 0.100000 0.600000
vt 0.200000 0.600000
vt 0.300000 0.600000
vt 0.400000 0.600000
vt 0.500000 0.600000
vt 0.600000 0.600000
vt 0.700000 0.600000
vt 0.800000 0.600000
vt 0.900000 0.600000
vt 1.000000 0.600000
vt 0.000000 0.800000
vt 0.100000 0.800000
vt 0.200000 0.800000
vt 0.300000 0.800000
vt 0.400000 0.800000
vt 0.500000 0.800000
vt 0.600000 0.800000
vt 0.700000 0.800000
vt 0.800000 0.800000
vt 0.900000 0.800000
vt 1.000000 0.800000
vt 0.000000 1.000000
vt 0.100000 1.000000
vt 0.200000 1.000000
vt 0.300000 1.000000
vt 0.400000 1.000000
vt 0.500000 1.000000
vt 0.600000 1.000000
vt 0.700000 1.000000
vt 0.800000 1.000000
vt 0.900000 1.000000
vt 1.000000 1.000000
vt 0.000000 0.000000
vt 0.100000 0.000000
vt 0.200000 0.000000
vt 0.300000 0.000000
vt 0.400000 0.000000
vt 0.500000 0.000000
vt 0.600000 0.000000
vt 0.700000 0.000000
vt 0.800000 0.000000
vt 0.900000 0.000000
vt 1.000000 0.000000
vt 0.000000 0.200000
vt 0.100000 0.200000
vt 0.200000 0.200000
vt 0.300000 0.200000
vt 0.400000 0.200000
vt 0.500000 0.200000
vt 0.600000 0.200000
vt 0.700000 0.200000
vt 0.800000 0.200000
vt 0.900000 0.200000
vt 1.000000 0.200000
vt 0.000000 0.400000
vt 0.100000 0.400000
vt 0.200000 0.400000
vt 0.300000 0.400000
vt 0.400000 0.400000
vt 0.500000 0.400000
vt 0.600000 0.400000
vt 0.700000 0.400000
vt 0.800000 0.400000
vt 0.900000 0.400000
vt 1.000000 0.400000
vt 0.000000 0.600000
vt 0.100000 0.600000
vt 0.200000 0.600000
vt 0.300000 0.600000
vt 0.400000 0.600000
vt 0.500000 0.600000
vt 0.600000 0.600000
vt 0.700000 0.600000
vt 0.800000 0.600000
vt 0.900000 0.600000
vt 1.000000 0.600000
vt 0.000000 0.800000
vt 0.100000 0.800000
vt 0.200000 0.800000
vt 0.300000 0.800000
vt 0.400000 0.800000
vt 0.500000 0.800000
vt 0.600000 0.800000
vt 0.700000 0.800000
vt 0.800000 0.800000
vt 0.900000 0.800000
vt 1.000000 0.800000
vt 0.000000 1.000000
vt 0.100000 1.000000
vt 0.200000 1.000000
vt 0.300000 1.000000
vt 0.400000 1.000000
vt 0.500000 1.000000
vt 0.600000 1.000000
vt 0.700000 1.000000
vt 0.800000 1.000000
vt 0.900000 1.000000
vt 1.000000 1.000000
vt 0.000000 0.000000
vt 0.100000 0.000000
vt 0.200000 0.000000
vt 0.300000 0.000000
vt 0.400000 0.000000
vt 0.500000 0.000000
vt 0.600000 0.000000
vt 0.700000 0.000000
vt 0.800000 0.000000
vt 0.900000 0.000000
vt 1.000000 0.000000
vt 0.000000 0.200000
vt 0.100000 0.200000
vt 0.200000 0.200000
vt 0.300000 0.200000
vt 0.400000 0.200000
vt 0.500000 0.200000
vt 0.600000 0.200000
vt 0.700000 0.200000
vt 0.800000 0.200000
vt 0.900000 0.200000
vt 1.000000 0.200000
vt 0.000000 0.400000
vt 0.100000 0.400000
vt 0.200000 0.400000
vt 0.300000 0.400000
vt 0.400000 0.400000
vt 0.500000 0.400000
vt 0.600000 0.400000
vt 0.700000 0.400000
vt 0.800000 0.400000
vt 0.900000 0.400000
vt 1.000000 0.400000
vt 0.000000 0.600000
vt 0.100000 0.600000
vt 0.200000 0.600000
vt 0.300000 0.600000
vt 0.400000 0.600000
vt 0.500000 0.600000
vt 0.600000 0.600000
vt 0.700000 0.600000
vt 0.800000 0.600000
vt 0.900000 0.600000
vt 1.000000 0.600000
vt 0.000000 0.800000
vt 0.100000 0.800000
vt 0.200000 0.800000
vt 0.300000 0.800000
vt 0.400000 0.800000
vt 0.500000 0.800000
vt 0.600000 0.800000
vt 0.700000 0.800000
vt 0.800000 0.800000
vt 0.900000 0.800000
vt 1.000000 0.800000
vt 0.000000 1.000000
vt 0.100000 1.000000
vt 0.200000 1.000000
vt 0.300000 1.000000
vt 0.400000 1.000000
vt 0.500000 1.000000
vt 0.600000 1.000000
vt 0.700000 1.000000
vt 0.800000 1.000000
vt 0.900000 1.000000
vt 1.000000 1.000000
vt 0.000000 0.000000
vt 0.100000 0.000000
vt 0.200000 0.000000
vt 0.300000 0.000000
vt 0.400000 0.000000
vt 0.500000 0.000000
vt 0.600000 0.000000
vt 0.700000 0.000000
vt 0.800000 0.000000
vt 0.900000 0.000000
vt 1.000000 0.000000
vt 0.000000 0.200000
vt 0.100000 0.200000
vt 0.200000 0.200000
vt 0.300000 0.200000
vt 0.400000 0.200000
vt 0.500000 0.200000
vt 0.600000 0.200000
vt 0.700000 0.200000
vt 0.800000 0.200000
vt 0.900000 0.200000
vt 1.000000 0.200000
vt 0.000000 0.400000
vt 0.100000 0.400000
vt 0.200000 0.400000
vt 0.300000 0.400000
vt 0.400000 0.400000
vt 0.500000 0.400000
vt 0.600000 0.400000
vt 0.700000 0.400000
vt 0.800000 0.400000
vt 0.900000 0.400000
vt 1.000000 0.400000
vt 0.000000 0.600000
vt 0.100000 0.600000
vt 0.200000 0.600000
vt 0.300000 0.600000
vt 0.400000 0.600000
vt 0.500000 0.600000
vt 0.600000 0.600000
vt 0.700000 0.600000
vt 0.800000 0.600000
vt 0.900000 0.600000
vt 1.000000 0.600000
vt 0.000000 0.800000
vt 0.100000 0.800000
vt 0.200000 0.800000
vt 0.300000 0.800000
vt 0.400000 0.800000
vt 0.500000 0.800000
vt 0.600000 0.800000
vt 0.700000 0.800000
vt 0.800000 0.800000
vt 0.900000 0.800000
vt 1.000000 0.800000
vt 0.000000 1.000000
vt 0.100000 1.000000
vt 0.200000 1.000000
vt 0.300000 1.000000
vt 0.400000 1.000000
vt 0.500000 1.000000
vt 0.600000 1.000000
vt 0.700000 1.000000
vt 0.800000 1.000000
vt 0.900000 1.000000
vt 1.000000 1.000000
o forearm_base
usemtl BlackLeather
f 1/1 2/2 17/17 16/16
usemtl BlackLeather
f 2/2 3/3 18/18 17/17
usemtl BlackLeather
f 3/3 4/4 19/19 18/18
usemtl BlackLeather
f 4/4 5/5 20/20 19/19
usemtl BlackLeather
f 5/5 6/6 21/21 20/20
usemtl BlackLeather
f 6/6 7/7 22/22 21/21
usemtl BlackLeather
f 7/7 8/8 23/23 22/22
usemtl BlackLeather
f 8/8 9/9 24/24 23/23
usemtl BlackLeather
f 9/9 10/10 25/25 24/24
usemtl BlackLeather
f 10/10 11/11 26/26 25/25
usemtl BlackLeather
f 11/11 12/12 27/27 26/26
usemtl BlackLeather
f 12/12 13/13 28/28 27/27
usemtl BlackLeather
f 13/13 14/14 29/29 28/28
usemtl BlackLeather
f 14/14 15/15 30/30 29/29
usemtl BlackLeather
f 16/16 17/17 32/32 31/31
usemtl BlackLeather
f 17/17 18/18 33/33 32/32
usemtl BlackLeather
f 18/18 19/19 34/34 33/33
usemtl BlackLeather
f 19/19 20/20 35/35 34/34
usemtl BlackLeather
f 20/20 21/21 36/36 35/35
usemtl BlackLeather
f 21/21 22/22 37/37 36/36
usemtl BlackLeather
f 22/22 23/23 38/38 37/37
usemtl BlackLeather
f 23/23 24/24 39/39 38/38
usemtl BlackLeather
f 24/24 25/25 40/40 39/39
usemtl BlackLeather
f 25/25 26/26 41/41 40/40
usemtl BlackLeather
f 26/26 27/27 42/42 41/41
usemtl BlackLeather
f 27/27 28/28 43/43 42/42
usemtl BlackLeather
f 28/28 29/29 44/44 43/43
usemtl BlackLeather
f 29/29 30/30 45/45 44/44
o hand_palm
usemtl BlackLeather
f 46/46 47/47 64/64 63/63
usemtl BlackLeather
f 47/47 48/48 65/65 64/64
usemtl BlackLeather
f 48/48 49/49 66/66 65/65
usemtl BlackLeather
f 49/49 50/50 67/67 66/66
usemtl BlackLeather
f 50/50 51/51 68/68 67/67
usemtl BlackLeather
f 51/51 52/52 69/69 68/68
usemtl BlackLeather
f 52/52 53/53 70/70 69/69
usemtl BlackLeather
f 53/53 54/54 71/71 70/70
usemtl BlackLeather
f 54/54 55/55 72/72 71/71
usemtl BlackLeather
f 55/55 56/56 73/73 72/72
usemtl BlackLeather
f 56/56 57/57 74/74 73/73
usemtl BlackLeather
f 57/57 58/58 75/75 74/74
usemtl BlackLeather
f 58/58 59/59 76/76 75/75
usemtl BlackLeather
f 59/59 60/60 77/77 76/76
usemtl BlackLeather
f 60/60 61/61 78/78 77/77
usemtl BlackLeather
f 61/61 62/62 79/79 78/78
usemtl BlackLeather
f 63/63 64/64 81/81 80/80
usemtl BlackLeather
f 64/64 65/65 82/82 81/81
usemtl BlackLeather
f 65/65 66/66 83/83 82/82
usemtl BlackLeather
f 66/66 67/67 84/84 83/83
usemtl BlackLeather
f 67/67 68/68 85/85 84/84
usemtl BlackLeather
f 68/68 69/69 86/86 85/85
usemtl BlackLeather
f 69/69 70/70 87/87 86/86
usemtl BlackLeather
f 70/70 71/71 88/88 87/87
usemtl BlackLeather
f 71/71 72/72 89/89 88/88
usemtl BlackLeather
f 72/72 73/73 90/90 89/89
usemtl BlackLeather
f 73/73 74/74 91/91 90/90
usemtl BlackLeather
f 74/74 75/75 92/92 91/91
usemtl BlackLeather
f 75/75 76/76 93/93 92/92
usemtl BlackLeather
f 76/76 77/77 94/94 93/93
usemtl BlackLeather
f 77/77 78/78 95/95 94/94
usemtl BlackLeather
f 78/78 79/79 96/96 95/95
usemtl BlackLeather
f 80/80 81/81 98/98 97/97
usemtl BlackLeather
f 81/81 82/82 99/99 98/98
usemtl BlackLeather
f 82/82 83/83 100/100 99/99
usemtl BlackLeather
f 83/83 84/84 101/101 100/100
usemtl BlackLeather
f 84/84 85/85 102/102 101/101
usemtl BlackLeather
f 85/85 86/86 103/103 102/102
usemtl BlackLeather
f 86/86 87/87 104/104 103/103
usemtl BlackLeather
f 87/87 88/88 105/105 104/104
usemtl BlackLeather
f 88/88 89/89 106/106 105/105
usemtl BlackLeather
f 89/89 90/90 107/107 106/106
usemtl BlackLeather
f 90/90 91/91 108/108 107/107
usemtl BlackLeather
f 91/91 92/92 109/109 108/108
usemtl BlackLeather
f 92/92 93/93 110/110 109/109
usemtl BlackLeather
f 93/93 94/94 111/111 110/110
usemtl BlackLeather
f 94/94 95/95 112/112 111/111
usemtl BlackLeather
f 95/95 96/96 113/113 112/112
usemtl BlackLeather
f 97/97 98/98 115/115 114/114
usemtl BlackLeather
f 98/98 99/99 116/116 115/115
usemtl BlackLeather
f 99/99 100/100 117/117 116/116
usemtl BlackLeather
f 100/100 101/101 118/118 117/117
usemtl BlackLeather
f 101/101 102/102 119/119 118/118
usemtl BlackLeather
f 102/102 103/103 120/120 119/119
usemtl BlackLeather
f 103/103 104/104 121/121 120/120
usemtl BlackLeather
f 104/104 105/105 122/122 121/121
usemtl BlackLeather
f 105/105 106/106 123/123 122/122
usemtl BlackLeather
f 106/106 107/107 124/124 123/123
usemtl BlackLeather
f 107/107 108/108 125/125 124/124
usemtl BlackLeather
f 108/108 109/109 126/126 125/125
usemtl BlackLeather
f 109/109 110/110 127/127 126/126
usemtl BlackLeather
f 110/110 111/111 128/128 127/127
usemtl BlackLeather
f 111/111 112/112 129/129 128/128
usemtl BlackLeather
f 112/112 113/113 130/130 129/129
usemtl BlackLeather
f 114/114 115/115 132/132 131/131
usemtl BlackLeather
f 115/115 116/116 133/133 132/132
usemtl BlackLeather
f 116/116 117/117 134/134 133/133
usemtl BlackLeather
f 117/117 118/118 135/135 134/134
usemtl BlackLeather
f 118/118 119/119 136/136 135/135
usemtl BlackLeather
f 119/119 120/120 137/137 136/136
usemtl BlackLeather
f 120/120 121/121 138/138 137/137
usemtl BlackLeather
f 121/121 122/122 139/139 138/138
usemtl BlackLeather
f 122/122 123/123 140/140 139/139
usemtl BlackLeather
f 123/123 124/124 141/141 140/140
usemtl BlackLeather
f 124/124 125/125 142/142 141/141
usemtl BlackLeather
f 125/125 126/126 143/143 142/142
usemtl BlackLeather
f 126/126 127/127 144/144 143/143
usemtl BlackLeather
f 127/127 128/128 145/145 144/144
usemtl BlackLeather
f 128/128 129/129 146/146 145/145
usemtl BlackLeather
f 129/129 130/130 147/147 146/146
usemtl BlackLeather
f 131/131 132/132 149/149 148/148
usemtl BlackLeather
f 132/132 133/133 150/150 149/149
usemtl BlackLeather
f 133/133 134/134 151/151 150/150
usemtl BlackLeather
f 134/134 135/135 152/152 151/151
usemtl BlackLeather
f 135/135 136/136 153/153 152/152
usemtl BlackLeather
f 136/136 137/137 154/154 153/153
usemtl BlackLeather
f 137/137 138/138 155/155 154/154
usemtl BlackLeather
f 138/138 139/139 156/156 155/155
usemtl BlackLeather
f 139/139 140/140 157/157 156/156
usemtl BlackLeather
f 140/140 141/141 158/158 157/157
usemtl BlackLeather
f 141/141 142/142 159/159 158/158
usemtl BlackLeather
f 142/142 143/143 160/160 159/159
usemtl BlackLeather
f 143/143 144/144 161/161 160/160
usemtl BlackLeather
f 144/144 145/145 162/162 161/161
usemtl BlackLeather
f 145/145 146/146 163/163 162/162
usemtl BlackLeather
f 146/146 147/147 164/164 163/163
usemtl BlackLeather
f 148/148 149/149 166/166 165/165
usemtl BlackLeather
f 149/149 150/150 167/167 166/166
usemtl BlackLeather
f 150/150 151/151 168/168 167/167
usemtl BlackLeather
f 151/151 152/152 169/169 168/168
usemtl BlackLeather
f 152/152 153/153 170/170 169/169
usemtl BlackLeather
f 153/153 154/154 171/171 170/170
usemtl BlackLeather
f 154/154 155/155 172/172 171/171
usemtl BlackLeather
f 155/155 156/156 173/173 172/172
usemtl BlackLeather
f 156/156 157/157 174/174 173/173
usemtl BlackLeather
f 157/157 158/158 175/175 174/174
usemtl BlackLeather
f 158/158 159/159 176/176 175/175
usemtl BlackLeather
f 159/159 160/160 177/177 176/176
usemtl BlackLeather
f 160/160 161/161 178/178 177/177
usemtl BlackLeather
f 161/161 162/162 179/179 178/178
usemtl BlackLeather
f 162/162 163/163 180/180 179/179
usemtl BlackLeather
f 163/163 164/164 181/181 180/180
usemtl BlackLeather
f 165/165 166/166 183/183 182/182
usemtl BlackLeather
f 166/166 167/167 184/184 183/183
usemtl BlackLeather
f 167/167 168/168 185/185 184/184
usemtl BlackLeather
f 168/168 169/169 186/186 185/185
usemtl BlackLeather
f 169/169 170/170 187/187 186/186
usemtl BlackLeather
f 170/170 171/171 188/188 187/187
usemtl BlackLeather
f 171/171 172/172 189/189 188/188
usemtl BlackLeather
f 172/172 173/173 190/190 189/189
usemtl BlackLeather
f 173/173 174/174 191/191 190/190
usemtl BlackLeather
f 174/174 175/175 192/192 191/191
usemtl BlackLeather
f 175/175 176/176 193/193 192/192
usemtl BlackLeather
f 176/176 177/177 194/194 193/193
usemtl BlackLeather
f 177/177 178/178 195/195 194/194
usemtl BlackLeather
f 178/178 179/179 196/196 195/195
usemtl BlackLeather
f 179/179 180/180 197/197 196/196
usemtl BlackLeather
f 180/180 181/181 198/198 197/197
usemtl BlackLeather
f 182/182 183/183 200/200 199/199
usemtl BlackLeather
f 183/183 184/184 201/201 200/200
usemtl BlackLeather
f 184/184 185/185 202/202 201/201
usemtl BlackLeather
f 185/185 186/186 203/203 202/202
usemtl BlackLeather
f 186/186 187/187 204/204 203/203
usemtl BlackLeather
f 187/187 188/188 205/205 204/204
usemtl BlackLeather
f 188/188 189/189 206/206 205/205
usemtl BlackLeather
f 189/189 190/190 207/207 206/206
usemtl BlackLeather
f 190/190 191/191 208/208 207/207
usemtl BlackLeather
f 191/191 192/192 209/209 208/208
usemtl BlackLeather
f 192/192 193/193 210/210 209/209
usemtl BlackLeather
f 193/193 194/194 211/211 210/210
usemtl BlackLeather
f 194/194 195/195 212/212 211/211
usemtl BlackLeather
f 195/195 196/196 213/213 212/212
usemtl BlackLeather
f 196/196 197/197 214/214 213/213
usemtl BlackLeather
f 197/197 198/198 215/215 214/214
usemtl BlackLeather
f 199/199 200/200 217/217 216/216
usemtl BlackLeather
f 200/200 201/201 218/218 217/217
usemtl BlackLeather
f 201/201 202/202 219/219 218/218
usemtl BlackLeather
f 202/202 203/203 220/220 219/219
usemtl BlackLeather
f 203/203 204/204 221/221 220/220
usemtl BlackLeather
f 204/204 205/205 222/222 221/221
usemtl BlackLeather
f 205/205 206/206 223/223 222/222
usemtl BlackLeather
f 206/206 207/207 224/224 223/223
usemtl BlackLeather
f 207/207 208/208 225/225 224/224
usemtl BlackLeather
f 208/208 209/209 226/226 225/225
usemtl BlackLeather
f 209/209 210/210 227/227 226/226
usemtl BlackLeather
f 210/210 211/211 228/228 227/227
usemtl BlackLeather
f 211/211 212/212 229/229 228/228
usemtl BlackLeather
f 212/212 213/213 230/230 229/229
usemtl BlackLeather
f 213/213 214/214 231/231 230/230
usemtl BlackLeather
f 214/214 215/215 232/232 231/231
o finger_0
usemtl BlackLeather
f 233/233 234/234 247/247 246/246
usemtl BlackLeather
f 234/234 235/235 248/248 247/247
usemtl BlackLeather
f 235/235 236/236 249/249 248/248
usemtl BlackLeather
f 236/236 237/237 250/250 249/249
usemtl BlackLeather
f 237/237 238/238 251/251 250/250
usemtl BlackLeather
f 238/238 239/239 252/252 251/251
usemtl BlackLeather
f 239/239 240/240 253/253 252/252
usemtl BlackLeather
f 240/240 241/241 254/254 253/253
usemtl BlackLeather
f 241/241 242/242 255/255 254/254
usemtl BlackLeather
f 242/242 243/243 256/256 255/255
usemtl BlackLeather
f 243/243 244/244 257/257 256/256
usemtl BlackLeather
f 244/244 245/245 258/258 257/257
usemtl BlackLeather
f 246/246 247/247 260/260 259/259
usemtl BlackLeather
f 247/247 248/248 261/261 260/260
usemtl BlackLeather
f 248/248 249/249 262/262 261/261
usemtl BlackLeather
f 249/249 250/250 263/263 262/262
usemtl BlackLeather
f 250/250 251/251 264/264 263/263
usemtl BlackLeather
f 251/251 252/252 265/265 264/264
usemtl BlackLeather
f 252/252 253/253 266/266 265/265
usemtl BlackLeather
f 253/253 254/254 267/267 266/266
usemtl BlackLeather
f 254/254 255/255 268/268 267/267
usemtl BlackLeather
f 255/255 256/256 269/269 268/268
usemtl BlackLeather
f 256/256 257/257 270/270 269/269
usemtl BlackLeather
f 257/257 258/258 271/271 270/270
usemtl BlackLeather
f 259/259 260/260 273/273 272/272
usemtl BlackLeather
f 260/260 261/261 274/274 273/273
usemtl BlackLeather
f 261/261 262/262 275/275 274/274
usemtl BlackLeather
f 262/262 263/263 276/276 275/275
usemtl BlackLeather
f 263/263 264/264 277/277 276/276
usemtl BlackLeather
f 264/264 265/265 278/278 277/277
usemtl BlackLeather
f 265/265 266/266 279/279 278/278
usemtl BlackLeather
f 266/266 267/267 280/280 279/279
usemtl BlackLeather
f 267/267 268/268 281/281 280/280
usemtl BlackLeather
f 268/268 269/269 282/282 281/281
usemtl BlackLeather
f 269/269 270/270 283/283 282/282
usemtl BlackLeather
f 270/270 271/271 284/284 283/283
usemtl BlackLeather
f 272/272 273/273 286/286 285/285
usemtl BlackLeather
f 273/273 274/274 287/287 286/286
usemtl BlackLeather
f 274/274 275/275 288/288 287/287
usemtl BlackLeather
f 275/275 276/276 289/289 288/288
usemtl BlackLeather
f 276/276 277/277 290/290 289/289
usemtl BlackLeather
f 277/277 278/278 291/291 290/290
usemtl BlackLeather
f 278/278 279/279 292/292 291/291
usemtl BlackLeather
f 279/279 280/280 293/293 292/292
usemtl BlackLeather
f 280/280 281/281 294/294 293/293
usemtl BlackLeather
f 281/281 282/282 295/295 294/294
usemtl BlackLeather
f 282/282 283/283 296/296 295/295
usemtl BlackLeather
f 283/283 284/284 297/297 296/296
usemtl BlackLeather
f 285/285 286/286 299/299 298/298
usemtl BlackLeather
f 286/286 287/287 300/300 299/299
usemtl BlackLeather
f 287/287 288/288 301/301 300/300
usemtl BlackLeather
f 288/288 289/289 302/302 301/301
usemtl BlackLeather
f 289/289 290/290 303/303 302/302
usemtl BlackLeather
f 290/290 291/291 304/304 303/303
usemtl BlackLeather
f 291/291 292/292 305/305 304/304
usemtl BlackLeather
f 292/292 293/293 306/306 305/305
usemtl BlackLeather
f 293/293 294/294 307/307 306/306
usemtl BlackLeather
f 294/294 295/295 308/308 307/307
usemtl BlackLeather
f 295/295 296/296 309/309 308/308
usemtl BlackLeather
f 296/296 297/297 310/310 309/309
usemtl BlackLeather
f 298/298 299/299 312/312 311/311
usemtl BlackLeather
f 299/299 300/300 313/313 312/312
usemtl BlackLeather
f 300/300 301/301 314/314 313/313
usemtl BlackLeather
f 301/301 302/302 315/315 314/314
usemtl BlackLeather
f 302/302 303/303 316/316 315/315
usemtl BlackLeather
f 303/303 304/304 317/317 316/316
usemtl BlackLeather
f 304/304 305/305 318/318 317/317
usemtl BlackLeather
f 305/305 306/306 319/319 318/318
usemtl BlackLeather
f 306/306 307/307 320/320 319/319
usemtl BlackLeather
f 307/307 308/308 321/321 320/320
usemtl BlackLeather
f 308/308 309/309 322/322 321/321
usemtl BlackLeather
f 309/309 310/310 323/323 322/322
usemtl BlackLeather
f 311/311 312/312 325/325 324/324
usemtl BlackLeather
f 312/312 313/313 326/326 325/325
usemtl BlackLeather
f 313/313 314/314 327/327 326/326
usemtl BlackLeather
f 314/314 315/315 328/328 327/327
usemtl BlackLeather
f 315/315 316/316 329/329 328/328
usemtl BlackLeather
f 316/316 317/317 330/330 329/329
usemtl BlackLeather
f 317/317 318/318 331/331 330/330
usemtl BlackLeather
f 318/318 319/319 332/332 331/331
usemtl BlackLeather
f 319/319 320/320 333/333 332/332
usemtl BlackLeather
f 320/320 321/321 334/334 333/333
usemtl BlackLeather
f 321/321 322/322 335/335 334/334
usemtl BlackLeather
f 322/322 323/323 336/336 335/335
usemtl BlackLeather
f 324/324 325/325 338/338 337/337
usemtl BlackLeather
f 325/325 326/326 339/339 338/338
usemtl BlackLeather
f 326/326 327/327 340/340 339/339
usemtl BlackLeather
f 327/327 328/328 341/341 340/340
usemtl BlackLeather
f 328/328 329/329 342/342 341/341
usemtl BlackLeather
f 329/329 330/330 343/343 342/342
usemtl BlackLeather
f 330/330 331/331 344/344 343/343
usemtl BlackLeather
f 331/331 332/332 345/345 344/344
usemtl BlackLeather
f 332/332 333/333 346/346 345/345
usemtl BlackLeather
f 333/333 334/334 347/347 346/346
usemtl BlackLeather
f 334/334 335/335 348/348 347/347
usemtl BlackLeather
f 335/335 336/336 349/349 348/348
o finger_1
usemtl BlackLeather
f 350/350 351/351 364/364 363/363
usemtl BlackLeather
f 351/351 352/352 365/365 364/364
usemtl BlackLeather
f 352/352 353/353 366/366 365/365
usemtl BlackLeather
f 353/353 354/354 367/367 366/366
usemtl BlackLeather
f 354/354 355/355 368/368 367/367
usemtl BlackLeather
f 355/355 356/356 369/369 368/368
usemtl BlackLeather
f 356/356 357/357 370/370 369/369
usemtl BlackLeather
f 357/357 358/358 371/371 370/370
usemtl BlackLeather
f 358/358 359/359 372/372 371/371
usemtl BlackLeather
f 359/359 360/360 373/373 372/372
usemtl BlackLeather
f 360/360 361/361 374/374 373/373
usemtl BlackLeather
f 361/361 362/362 375/375 374/374
usemtl BlackLeather
f 363/363 364/364 377/377 376/376
usemtl BlackLeather
f 364/364 365/365 378/378 377/377
usemtl BlackLeather
f 365/365 366/366 379/379 378/378
usemtl BlackLeather
f 366/366 367/367 380/380 379/379
usemtl BlackLeather
f 367/367 368/368 381/381 380/380
usemtl BlackLeather
f 368/368 369/369 382/382 381/381
usemtl BlackLeather
f 369/369 370/370 383/383 382/382
usemtl BlackLeather
f 370/370 371/371 384/384 383/383
usemtl BlackLeather
f 371/371 372/372 385/385 384/384
usemtl BlackLeather
f 372/372 373/373 386/386 385/385
usemtl BlackLeather
f 373/373 374/374 387/387 386/386
usemtl BlackLeather
f 374/374 375/375 388/388 387/387
usemtl BlackLeather
f 376/376 377/377 390/390 389/389
usemtl BlackLeather
f 377/377 378/378 391/391 390/390
usemtl BlackLeather
f 378/378 379/379 392/392 391/391
usemtl BlackLeather
f 379/379 380/380 393/393 392/392
usemtl BlackLeather
f 380/380 381/381 394/394 393/393
usemtl BlackLeather
f 381/381 382/382 395/395 394/394
usemtl BlackLeather
f 382/382 383/383 396/396 395/395
usemtl BlackLeather
f 383/383 384/384 397/397 396/396
usemtl BlackLeather
f 384/384 385/385 398/398 397/397
usemtl BlackLeather
f 385/385 386/386 399/399 398/398
usemtl BlackLeather
f 386/386 387/387 400/400 399/399
usemtl BlackLeather
f 387/387 388/388 401/401 400/400
usemtl BlackLeather
f 389/389 390/390 403/403 402/402
usemtl BlackLeather
f 390/390 391/391 404/404 403/403
usemtl BlackLeather
f 391/391 392/392 405/405 404/404
usemtl BlackLeather
f 392/392 393/393 406/406 405/405
usemtl BlackLeather
f 393/393 394/394 407/407 406/406
usemtl BlackLeather
f 394/394 395/395 408/408 407/407
usemtl BlackLeather
f 395/395 396/396 409/409 408/408
usemtl BlackLeather
f 396/396 397/397 410/410 409/409
usemtl BlackLeather
f 397/397 398/398 411/411 410/410
usemtl BlackLeather
f 398/398 399/399 412/412 411/411
usemtl BlackLeather
f 399/399 400/400 413/413 412/412
usemtl BlackLeather
f 400/400 401/401 414/414 413/413
usemtl BlackLeather
f 402/402 403/403 416/416 415/415
usemtl BlackLeather
f 403/403 404/404 417/417 416/416
usemtl BlackLeather
f 404/404 405/405 418/418 417/417
usemtl BlackLeather
f 405/405 406/406 419/419 418/418
usemtl BlackLeather
f 406/406 407/407 420/420 419/419
usemtl BlackLeather
f 407/407 408/408 421/421 420/420
usemtl BlackLeather
f 408/408 409/409 422/422 421/421
usemtl BlackLeather
f 409/409 410/410 423/423 422/422
usemtl BlackLeather
f 410/410 411/411 424/424 423/423
usemtl BlackLeather
f 411/411 412/412 425/425 424/424
usemtl BlackLeather
f 412/412 413/413 426/426 425/425
usemtl BlackLeather
f 413/413 414/414 427/427 426/426
usemtl BlackLeather
f 415/415 416/416 429/429 428/428
usemtl BlackLeather
f 416/416 417/417 430/430 429/429
usemtl BlackLeather
f 417/417 418/418 431/431 430/430
usemtl BlackLeather
f 418/418 419/419 432/432 431/431
usemtl BlackLeather
f 419/419 420/420 433/433 432/432
usemtl BlackLeather
f 420/420 421/421 434/434 433/433
usemtl BlackLeather
f 421/421 422/422 435/435 434/434
usemtl BlackLeather
f 422/422 423/423 436/436 435/435
usemtl BlackLeather
f 423/423 424/424 437/437 436/436
usemtl BlackLeather
f 424/424 425/425 438/438 437/437
usemtl BlackLeather
f 425/425 426/426 439/439 438/438
usemtl BlackLeather
f 426/426 427/427 440/440 439/439
usemtl BlackLeather
f 428/428 429/429 442/442 441/441
usemtl BlackLeather
f 429/429 430/430 443/443 442/442
usemtl BlackLeather
f 430/430 431/431 444/444 443/443
usemtl BlackLeather
f 431/431 432/432 445/445 444/444
usemtl BlackLeather
f 432/432 433/433 446/446 445/445
usemtl BlackLeather
f 433/433 434/434 447/447 446/446
usemtl BlackLeather
f 434/434 435/435 448/448 447/447
usemtl BlackLeather
f 435/435 436/436 449/449 448/448
usemtl BlackLeather
f 436/436 437/437 450/450 449/449
usemtl BlackLeather
f 437/437 438/438 451/451 450/450
usemtl BlackLeather
f 438/438 439/439 452/452 451/451
usemtl BlackLeather
f 439/439 440/440 453/453 452/452
usemtl BlackLeather
f 441/441 442/442 455/455 454/454
usemtl BlackLeather
f 442/442 443/443 456/456 455/455
usemtl BlackLeather
f 443/443 444/444 457/457 456/456
usemtl BlackLeather
f 444/444 445/445 458/458 457/457
usemtl BlackLeather
f 445/445 446/446 459/459 458/458
usemtl BlackLeather
f 446/446 447/447 460/460 459/459
usemtl BlackLeather
f 447/447 448/448 461/461 460/460
usemtl BlackLeather
f 448/448 449/449 462/462 461/461
usemtl BlackLeather
f 449/449 450/450 463/463 462/462
usemtl BlackLeather
f 450/450 451/451 464/464 463/463
usemtl BlackLeather
f 451/451 452/452 465/465 464/464
usemtl BlackLeather
f 452/452 453/453 466/466 465/465
o finger_2
usemtl BlackLeather
f 467/467 468/468 481/481 480/480
usemtl BlackLeather
f 468/468 469/469 482/482 481/481
usemtl BlackLeather
f 469/469 470/470 483/483 482/482
usemtl BlackLeather
f 470/470 471/471 484/484 483/483
usemtl BlackLeather
f 471/471 472/472 485/485 484/484
usemtl BlackLeather
f 472/472 473/473 486/486 485/485
usemtl BlackLeather
f 473/473 474/474 487/487 486/486
usemtl BlackLeather
f 474/474 475/475 488/488 487/487
usemtl BlackLeather
f 475/475 476/476 489/489 488/488
usemtl BlackLeather
f 476/476 477/477 490/490 489/489
usemtl BlackLeather
f 477/477 478/478 491/491 490/490
usemtl BlackLeather
f 478/478 479/479 492/492 491/491
usemtl BlackLeather
f 480/480 481/481 494/494 493/493
usemtl BlackLeather
f 481/481 482/482 495/495 494/494
usemtl BlackLeather
f 482/482 483/483 496/496 495/495
usemtl BlackLeather
f 483/483 484/484 497/497 496/496
usemtl BlackLeather
f 484/484 485/485 498/498 497/497
usemtl BlackLeather
f 485/485 486/486 499/499 498/498
usemtl BlackLeather
f 486/486 487/487 500/500 499/499
usemtl BlackLeather
f 487/487 488/488 501/501 500/500
usemtl BlackLeather
f 488/488 489/489 502/502 501/501
usemtl BlackLeather
f 489/489 490/490 503/503 502/502
usemtl BlackLeather
f 490/490 491/491 504/504 503/503
usemtl BlackLeather
f 491/491 492/492 505/505 504/504
usemtl BlackLeather
f 493/493 494/494 507/507 506/506
usemtl BlackLeather
f 494/494 495/495 508/508 507/507
usemtl BlackLeather
f 495/495 496/496 509/509 508/508
usemtl BlackLeather
f 496/496 497/497 510/510 509/509
usemtl BlackLeather
f 497/497 498/498 511/511 510/510
usemtl BlackLeather
f 498/498 499/499 512/512 511/511
usemtl BlackLeather
f 499/499 500/500 513/513 512/512
usemtl BlackLeather
f 500/500 501/501 514/514 513/513
usemtl BlackLeather
f 501/501 502/502 515/515 514/514
usemtl BlackLeather
f 502/502 503/503 516/516 515/515
usemtl BlackLeather
f 503/503 504/504 517/517 516/516
usemtl BlackLeather
f 504/504 505/505 518/518 517/517
usemtl BlackLeather
f 506/506 507/507 520/520 519/519
usemtl BlackLeather
f 507/507 508/508 521/521 520/520
usemtl BlackLeather
f 508/508 509/509 522/522 521/521
usemtl BlackLeather
f 509/509 510/510 523/523 522/522
usemtl BlackLeather
f 510/510 511/511 524/524 523/523
usemtl BlackLeather
f 511/511 512/512 525/525 524/524
usemtl BlackLeather
f 512/512 513/513 526/526 525/525
usemtl BlackLeather
f 513/513 514/514 527/527 526/526
usemtl BlackLeather
f 514/514 515/515 528/528 527/527
usemtl BlackLeather
f 515/515 516/516 529/529 528/528
usemtl BlackLeather
f 516/516 517/517 530/530 529/529
usemtl BlackLeather
f 517/517 518/518 531/531 530/530
usemtl BlackLeather
f 519/519 520/520 533/533 532/532
usemtl BlackLeather
f 520/520 521/521 534/534 533/533
usemtl BlackLeather
f 521/521 522/522 535/535 534/534
usemtl BlackLeather
f 522/522 523/523 536/536 535/535
usemtl BlackLeather
f 523/523 524/524 537/537 536/536
usemtl BlackLeather
f 524/524 525/525 538/538 537/537
usemtl BlackLeather
f 525/525 526/526 539/539 538/538
usemtl BlackLeather
f 526/526 527/527 540/540 539/539
usemtl BlackLeather
f 527/527 528/528 541/541 540/540
usemtl BlackLeather
f 528/528 529/529 542/542 541/541
usemtl BlackLeather
f 529/529 530/530 543/543 542/542
usemtl BlackLeather
f 530/530 531/531 544/544 543/543
usemtl BlackLeather
f 532/532 533/533 546/546 545/545
usemtl BlackLeather
f 533/533 534/534 547/547 546/546
usemtl BlackLeather
f 534/534 535/535 548/548 547/547
usemtl BlackLeather
f 535/535 536/536 549/549 548/548
usemtl BlackLeather
f 536/536 537/537 550/550 549/549
usemtl BlackLeather
f 537/537 538/538 551/551 550/550
usemtl BlackLeather
f 538/538 539/539 552/552 551/551
usemtl BlackLeather
f 539/539 540/540 553/553 552/552
usemtl BlackLeather
f 540/540 541/541 554/554 553/553
usemtl BlackLeather
f 541/541 542/542 555/555 554/554
usemtl BlackLeather
f 542/542 543/543 556/556 555/555
usemtl BlackLeather
f 543/543 544/544 557/557 556/556
usemtl BlackLeather
f 545/545 546/546 559/559 558/558
usemtl BlackLeather
f 546/546 547/547 560/560 559/559
usemtl BlackLeather
f 547/547 548/548 561/561 560/560
usemtl BlackLeather
f 548/548 549/549 562/562 561/561
usemtl BlackLeather
f 549/549 550/550 563/563 562/562
usemtl BlackLeather
f 550/550 551/551 564/564 563/563
usemtl BlackLeather
f 551/551 552/552 565/565 564/564
usemtl BlackLeather
f 552/552 553/553 566/566 565/565
usemtl BlackLeather
f 553/553 554/554 567/567 566/566
usemtl BlackLeather
f 554/554 555/555 568/568 567/567
usemtl BlackLeather
f 555/555 556/556 569/569 568/568
usemtl BlackLeather
f 556/556 557/557 570/570 569/569
usemtl BlackLeather
f 558/558 559/559 572/572 571/571
usemtl BlackLeather
f 559/559 560/560 573/573 572/572
usemtl BlackLeather
f 560/560 561/561 574/574 573/573
usemtl BlackLeather
f 561/561 562/562 575/575 574/574
usemtl BlackLeather
f 562/562 563/563 576/576 575/575
usemtl BlackLeather
f 563/563 564/564 577/577 576/576
usemtl BlackLeather
f 564/564 565/565 578/578 577/577
usemtl BlackLeather
f 565/565 566/566 579/579 578/578
usemtl BlackLeather
f 566/566 567/567 580/580 579/579
usemtl BlackLeather
f 567/567 568/568 581/581 580/580
usemtl BlackLeather
f 568/568 569/569 582/582 581/581
usemtl BlackLeather
f 569/569 570/570 583/583 582/582
o finger_3
usemtl BlackLeather
f 584/584 585/585 598/598 597/597
usemtl BlackLeather
f 585/585 586/586 599/599 598/598
usemtl BlackLeather
f 586/586 587/587 600/600 599/599
usemtl BlackLeather
f 587/587 588/588 601/601 600/600
usemtl BlackLeather
f 588/588 589/589 602/602 601/601
usemtl BlackLeather
f 589/589 590/590 603/603 602/602
usemtl BlackLeather
f 590/590 591/591 604/604 603/603
usemtl BlackLeather
f 591/591 592/592 605/605 604/604
usemtl BlackLeather
f 592/592 593/593 606/606 605/605
usemtl BlackLeather
f 593/593 594/594 607/607 606/606
usemtl BlackLeather
f 594/594 595/595 608/608 607/607
usemtl BlackLeather
f 595/595 596/596 609/609 608/608
usemtl BlackLeather
f 597/597 598/598 611/611 610/610
usemtl BlackLeather
f 598/598 599/599 612/612 611/611
usemtl BlackLeather
f 599/599 600/600 613/613 612/612
usemtl BlackLeather
f 600/600 601/601 614/614 613/613
usemtl BlackLeather
f 601/601 602/602 615/615 614/614
usemtl BlackLeather
f 602/602 603/603 616/616 615/615
usemtl BlackLeather
f 603/603 604/604 617/617 616/616
usemtl BlackLeather
f 604/604 605/605 618/618 617/617
usemtl BlackLeather
f 605/605 606/606 619/619 618/618
usemtl BlackLeather
f 606/606 607/607 620/620 619/619
usemtl BlackLeather
f 607/607 608/608 621/621 620/620
usemtl BlackLeather
f 608/608 609/609 622/622 621/621
usemtl BlackLeather
f 610/610 611/611 624/624 623/623
usemtl BlackLeather
f 611/611 612/612 625/625 624/624
usemtl BlackLeather
f 612/612 613/613 626/626 625/625
usemtl BlackLeather
f 613/613 614/614 627/627 626/626
usemtl BlackLeather
f 614/614 615/615 628/628 627/627
usemtl BlackLeather
f 615/615 616/616 629/629 628/628
usemtl BlackLeather
f 616/616 617/617 630/630 629/629
usemtl BlackLeather
f 617/617 618/618 631/631 630/630
usemtl BlackLeather
f 618/618 619/619 632/632 631/631
usemtl BlackLeather
f 619/619 620/620 633/633 632/632
usemtl BlackLeather
f 620/620 621/621 634/634 633/633
usemtl BlackLeather
f 621/621 622/622 635/635 634/634
usemtl BlackLeather
f 623/623 624/624 637/637 636/636
usemtl BlackLeather
f 624/624 625/625 638/638 637/637
usemtl BlackLeather
f 625/625 626/626 639/639 638/638
usemtl BlackLeather
f 626/626 627/627 640/640 639/639
usemtl BlackLeather
f 627/627 628/628 641/641 640/640
usemtl BlackLeather
f 628/628 629/629 642/642 641/641
usemtl BlackLeather
f 629/629 630/630 643/643 642/642
usemtl BlackLeather
f 630/630 631/631 644/644 643/643
usemtl BlackLeather
f 631/631 632/632 645/645 644/644
usemtl BlackLeather
f 632/632 633/633 646/646 645/645
usemtl BlackLeather
f 633/633 634/634 647/647 646/646
usemtl BlackLeather
f 634/634 635/635 648/648 647/647
usemtl BlackLeather
f 636/636 637/637 650/650 649/649
usemtl BlackLeather
f 637/637 638/638 651/651 650/650
usemtl BlackLeather
f 638/638 639/639 652/652 651/651
usemtl BlackLeather
f 639/639 640/640 653/653 652/652
usemtl BlackLeather
f 640/640 641/641 654/654 653/653
usemtl BlackLeather
f 641/641 642/642 655/655 654/654
usemtl BlackLeather
f 642/642 643/643 656/656 655/655
usemtl BlackLeather
f 643/643 644/644 657/657 656/656
usemtl BlackLeather
f 644/644 645/645 658/658 657/657
usemtl BlackLeather
f 645/645 646/646 659/659 658/658
usemtl BlackLeather
f 646/646 647/647 660/660 659/659
usemtl BlackLeather
f 647/647 648/648 661/661 660/660
usemtl BlackLeather
f 649/649 650/650 663/663 662/662
usemtl BlackLeather
f 650/650 651/651 664/664 663/663
usemtl BlackLeather
f 651/651 652/652 665/665 664/664
usemtl BlackLeather
f 652/652 653/653 666/666 665/665
usemtl BlackLeather
f 653/653 654/654 667/667 666/666
usemtl BlackLeather
f 654/654 655/655 668/668 667/667
usemtl BlackLeather
f 655/655 656/656 669/669 668/668
usemtl BlackLeather
f 656/656 657/657 670/670 669/669
usemtl BlackLeather
f 657/657 658/658 671/671 670/670
usemtl BlackLeather
f 658/658 659/659 672/672 671/671
usemtl BlackLeather
f 659/659 660/660 673/673 672/672
usemtl BlackLeather
f 660/660 661/661 674/674 673/673
usemtl BlackLeather
f 662/662 663/663 676/676 675/675
usemtl BlackLeather
f 663/663 664/664 677/677 676/676
usemtl BlackLeather
f 664/664 665/665 678/678 677/677
usemtl BlackLeather
f 665/665 666/666 679/679 678/678
usemtl BlackLeather
f 666/666 667/667 680/680 679/679
usemtl BlackLeather
f 667/667 668/668 681/681 680/680
usemtl BlackLeather
f 668/668 669/669 682/682 681/681
usemtl BlackLeather
f 669/669 670/670 683/683 682/682
usemtl BlackLeather
f 670/670 671/671 684/684 683/683
usemtl BlackLeather
f 671/671 672/672 685/685 684/684
usemtl BlackLeather
f 672/672 673/673 686/686 685/685
usemtl BlackLeather
f 673/673 674/674 687/687 686/686
usemtl BlackLeather
f 675/675 676/676 689/689 688/688
usemtl BlackLeather
f 676/676 677/677 690/690 689/689
usemtl BlackLeather
f 677/677 678/678 691/691 690/690
usemtl BlackLeather
f 678/678 679/679 692/692 691/691
usemtl BlackLeather
f 679/679 680/680 693/693 692/692
usemtl BlackLeather
f 680/680 681/681 694/694 693/693
usemtl BlackLeather
f 681/681 682/682 695/695 694/694
usemtl BlackLeather
f 682/682 683/683 696/696 695/695
usemtl BlackLeather
f 683/683 684/684 697/697 696/696
usemtl BlackLeather
f 684/684 685/685 698/698 697/697
usemtl BlackLeather
f 685/685 686/686 699/699 698/698
usemtl BlackLeather
f 686/686 687/687 700/700 699/699
o thumb
usemtl BlackLeather
f 701/701 702/702 715/715 714/714
usemtl BlackLeather
f 702/702 703/703 716/716 715/715
usemtl BlackLeather
f 703/703 704/704 717/717 716/716
usemtl BlackLeather
f 704/704 705/705 718/718 717/717
usemtl BlackLeather
f 705/705 706/706 719/719 718/718
usemtl BlackLeather
f 706/706 707/707 720/720 719/719
usemtl BlackLeather
f 707/707 708/708 721/721 720/720
usemtl BlackLeather
f 708/708 709/709 722/722 721/721
usemtl BlackLeather
f 709/709 710/710 723/723 722/722
usemtl BlackLeather
f 710/710 711/711 724/724 723/723
usemtl BlackLeather
f 711/711 712/712 725/725 724/724
usemtl BlackLeather
f 712/712 713/713 726/726 725/725
usemtl BlackLeather
f 714/714 715/715 728/728 727/727
usemtl BlackLeather
f 715/715 716/716 729/729 728/728
usemtl BlackLeather
f 716/716 717/717 730/730 729/729
usemtl BlackLeather
f 717/717 718/718 731/731 730/730
usemtl BlackLeather
f 718/718 719/719 732/732 731/731
usemtl BlackLeather
f 719/719 720/720 733/733 732/732
usemtl BlackLeather
f 720/720 721/721 734/734 733/733
usemtl BlackLeather
f 721/721 722/722 735/735 734/734
usemtl BlackLeather
f 722/722 723/723 736/736 735/735
usemtl BlackLeather
f 723/723 724/724 737/737 736/736
usemtl BlackLeather
f 724/724 725/725 738/738 737/737
usemtl BlackLeather
f 725/725 726/726 739/739 738/738
usemtl BlackLeather
f 727/727 728/728 741/741 740/740
usemtl BlackLeather
f 728/728 729/729 742/742 741/741
usemtl BlackLeather
f 729/729 730/730 743/743 742/742
usemtl BlackLeather
f 730/730 731/731 744/744 743/743
usemtl BlackLeather
f 731/731 732/732 745/745 744/744
usemtl BlackLeather
f 732/732 733/733 746/746 745/745
usemtl BlackLeather
f 733/733 734/734 747/747 746/746
usemtl BlackLeather
f 734/734 735/735 748/748 747/747
usemtl BlackLeather
f 735/735 736/736 749/749 748/748
usemtl BlackLeather
f 736/736 737/737 750/750 749/749
usemtl BlackLeather
f 737/737 738/738 751/751 750/750
usemtl BlackLeather
f 738/738 739/739 752/752 751/751
usemtl BlackLeather
f 740/740 741/741 754/754 753/753
usemtl BlackLeather
f 741/741 742/742 755/755 754/754
usemtl BlackLeather
f 742/742 743/743 756/756 755/755
usemtl BlackLeather
f 743/743 744/744 757/757 756/756
usemtl BlackLeather
f 744/744 745/745 758/758 757/757
usemtl BlackLeather
f 745/745 746/746 759/759 758/758
usemtl BlackLeather
f 746/746 747/747 760/760 759/759
usemtl BlackLeather
f 747/747 748/748 761/761 760/760
usemtl BlackLeather
f 748/748 749/749 762/762 761/761
usemtl BlackLeather
f 749/749 750/750 763/763 762/762
usemtl BlackLeather
f 750/750 751/751 764/764 763/763
usemtl BlackLeather
f 751/751 752/752 765/765 764/764
usemtl BlackLeather
f 753/753 754/754 767/767 766/766
usemtl BlackLeather
f 754/754 755/755 768/768 767/767
usemtl BlackLeather
f 755/755 756/756 769/769 768/768
usemtl BlackLeather
f 756/756 757/757 770/770 769/769
usemtl BlackLeather
f 757/757 758/758 771/771 770/770
usemtl BlackLeather
f 758/758 759/759 772/772 771/771
usemtl BlackLeather
f 759/759 760/760 773/773 772/772
usemtl BlackLeather
f 760/760 761/761 774/774 773/773
usemtl BlackLeather
f 761/761 762/762 775/775 774/774
usemtl BlackLeather
f 762/762 763/763 776/776 775/775
usemtl BlackLeather
f 763/763 764/764 777/777 776/776
usemtl BlackLeather
f 764/764 765/765 778/778 777/777
usemtl BlackLeather
f 766/766 767/767 780/780 779/779
usemtl BlackLeather
f 767/767 768/768 781/781 780/780
usemtl BlackLeather
f 768/768 769/769 782/782 781/781
usemtl BlackLeather
f 769/769 770/770 783/783 782/782
usemtl BlackLeather
f 770/770 771/771 784/784 783/783
usemtl BlackLeather
f 771/771 772/772 785/785 784/784
usemtl BlackLeather
f 772/772 773/773 786/786 785/785
usemtl BlackLeather
f 773/773 774/774 787/787 786/786
usemtl BlackLeather
f 774/774 775/775 788/788 787/787
usemtl BlackLeather
f 775/775 776/776 789/789 788/788
usemtl BlackLeather
f 776/776 777/777 790/790 789/789
usemtl BlackLeather
f 777/777 778/778 791/791 790/790
usemtl BlackLeather
f 779/779 780/780 793/793 792/792
usemtl BlackLeather
f 780/780 781/781 794/794 793/793
usemtl BlackLeather
f 781/781 782/782 795/795 794/794
usemtl BlackLeather
f 782/782 783/783 796/796 795/795
usemtl BlackLeather
f 783/783 784/784 797/797 796/796
usemtl BlackLeather
f 784/784 785/785 798/798 797/797
usemtl BlackLeather
f 785/785 786/786 799/799 798/798
usemtl BlackLeather
f 786/786 787/787 800/800 799/799
usemtl BlackLeather
f 787/787 788/788 801/801 800/800
usemtl BlackLeather
f 788/788 789/789 802/802 801/801
usemtl BlackLeather
f 789/789 790/790 803/803 802/802
usemtl BlackLeather
f 790/790 791/791 804/804 803/803
usemtl BlackLeather
f 792/792 793/793 806/806 805/805
usemtl BlackLeather
f 793/793 794/794 807/807 806/806
usemtl BlackLeather
f 794/794 795/795 808/808 807/807
usemtl BlackLeather
f 795/795 796/796 809/809 808/808
usemtl BlackLeather
f 796/796 797/797 810/810 809/809
usemtl BlackLeather
f 797/797 798/798 811/811 810/810
usemtl BlackLeather
f 798/798 799/799 812/812 811/811
usemtl BlackLeather
f 799/799 800/800 813/813 812/812
usemtl BlackLeather
f 800/800 801/801 814/814 813/813
usemtl BlackLeather
f 801/801 802/802 815/815 814/814
usemtl BlackLeather
f 802/802 803/803 816/816 815/815
usemtl BlackLeather
f 803/803 804/804 817/817 816/816
o gold_band_0
usemtl GoldFiligree
f 818/818 825/825 826/826 819/819
usemtl GoldFiligree
f 819/819 826/826 827/827 820/820
usemtl GoldFiligree
f 820/820 827/827 828/828 821/821
usemtl GoldFiligree
f 821/821 828/828 829/829 822/822
usemtl GoldFiligree
f 822/822 829/829 830/830 823/823
usemtl GoldFiligree
f 823/823 830/830 831/831 824/824
usemtl GoldFiligree
f 825/825 832/832 833/833 826/826
usemtl GoldFiligree
f 826/826 833/833 834/834 827/827
usemtl GoldFiligree
f 827/827 834/834 835/835 828/828
usemtl GoldFiligree
f 828/828 835/835 836/836 829/829
usemtl GoldFiligree
f 829/829 836/836 837/837 830/830
usemtl GoldFiligree
f 830/830 837/837 838/838 831/831
usemtl GoldFiligree
f 832/832 839/839 840/840 833/833
usemtl GoldFiligree
f 833/833 840/840 841/841 834/834
usemtl GoldFiligree
f 834/834 841/841 842/842 835/835
usemtl GoldFiligree
f 835/835 842/842 843/843 836/836
usemtl GoldFiligree
f 836/836 843/843 844/844 837/837
usemtl GoldFiligree
f 837/837 844/844 845/845 838/838
usemtl GoldFiligree
f 839/839 846/846 847/847 840/840
usemtl GoldFiligree
f 840/840 847/847 848/848 841/841
usemtl GoldFiligree
f 841/841 848/848 849/849 842/842
usemtl GoldFiligree
f 842/842 849/849 850/850 843/843
usemtl GoldFiligree
f 843/843 850/850 851/851 844/844
usemtl GoldFiligree
f 844/844 851/851 852/852 845/845
usemtl GoldFiligree
f 846/846 853/853 854/854 847/847
usemtl GoldFiligree
f 847/847 854/854 855/855 848/848
usemtl GoldFiligree
f 848/848 855/855 856/856 849/849
usemtl GoldFiligree
f 849/849 856/856 857/857 850/850
usemtl GoldFiligree
f 850/850 857/857 858/858 851/851
usemtl GoldFiligree
f 851/851 858/858 859/859 852/852
usemtl GoldFiligree
f 853/853 860/860 861/861 854/854
usemtl GoldFiligree
f 854/854 861/861 862/862 855/855
usemtl GoldFiligree
f 855/855 862/862 863/863 856/856
usemtl GoldFiligree
f 856/856 863/863 864/864 857/857
usemtl GoldFiligree
f 857/857 864/864 865/865 858/858
usemtl GoldFiligree
f 858/858 865/865 866/866 859/859
usemtl GoldFiligree
f 860/860 867/867 868/868 861/861
usemtl GoldFiligree
f 861/861 868/868 869/869 862/862
usemtl GoldFiligree
f 862/862 869/869 870/870 863/863
usemtl GoldFiligree
f 863/863 870/870 871/871 864/864
usemtl GoldFiligree
f 864/864 871/871 872/872 865/865
usemtl GoldFiligree
f 865/865 872/872 873/873 866/866
usemtl GoldFiligree
f 867/867 874/874 875/875 868/868
usemtl GoldFiligree
f 868/868 875/875 876/876 869/869
usemtl GoldFiligree
f 869/869 876/876 877/877 870/870
usemtl GoldFiligree
f 870/870 877/877 878/878 871/871
usemtl GoldFiligree
f 871/871 878/878 879/879 872/872
usemtl GoldFiligree
f 872/872 879/879 880/880 873/873
usemtl GoldFiligree
f 874/874 881/881 882/882 875/875
usemtl GoldFiligree
f 875/875 882/882 883/883 876/876
usemtl GoldFiligree
f 876/876 883/883 884/884 877/877
usemtl GoldFiligree
f 877/877 884/884 885/885 878/878
usemtl GoldFiligree
f 878/878 885/885 886/886 879/879
usemtl GoldFiligree
f 879/879 886/886 887/887 880/880
usemtl GoldFiligree
f 881/881 888/888 889/889 882/882
usemtl GoldFiligree
f 882/882 889/889 890/890 883/883
usemtl GoldFiligree
f 883/883 890/890 891/891 884/884
usemtl GoldFiligree
f 884/884 891/891 892/892 885/885
usemtl GoldFiligree
f 885/885 892/892 893/893 886/886
usemtl GoldFiligree
f 886/886 893/893 894/894 887/887
usemtl GoldFiligree
f 888/888 895/895 896/896 889/889
usemtl GoldFiligree
f 889/889 896/896 897/897 890/890
usemtl GoldFiligree
f 890/890 897/897 898/898 891/891
usemtl GoldFiligree
f 891/891 898/898 899/899 892/892
usemtl GoldFiligree
f 892/892 899/899 900/900 893/893
usemtl GoldFiligree
f 893/893 900/900 901/901 894/894
usemtl GoldFiligree
f 895/895 902/902 903/903 896/896
usemtl GoldFiligree
f 896/896 903/903 904/904 897/897
usemtl GoldFiligree
f 897/897 904/904 905/905 898/898
usemtl GoldFiligree
f 898/898 905/905 906/906 899/899
usemtl GoldFiligree
f 899/899 906/906 907/907 900/900
usemtl GoldFiligree
f 900/900 907/907 908/908 901/901
usemtl GoldFiligree
f 902/902 909/909 910/910 903/903
usemtl GoldFiligree
f 903/903 910/910 911/911 904/904
usemtl GoldFiligree
f 904/904 911/911 912/912 905/905
usemtl GoldFiligree
f 905/905 912/912 913/913 906/906
usemtl GoldFiligree
f 906/906 913/913 914/914 907/907
usemtl GoldFiligree
f 907/907 914/914 915/915 908/908
usemtl GoldFiligree
f 909/909 916/916 917/917 910/910
usemtl GoldFiligree
f 910/910 917/917 918/918 911/911
usemtl GoldFiligree
f 911/911 918/918 919/919 912/912
usemtl GoldFiligree
f 912/912 919/919 920/920 913/913
usemtl GoldFiligree
f 913/913 920/920 921/921 914/914
usemtl GoldFiligree
f 914/914 921/921 922/922 915/915
usemtl GoldFiligree
f 916/916 923/923 924/924 917/917
usemtl GoldFiligree
f 917/917 924/924 925/925 918/918
usemtl GoldFiligree
f 918/918 925/925 926/926 919/919
usemtl GoldFiligree
f 919/919 926/926 927/927 920/920
usemtl GoldFiligree
f 920/920 927/927 928/928 921/921
usemtl GoldFiligree
f 921/921 928/928 929/929 922/922
usemtl GoldFiligree
f 923/923 930/930 931/931 924/924
usemtl GoldFiligree
f 924/924 931/931 932/932 925/925
usemtl GoldFiligree
f 925/925 932/932 933/933 926/926
usemtl GoldFiligree
f 926/926 933/933 934/934 927/927
usemtl GoldFiligree
f 927/927 934/934 935/935 928/928
usemtl GoldFiligree
f 928/928 935/935 936/936 929/929
usemtl GoldFiligree
f 930/930 937/937 938/938 931/931
usemtl GoldFiligree
f 931/931 938/938 939/939 932/932
usemtl GoldFiligree
f 932/932 939/939 940/940 933/933
usemtl GoldFiligree
f 933/933 940/940 941/941 934/934
usemtl GoldFiligree
f 934/934 941/941 942/942 935/935
usemtl GoldFiligree
f 935/935 942/942 943/943 936/936
usemtl GoldFiligree
f 937/937 944/944 945/945 938/938
usemtl GoldFiligree
f 938/938 945/945 946/946 939/939
usemtl GoldFiligree
f 939/939 946/946 947/947 940/940
usemtl GoldFiligree
f 940/940 947/947 948/948 941/941
usemtl GoldFiligree
f 941/941 948/948 949/949 942/942
usemtl GoldFiligree
f 942/942 949/949 950/950 943/943
usemtl GoldFiligree
f 944/944 951/951 952/952 945/945
usemtl GoldFiligree
f 945/945 952/952 953/953 946/946
usemtl GoldFiligree
f 946/946 953/953 954/954 947/947
usemtl GoldFiligree
f 947/947 954/954 955/955 948/948
usemtl GoldFiligree
f 948/948 955/955 956/956 949/949
usemtl GoldFiligree
f 949/949 956/956 957/957 950/950
usemtl GoldFiligree
f 951/951 958/958 959/959 952/952
usemtl GoldFiligree
f 952/952 959/959 960/960 953/953
usemtl GoldFiligree
f 953/953 960/960 961/961 954/954
usemtl GoldFiligree
f 954/954 961/961 962/962 955/955
usemtl GoldFiligree
f 955/955 962/962 963/963 956/956
usemtl GoldFiligree
f 956/956 963/963 964/964 957/957
usemtl GoldFiligree
f 958/958 965/965 966/966 959/959
usemtl GoldFiligree
f 959/959 966/966 967/967 960/960
usemtl GoldFiligree
f 960/960 967/967 968/968 961/961
usemtl GoldFiligree
f 961/961 968/968 969/969 962/962
usemtl GoldFiligree
f 962/962 969/969 970/970 963/963
usemtl GoldFiligree
f 963/963 970/970 971/971 964/964
usemtl GoldFiligree
f 965/965 972/972 973/973 966/966
usemtl GoldFiligree
f 966/966 973/973 974/974 967/967
usemtl GoldFiligree
f 967/967 974/974 975/975 968/968
usemtl GoldFiligree
f 968/968 975/975 976/976 969/969
usemtl GoldFiligree
f 969/969 976/976 977/977 970/970
usemtl GoldFiligree
f 970/970 977/977 978/978 971/971
usemtl GoldFiligree
f 972/972 979/979 980/980 973/973
usemtl GoldFiligree
f 973/973 980/980 981/981 974/974
usemtl GoldFiligree
f 974/974 981/981 982/982 975/975
usemtl GoldFiligree
f 975/975 982/982 983/983 976/976
usemtl GoldFiligree
f 976/976 983/983 984/984 977/977
usemtl GoldFiligree
f 977/977 984/984 985/985 978/978
usemtl GoldFiligree
f 979/979 986/986 987/987 980/980
usemtl GoldFiligree
f 980/980 987/987 988/988 981/981
usemtl GoldFiligree
f 981/981 988/988 989/989 982/982
usemtl GoldFiligree
f 982/982 989/989 990/990 983/983
usemtl GoldFiligree
f 983/983 990/990 991/991 984/984
usemtl GoldFiligree
f 984/984 991/991 992/992 985/985
o gold_band_1
usemtl GoldFiligree
f 993/993 1000/1000 1001/1001 994/994
usemtl GoldFiligree
f 994/994 1001/1001 1002/1002 995/995
usemtl GoldFiligree
f 995/995 1002/1002 1003/1003 996/996
usemtl GoldFiligree
f 996/996 1003/1003 1004/1004 997/997
usemtl GoldFiligree
f 997/997 1004/1004 1005/1005 998/998
usemtl GoldFiligree
f 998/998 1005/1005 1006/1006 999/999
usemtl GoldFiligree
f 1000/1000 1007/1007 1008/1008 1001/1001
usemtl GoldFiligree
f 1001/1001 1008/1008 1009/1009 1002/1002
usemtl GoldFiligree
f 1002/1002 1009/1009 1010/1010 1003/1003
usemtl GoldFiligree
f 1003/1003 1010/1010 1011/1011 1004/1004
usemtl GoldFiligree
f 1004/1004 1011/1011 1012/1012 1005/1005
usemtl GoldFiligree
f 1005/1005 1012/1012 1013/1013 1006/1006
usemtl GoldFiligree
f 1007/1007 1014/1014 1015/1015 1008/1008
usemtl GoldFiligree
f 1008/1008 1015/1015 1016/1016 1009/1009
usemtl GoldFiligree
f 1009/1009 1016/1016 1017/1017 1010/1010
usemtl GoldFiligree
f 1010/1010 1017/1017 1018/1018 1011/1011
usemtl GoldFiligree
f 1011/1011 1018/1018 1019/1019 1012/1012
usemtl GoldFiligree
f 1012/1012 1019/1019 1020/1020 1013/1013
usemtl GoldFiligree
f 1014/1014 1021/1021 1022/1022 1015/1015
usemtl GoldFiligree
f 1015/1015 1022/1022 1023/1023 1016/1016
usemtl GoldFiligree
f 1016/1016 1023/1023 1024/1024 1017/1017
usemtl GoldFiligree
f 1017/1017 1024/1024 1025/1025 1018/1018
usemtl GoldFiligree
f 1018/1018 1025/1025 1026/1026 1019/1019
usemtl GoldFiligree
f 1019/1019 1026/1026 1027/1027 1020/1020
usemtl GoldFiligree
f 1021/1021 1028/1028 1029/1029 1022/1022
usemtl GoldFiligree
f 1022/1022 1029/1029 1030/1030 1023/1023
usemtl GoldFiligree
f 1023/1023 1030/1030 1031/1031 1024/1024
usemtl GoldFiligree
f 1024/1024 1031/1031 1032/1032 1025/1025
usemtl GoldFiligree
f 1025/1025 1032/1032 1033/1033 1026/1026
usemtl GoldFiligree
f 1026/1026 1033/1033 1034/1034 1027/1027
usemtl GoldFiligree
f 1028/1028 1035/1035 1036/1036 1029/1029
usemtl GoldFiligree
f 1029/1029 1036/1036 1037/1037 1030/1030
usemtl GoldFiligree
f 1030/1030 1037/1037 1038/1038 1031/1031
usemtl GoldFiligree
f 1031/1031 1038/1038 1039/1039 1032/1032
usemtl GoldFiligree
f 1032/1032 1039/1039 1040/1040 1033/1033
usemtl GoldFiligree
f 1033/1033 1040/1040 1041/1041 1034/1034
usemtl GoldFiligree
f 1035/1035 1042/1042 1043/1043 1036/1036
usemtl GoldFiligree
f 1036/1036 1043/1043 1044/1044 1037/1037
usemtl GoldFiligree
f 1037/1037 1044/1044 1045/1045 1038/1038
usemtl GoldFiligree
f 1038/1038 1045/1045 1046/1046 1039/1039
usemtl GoldFiligree
f 1039/1039 1046/1046 1047/1047 1040/1040
usemtl GoldFiligree
f 1040/1040 1047/1047 1048/1048 1041/1041
usemtl GoldFiligree
f 1042/1042 1049/1049 1050/1050 1043/1043
usemtl GoldFiligree
f 1043/1043 1050/1050 1051/1051 1044/1044
usemtl GoldFiligree
f 1044/1044 1051/1051 1052/1052 1045/1045
usemtl GoldFiligree
f 1045/1045 1052/1052 1053/1053 1046/1046
usemtl GoldFiligree
f 1046/1046 1053/1053 1054/1054 1047/1047
usemtl GoldFiligree
f 1047/1047 1054/1054 1055/1055 1048/1048
usemtl GoldFiligree
f 1049/1049 1056/1056 1057/1057 1050/1050
usemtl GoldFiligree
f 1050/1050 1057/1057 1058/1058 1051/1051
usemtl GoldFiligree
f 1051/1051 1058/1058 1059/1059 1052/1052
usemtl GoldFiligree
f 1052/1052 1059/1059 1060/1060 1053/1053
usemtl GoldFiligree
f 1053/1053 1060/1060 1061/1061 1054/1054
usemtl GoldFiligree
f 1054/1054 1061/1061 1062/1062 1055/1055
usemtl GoldFiligree
f 1056/1056 1063/1063 1064/1064 1057/1057
usemtl GoldFiligree
f 1057/1057 1064/1064 1065/1065 1058/1058
usemtl GoldFiligree
f 1058/1058 1065/1065 1066/1066 1059/1059
usemtl GoldFiligree
f 1059/1059 1066/1066 1067/1067 1060/1060
usemtl GoldFiligree
f 1060/1060 1067/1067 1068/1068 1061/1061
usemtl GoldFiligree
f 1061/1061 1068/1068 1069/1069 1062/1062
usemtl GoldFiligree
f 1063/1063 1070/1070 1071/1071 1064/1064
usemtl GoldFiligree
f 1064/1064 1071/1071 1072/1072 1065/1065
usemtl GoldFiligree
f 1065/1065 1072/1072 1073/1073 1066/1066
usemtl GoldFiligree
f 1066/1066 1073/1073 1074/1074 1067/1067
usemtl GoldFiligree
f 1067/1067 1074/1074 1075/1075 1068/1068
usemtl GoldFiligree
f 1068/1068 1075/1075 1076/1076 1069/1069
usemtl GoldFiligree
f 1070/1070 1077/1077 1078/1078 1071/1071
usemtl GoldFiligree
f 1071/1071 1078/1078 1079/1079 1072/1072
usemtl GoldFiligree
f 1072/1072 1079/1079 1080/1080 1073/1073
usemtl GoldFiligree
f 1073/1073 1080/1080 1081/1081 1074/1074
usemtl GoldFiligree
f 1074/1074 1081/1081 1082/1082 1075/1075
usemtl GoldFiligree
f 1075/1075 1082/1082 1083/1083 1076/1076
usemtl GoldFiligree
f 1077/1077 1084/1084 1085/1085 1078/1078
usemtl GoldFiligree
f 1078/1078 1085/1085 1086/1086 1079/1079
usemtl GoldFiligree
f 1079/1079 1086/1086 1087/1087 1080/1080
usemtl GoldFiligree
f 1080/1080 1087/1087 1088/1088 1081/1081
usemtl GoldFiligree
f 1081/1081 1088/1088 1089/1089 1082/1082
usemtl GoldFiligree
f 1082/1082 1089/1089 1090/1090 1083/1083
usemtl GoldFiligree
f 1084/1084 1091/1091 1092/1092 1085/1085
usemtl GoldFiligree
f 1085/1085 1092/1092 1093/1093 1086/1086
usemtl GoldFiligree
f 1086/1086 1093/1093 1094/1094 1087/1087
usemtl GoldFiligree
f 1087/1087 1094/1094 1095/1095 1088/1088
usemtl GoldFiligree
f 1088/1088 1095/1095 1096/1096 1089/1089
usemtl GoldFiligree
f 1089/1089 1096/1096 1097/1097 1090/1090
usemtl GoldFiligree
f 1091/1091 1098/1098 1099/1099 1092/1092
usemtl GoldFiligree
f 1092/1092 1099/1099 1100/1100 1093/1093
usemtl GoldFiligree
f 1093/1093 1100/1100 1101/1101 1094/1094
usemtl GoldFiligree
f 1094/1094 1101/1101 1102/1102 1095/1095
usemtl GoldFiligree
f 1095/1095 1102/1102 1103/1103 1096/1096
usemtl GoldFiligree
f 1096/1096 1103/1103 1104/1104 1097/1097
usemtl GoldFiligree
f 1098/1098 1105/1105 1106/1106 1099/1099
usemtl GoldFiligree
f 1099/1099 1106/1106 1107/1107 1100/1100
usemtl GoldFiligree
f 1100/1100 1107/1107 1108/1108 1101/1101
usemtl GoldFiligree
f 1101/1101 1108/1108 1109/1109 1102/1102
usemtl GoldFiligree
f 1102/1102 1109/1109 1110/1110 1103/1103
usemtl GoldFiligree
f 1103/1103 1110/1110 1111/1111 1104/1104
usemtl GoldFiligree
f 1105/1105 1112/1112 1113/1113 1106/1106
usemtl GoldFiligree
f 1106/1106 1113/1113 1114/1114 1107/1107
usemtl GoldFiligree
f 1107/1107 1114/1114 1115/1115 1108/1108
usemtl GoldFiligree
f 1108/1108 1115/1115 1116/1116 1109/1109
usemtl GoldFiligree
f 1109/1109 1116/1116 1117/1117 1110/1110
usemtl GoldFiligree
f 1110/1110 1117/1117 1118/1118 1111/1111
usemtl GoldFiligree
f 1112/1112 1119/1119 1120/1120 1113/1113
usemtl GoldFiligree
f 1113/1113 1120/1120 1121/1121 1114/1114
usemtl GoldFiligree
f 1114/1114 1121/1121 1122/1122 1115/1115
usemtl GoldFiligree
f 1115/1115 1122/1122 1123/1123 1116/1116
usemtl GoldFiligree
f 1116/1116 1123/1123 1124/1124 1117/1117
usemtl GoldFiligree
f 1117/1117 1124/1124 1125/1125 1118/1118
usemtl GoldFiligree
f 1119/1119 1126/1126 1127/1127 1120/1120
usemtl GoldFiligree
f 1120/1120 1127/1127 1128/1128 1121/1121
usemtl GoldFiligree
f 1121/1121 1128/1128 1129/1129 1122/1122
usemtl GoldFiligree
f 1122/1122 1129/1129 1130/1130 1123/1123
usemtl GoldFiligree
f 1123/1123 1130/1130 1131/1131 1124/1124
usemtl GoldFiligree
f 1124/1124 1131/1131 1132/1132 1125/1125
usemtl GoldFiligree
f 1126/1126 1133/1133 1134/1134 1127/1127
usemtl GoldFiligree
f 1127/1127 1134/1134 1135/1135 1128/1128
usemtl GoldFiligree
f 1128/1128 1135/1135 1136/1136 1129/1129
usemtl GoldFiligree
f 1129/1129 1136/1136 1137/1137 1130/1130
usemtl GoldFiligree
f 1130/1130 1137/1137 1138/1138 1131/1131
usemtl GoldFiligree
f 1131/1131 1138/1138 1139/1139 1132/1132
usemtl GoldFiligree
f 1133/1133 1140/1140 1141/1141 1134/1134
usemtl GoldFiligree
f 1134/1134 1141/1141 1142/1142 1135/1135
usemtl GoldFiligree
f 1135/1135 1142/1142 1143/1143 1136/1136
usemtl GoldFiligree
f 1136/1136 1143/1143 1144/1144 1137/1137
usemtl GoldFiligree
f 1137/1137 1144/1144 1145/1145 1138/1138
usemtl GoldFiligree
f 1138/1138 1145/1145 1146/1146 1139/1139
usemtl GoldFiligree
f 1140/1140 1147/1147 1148/1148 1141/1141
usemtl GoldFiligree
f 1141/1141 1148/1148 1149/1149 1142/1142
usemtl GoldFiligree
f 1142/1142 1149/1149 1150/1150 1143/1143
usemtl GoldFiligree
f 1143/1143 1150/1150 1151/1151 1144/1144
usemtl GoldFiligree
f 1144/1144 1151/1151 1152/1152 1145/1145
usemtl GoldFiligree
f 1145/1145 1152/1152 1153/1153 1146/1146
usemtl GoldFiligree
f 1147/1147 1154/1154 1155/1155 1148/1148
usemtl GoldFiligree
f 1148/1148 1155/1155 1156/1156 1149/1149
usemtl GoldFiligree
f 1149/1149 1156/1156 1157/1157 1150/1150
usemtl GoldFiligree
f 1150/1150 1157/1157 1158/1158 1151/1151
usemtl GoldFiligree
f 1151/1151 1158/1158 1159/1159 1152/1152
usemtl GoldFiligree
f 1152/1152 1159/1159 1160/1160 1153/1153
usemtl GoldFiligree
f 1154/1154 1161/1161 1162/1162 1155/1155
usemtl GoldFiligree
f 1155/1155 1162/1162 1163/1163 1156/1156
usemtl GoldFiligree
f 1156/1156 1163/1163 1164/1164 1157/1157
usemtl GoldFiligree
f 1157/1157 1164/1164 1165/1165 1158/1158
usemtl GoldFiligree
f 1158/1158 1165/1165 1166/1166 1159/1159
usemtl GoldFiligree
f 1159/1159 1166/1166 1167/1167 1160/1160
o gold_band_2
usemtl GoldFiligree
f 1168/1168 1175/1175 1176/1176 1169/1169
usemtl GoldFiligree
f 1169/1169 1176/1176 1177/1177 1170/1170
usemtl GoldFiligree
f 1170/1170 1177/1177 1178/1178 1171/1171
usemtl GoldFiligree
f 1171/1171 1178/1178 1179/1179 1172/1172
usemtl GoldFiligree
f 1172/1172 1179/1179 1180/1180 1173/1173
usemtl GoldFiligree
f 1173/1173 1180/1180 1181/1181 1174/1174
usemtl GoldFiligree
f 1175/1175 1182/1182 1183/1183 1176/1176
usemtl GoldFiligree
f 1176/1176 1183/1183 1184/1184 1177/1177
usemtl GoldFiligree
f 1177/1177 1184/1184 1185/1185 1178/1178
usemtl GoldFiligree
f 1178/1178 1185/1185 1186/1186 1179/1179
usemtl GoldFiligree
f 1179/1179 1186/1186 1187/1187 1180/1180
usemtl GoldFiligree
f 1180/1180 1187/1187 1188/1188 1181/1181
usemtl GoldFiligree
f 1182/1182 1189/1189 1190/1190 1183/1183
usemtl GoldFiligree
f 1183/1183 1190/1190 1191/1191 1184/1184
usemtl GoldFiligree
f 1184/1184 1191/1191 1192/1192 1185/1185
usemtl GoldFiligree
f 1185/1185 1192/1192 1193/1193 1186/1186
usemtl GoldFiligree
f 1186/1186 1193/1193 1194/1194 1187/1187
usemtl GoldFiligree
f 1187/1187 1194/1194 1195/1195 1188/1188
usemtl GoldFiligree
f 1189/1189 1196/1196 1197/1197 1190/1190
usemtl GoldFiligree
f 1190/1190 1197/1197 1198/1198 1191/1191
usemtl GoldFiligree
f 1191/1191 1198/1198 1199/1199 1192/1192
usemtl GoldFiligree
f 1192/1192 1199/1199 1200/1200 1193/1193
usemtl GoldFiligree
f 1193/1193 1200/1200 1201/1201 1194/1194
usemtl GoldFiligree
f 1194/1194 1201/1201 1202/1202 1195/1195
usemtl GoldFiligree
f 1196/1196 1203/1203 1204/1204 1197/1197
usemtl GoldFiligree
f 1197/1197 1204/1204 1205/1205 1198/1198
usemtl GoldFiligree
f 1198/1198 1205/1205 1206/1206 1199/1199
usemtl GoldFiligree
f 1199/1199 1206/1206 1207/1207 1200/1200
usemtl GoldFiligree
f 1200/1200 1207/1207 1208/1208 1201/1201
usemtl GoldFiligree
f 1201/1201 1208/1208 1209/1209 1202/1202
usemtl GoldFiligree
f 1203/1203 1210/1210 1211/1211 1204/1204
usemtl GoldFiligree
f 1204/1204 1211/1211 1212/1212 1205/1205
usemtl GoldFiligree
f 1205/1205 1212/1212 1213/1213 1206/1206
usemtl GoldFiligree
f 1206/1206 1213/1213 1214/1214 1207/1207
usemtl GoldFiligree
f 1207/1207 1214/1214 1215/1215 1208/1208
usemtl GoldFiligree
f 1208/1208 1215/1215 1216/1216 1209/1209
usemtl GoldFiligree
f 1210/1210 1217/1217 1218/1218 1211/1211
usemtl GoldFiligree
f 1211/1211 1218/1218 1219/1219 1212/1212
usemtl GoldFiligree
f 1212/1212 1219/1219 1220/1220 1213/1213
usemtl GoldFiligree
f 1213/1213 1220/1220 1221/1221 1214/1214
usemtl GoldFiligree
f 1214/1214 1221/1221 1222/1222 1215/1215
usemtl GoldFiligree
f 1215/1215 1222/1222 1223/1223 1216/1216
usemtl GoldFiligree
f 1217/1217 1224/1224 1225/1225 1218/1218
usemtl GoldFiligree
f 1218/1218 1225/1225 1226/1226 1219/1219
usemtl GoldFiligree
f 1219/1219 1226/1226 1227/1227 1220/1220
usemtl GoldFiligree
f 1220/1220 1227/1227 1228/1228 1221/1221
usemtl GoldFiligree
f 1221/1221 1228/1228 1229/1229 1222/1222
usemtl GoldFiligree
f 1222/1222 1229/1229 1230/1230 1223/1223
usemtl GoldFiligree
f 1224/1224 1231/1231 1232/1232 1225/1225
usemtl GoldFiligree
f 1225/1225 1232/1232 1233/1233 1226/1226
usemtl GoldFiligree
f 1226/1226 1233/1233 1234/1234 1227/1227
usemtl GoldFiligree
f 1227/1227 1234/1234 1235/1235 1228/1228
usemtl GoldFiligree
f 1228/1228 1235/1235 1236/1236 1229/1229
usemtl GoldFiligree
f 1229/1229 1236/1236 1237/1237 1230/1230
usemtl GoldFiligree
f 1231/1231 1238/1238 1239/1239 1232/1232
usemtl GoldFiligree
f 1232/1232 1239/1239 1240/1240 1233/1233
usemtl GoldFiligree
f 1233/1233 1240/1240 1241/1241 1234/1234
usemtl GoldFiligree
f 1234/1234 1241/1241 1242/1242 1235/1235
usemtl GoldFiligree
f 1235/1235 1242/1242 1243/1243 1236/1236
usemtl GoldFiligree
f 1236/1236 1243/1243 1244/1244 1237/1237
usemtl GoldFiligree
f 1238/1238 1245/1245 1246/1246 1239/1239
usemtl GoldFiligree
f 1239/1239 1246/1246 1247/1247 1240/1240
usemtl GoldFiligree
f 1240/1240 1247/1247 1248/1248 1241/1241
usemtl GoldFiligree
f 1241/1241 1248/1248 1249/1249 1242/1242
usemtl GoldFiligree
f 1242/1242 1249/1249 1250/1250 1243/1243
usemtl GoldFiligree
f 1243/1243 1250/1250 1251/1251 1244/1244
usemtl GoldFiligree
f 1245/1245 1252/1252 1253/1253 1246/1246
usemtl GoldFiligree
f 1246/1246 1253/1253 1254/1254 1247/1247
usemtl GoldFiligree
f 1247/1247 1254/1254 1255/1255 1248/1248
usemtl GoldFiligree
f 1248/1248 1255/1255 1256/1256 1249/1249
usemtl GoldFiligree
f 1249/1249 1256/1256 1257/1257 1250/1250
usemtl GoldFiligree
f 1250/1250 1257/1257 1258/1258 1251/1251
usemtl GoldFiligree
f 1252/1252 1259/1259 1260/1260 1253/1253
usemtl GoldFiligree
f 1253/1253 1260/1260 1261/1261 1254/1254
usemtl GoldFiligree
f 1254/1254 1261/1261 1262/1262 1255/1255
usemtl GoldFiligree
f 1255/1255 1262/1262 1263/1263 1256/1256
usemtl GoldFiligree
f 1256/1256 1263/1263 1264/1264 1257/1257
usemtl GoldFiligree
f 1257/1257 1264/1264 1265/1265 1258/1258
usemtl GoldFiligree
f 1259/1259 1266/1266 1267/1267 1260/1260
usemtl GoldFiligree
f 1260/1260 1267/1267 1268/1268 1261/1261
usemtl GoldFiligree
f 1261/1261 1268/1268 1269/1269 1262/1262
usemtl GoldFiligree
f 1262/1262 1269/1269 1270/1270 1263/1263
usemtl GoldFiligree
f 1263/1263 1270/1270 1271/1271 1264/1264
usemtl GoldFiligree
f 1264/1264 1271/1271 1272/1272 1265/1265
usemtl GoldFiligree
f 1266/1266 1273/1273 1274/1274 1267/1267
usemtl GoldFiligree
f 1267/1267 1274/1274 1275/1275 1268/1268
usemtl GoldFiligree
f 1268/1268 1275/1275 1276/1276 1269/1269
usemtl GoldFiligree
f 1269/1269 1276/1276 1277/1277 1270/1270
usemtl GoldFiligree
f 1270/1270 1277/1277 1278/1278 1271/1271
usemtl GoldFiligree
f 1271/1271 1278/1278 1279/1279 1272/1272
usemtl GoldFiligree
f 1273/1273 1280/1280 1281/1281 1274/1274
usemtl GoldFiligree
f 1274/1274 1281/1281 1282/1282 1275/1275
usemtl GoldFiligree
f 1275/1275 1282/1282 1283/1283 1276/1276
usemtl GoldFiligree
f 1276/1276 1283/1283 1284/1284 1277/1277
usemtl GoldFiligree
f 1277/1277 1284/1284 1285/1285 1278/1278
usemtl GoldFiligree
f 1278/1278 1285/1285 1286/1286 1279/1279
usemtl GoldFiligree
f 1280/1280 1287/1287 1288/1288 1281/1281
usemtl GoldFiligree
f 1281/1281 1288/1288 1289/1289 1282/1282
usemtl GoldFiligree
f 1282/1282 1289/1289 1290/1290 1283/1283
usemtl GoldFiligree
f 1283/1283 1290/1290 1291/1291 1284/1284
usemtl GoldFiligree
f 1284/1284 1291/1291 1292/1292 1285/1285
usemtl GoldFiligree
f 1285/1285 1292/1292 1293/1293 1286/1286
usemtl GoldFiligree
f 1287/1287 1294/1294 1295/1295 1288/1288
usemtl GoldFiligree
f 1288/1288 1295/1295 1296/1296 1289/1289
usemtl GoldFiligree
f 1289/1289 1296/1296 1297/1297 1290/1290
usemtl GoldFiligree
f 1290/1290 1297/1297 1298/1298 1291/1291
usemtl GoldFiligree
f 1291/1291 1298/1298 1299/1299 1292/1292
usemtl GoldFiligree
f 1292/1292 1299/1299 1300/1300 1293/1293
usemtl GoldFiligree
f 1294/1294 1301/1301 1302/1302 1295/1295
usemtl GoldFiligree
f 1295/1295 1302/1302 1303/1303 1296/1296
usemtl GoldFiligree
f 1296/1296 1303/1303 1304/1304 1297/1297
usemtl GoldFiligree
f 1297/1297 1304/1304 1305/1305 1298/1298
usemtl GoldFiligree
f 1298/1298 1305/1305 1306/1306 1299/1299
usemtl GoldFiligree
f 1299/1299 1306/1306 1307/1307 1300/1300
usemtl GoldFiligree
f 1301/1301 1308/1308 1309/1309 1302/1302
usemtl GoldFiligree
f 1302/1302 1309/1309 1310/1310 1303/1303
usemtl GoldFiligree
f 1303/1303 1310/1310 1311/1311 1304/1304
usemtl GoldFiligree
f 1304/1304 1311/1311 1312/1312 1305/1305
usemtl GoldFiligree
f 1305/1305 1312/1312 1313/1313 1306/1306
usemtl GoldFiligree
f 1306/1306 1313/1313 1314/1314 1307/1307
usemtl GoldFiligree
f 1308/1308 1315/1315 1316/1316 1309/1309
usemtl GoldFiligree
f 1309/1309 1316/1316 1317/1317 1310/1310
usemtl GoldFiligree
f 1310/1310 1317/1317 1318/1318 1311/1311
usemtl GoldFiligree
f 1311/1311 1318/1318 1319/1319 1312/1312
usemtl GoldFiligree
f 1312/1312 1319/1319 1320/1320 1313/1313
usemtl GoldFiligree
f 1313/1313 1320/1320 1321/1321 1314/1314
usemtl GoldFiligree
f 1315/1315 1322/1322 1323/1323 1316/1316
usemtl GoldFiligree
f 1316/1316 1323/1323 1324/1324 1317/1317
usemtl GoldFiligree
f 1317/1317 1324/1324 1325/1325 1318/1318
usemtl GoldFiligree
f 1318/1318 1325/1325 1326/1326 1319/1319
usemtl GoldFiligree
f 1319/1319 1326/1326 1327/1327 1320/1320
usemtl GoldFiligree
f 1320/1320 1327/1327 1328/1328 1321/1321
usemtl GoldFiligree
f 1322/1322 1329/1329 1330/1330 1323/1323
usemtl GoldFiligree
f 1323/1323 1330/1330 1331/1331 1324/1324
usemtl GoldFiligree
f 1324/1324 1331/1331 1332/1332 1325/1325
usemtl GoldFiligree
f 1325/1325 1332/1332 1333/1333 1326/1326
usemtl GoldFiligree
f 1326/1326 1333/1333 1334/1334 1327/1327
usemtl GoldFiligree
f 1327/1327 1334/1334 1335/1335 1328/1328
usemtl GoldFiligree
f 1329/1329 1336/1336 1337/1337 1330/1330
usemtl GoldFiligree
f 1330/1330 1337/1337 1338/1338 1331/1331
usemtl GoldFiligree
f 1331/1331 1338/1338 1339/1339 1332/1332
usemtl GoldFiligree
f 1332/1332 1339/1339 1340/1340 1333/1333
usemtl GoldFiligree
f 1333/1333 1340/1340 1341/1341 1334/1334
usemtl GoldFiligree
f 1334/1334 1341/1341 1342/1342 1335/1335
o large_purple_bezel
usemtl GoldFiligree
f 1343/1343 1350/1350 1351/1351 1344/1344
usemtl GoldFiligree
f 1344/1344 1351/1351 1352/1352 1345/1345
usemtl GoldFiligree
f 1345/1345 1352/1352 1353/1353 1346/1346
usemtl GoldFiligree
f 1346/1346 1353/1353 1354/1354 1347/1347
usemtl GoldFiligree
f 1347/1347 1354/1354 1355/1355 1348/1348
usemtl GoldFiligree
f 1348/1348 1355/1355 1356/1356 1349/1349
usemtl GoldFiligree
f 1350/1350 1357/1357 1358/1358 1351/1351
usemtl GoldFiligree
f 1351/1351 1358/1358 1359/1359 1352/1352
usemtl GoldFiligree
f 1352/1352 1359/1359 1360/1360 1353/1353
usemtl GoldFiligree
f 1353/1353 1360/1360 1361/1361 1354/1354
usemtl GoldFiligree
f 1354/1354 1361/1361 1362/1362 1355/1355
usemtl GoldFiligree
f 1355/1355 1362/1362 1363/1363 1356/1356
usemtl GoldFiligree
f 1357/1357 1364/1364 1365/1365 1358/1358
usemtl GoldFiligree
f 1358/1358 1365/1365 1366/1366 1359/1359
usemtl GoldFiligree
f 1359/1359 1366/1366 1367/1367 1360/1360
usemtl GoldFiligree
f 1360/1360 1367/1367 1368/1368 1361/1361
usemtl GoldFiligree
f 1361/1361 1368/1368 1369/1369 1362/1362
usemtl GoldFiligree
f 1362/1362 1369/1369 1370/1370 1363/1363
usemtl GoldFiligree
f 1364/1364 1371/1371 1372/1372 1365/1365
usemtl GoldFiligree
f 1365/1365 1372/1372 1373/1373 1366/1366
usemtl GoldFiligree
f 1366/1366 1373/1373 1374/1374 1367/1367
usemtl GoldFiligree
f 1367/1367 1374/1374 1375/1375 1368/1368
usemtl GoldFiligree
f 1368/1368 1375/1375 1376/1376 1369/1369
usemtl GoldFiligree
f 1369/1369 1376/1376 1377/1377 1370/1370
usemtl GoldFiligree
f 1371/1371 1378/1378 1379/1379 1372/1372
usemtl GoldFiligree
f 1372/1372 1379/1379 1380/1380 1373/1373
usemtl GoldFiligree
f 1373/1373 1380/1380 1381/1381 1374/1374
usemtl GoldFiligree
f 1374/1374 1381/1381 1382/1382 1375/1375
usemtl GoldFiligree
f 1375/1375 1382/1382 1383/1383 1376/1376
usemtl GoldFiligree
f 1376/1376 1383/1383 1384/1384 1377/1377
usemtl GoldFiligree
f 1378/1378 1385/1385 1386/1386 1379/1379
usemtl GoldFiligree
f 1379/1379 1386/1386 1387/1387 1380/1380
usemtl GoldFiligree
f 1380/1380 1387/1387 1388/1388 1381/1381
usemtl GoldFiligree
f 1381/1381 1388/1388 1389/1389 1382/1382
usemtl GoldFiligree
f 1382/1382 1389/1389 1390/1390 1383/1383
usemtl GoldFiligree
f 1383/1383 1390/1390 1391/1391 1384/1384
usemtl GoldFiligree
f 1385/1385 1392/1392 1393/1393 1386/1386
usemtl GoldFiligree
f 1386/1386 1393/1393 1394/1394 1387/1387
usemtl GoldFiligree
f 1387/1387 1394/1394 1395/1395 1388/1388
usemtl GoldFiligree
f 1388/1388 1395/1395 1396/1396 1389/1389
usemtl GoldFiligree
f 1389/1389 1396/1396 1397/1397 1390/1390
usemtl GoldFiligree
f 1390/1390 1397/1397 1398/1398 1391/1391
usemtl GoldFiligree
f 1392/1392 1399/1399 1400/1400 1393/1393
usemtl GoldFiligree
f 1393/1393 1400/1400 1401/1401 1394/1394
usemtl GoldFiligree
f 1394/1394 1401/1401 1402/1402 1395/1395
usemtl GoldFiligree
f 1395/1395 1402/1402 1403/1403 1396/1396
usemtl GoldFiligree
f 1396/1396 1403/1403 1404/1404 1397/1397
usemtl GoldFiligree
f 1397/1397 1404/1404 1405/1405 1398/1398
usemtl GoldFiligree
f 1399/1399 1406/1406 1407/1407 1400/1400
usemtl GoldFiligree
f 1400/1400 1407/1407 1408/1408 1401/1401
usemtl GoldFiligree
f 1401/1401 1408/1408 1409/1409 1402/1402
usemtl GoldFiligree
f 1402/1402 1409/1409 1410/1410 1403/1403
usemtl GoldFiligree
f 1403/1403 1410/1410 1411/1411 1404/1404
usemtl GoldFiligree
f 1404/1404 1411/1411 1412/1412 1405/1405
usemtl GoldFiligree
f 1406/1406 1413/1413 1414/1414 1407/1407
usemtl GoldFiligree
f 1407/1407 1414/1414 1415/1415 1408/1408
usemtl GoldFiligree
f 1408/1408 1415/1415 1416/1416 1409/1409
usemtl GoldFiligree
f 1409/1409 1416/1416 1417/1417 1410/1410
usemtl GoldFiligree
f 1410/1410 1417/1417 1418/1418 1411/1411
usemtl GoldFiligree
f 1411/1411 1418/1418 1419/1419 1412/1412
usemtl GoldFiligree
f 1413/1413 1420/1420 1421/1421 1414/1414
usemtl GoldFiligree
f 1414/1414 1421/1421 1422/1422 1415/1415
usemtl GoldFiligree
f 1415/1415 1422/1422 1423/1423 1416/1416
usemtl GoldFiligree
f 1416/1416 1423/1423 1424/1424 1417/1417
usemtl GoldFiligree
f 1417/1417 1424/1424 1425/1425 1418/1418
usemtl GoldFiligree
f 1418/1418 1425/1425 1426/1426 1419/1419
usemtl GoldFiligree
f 1420/1420 1427/1427 1428/1428 1421/1421
usemtl GoldFiligree
f 1421/1421 1428/1428 1429/1429 1422/1422
usemtl GoldFiligree
f 1422/1422 1429/1429 1430/1430 1423/1423
usemtl GoldFiligree
f 1423/1423 1430/1430 1431/1431 1424/1424
usemtl GoldFiligree
f 1424/1424 1431/1431 1432/1432 1425/1425
usemtl GoldFiligree
f 1425/1425 1432/1432 1433/1433 1426/1426
usemtl GoldFiligree
f 1427/1427 1434/1434 1435/1435 1428/1428
usemtl GoldFiligree
f 1428/1428 1435/1435 1436/1436 1429/1429
usemtl GoldFiligree
f 1429/1429 1436/1436 1437/1437 1430/1430
usemtl GoldFiligree
f 1430/1430 1437/1437 1438/1438 1431/1431
usemtl GoldFiligree
f 1431/1431 1438/1438 1439/1439 1432/1432
usemtl GoldFiligree
f 1432/1432 1439/1439 1440/1440 1433/1433
usemtl GoldFiligree
f 1434/1434 1441/1441 1442/1442 1435/1435
usemtl GoldFiligree
f 1435/1435 1442/1442 1443/1443 1436/1436
usemtl GoldFiligree
f 1436/1436 1443/1443 1444/1444 1437/1437
usemtl GoldFiligree
f 1437/1437 1444/1444 1445/1445 1438/1438
usemtl GoldFiligree
f 1438/1438 1445/1445 1446/1446 1439/1439
usemtl GoldFiligree
f 1439/1439 1446/1446 1447/1447 1440/1440
usemtl GoldFiligree
f 1441/1441 1448/1448 1449/1449 1442/1442
usemtl GoldFiligree
f 1442/1442 1449/1449 1450/1450 1443/1443
usemtl GoldFiligree
f 1443/1443 1450/1450 1451/1451 1444/1444
usemtl GoldFiligree
f 1444/1444 1451/1451 1452/1452 1445/1445
usemtl GoldFiligree
f 1445/1445 1452/1452 1453/1453 1446/1446
usemtl GoldFiligree
f 1446/1446 1453/1453 1454/1454 1447/1447
usemtl GoldFiligree
f 1448/1448 1455/1455 1456/1456 1449/1449
usemtl GoldFiligree
f 1449/1449 1456/1456 1457/1457 1450/1450
usemtl GoldFiligree
f 1450/1450 1457/1457 1458/1458 1451/1451
usemtl GoldFiligree
f 1451/1451 1458/1458 1459/1459 1452/1452
usemtl GoldFiligree
f 1452/1452 1459/1459 1460/1460 1453/1453
usemtl GoldFiligree
f 1453/1453 1460/1460 1461/1461 1454/1454
usemtl GoldFiligree
f 1455/1455 1462/1462 1463/1463 1456/1456
usemtl GoldFiligree
f 1456/1456 1463/1463 1464/1464 1457/1457
usemtl GoldFiligree
f 1457/1457 1464/1464 1465/1465 1458/1458
usemtl GoldFiligree
f 1458/1458 1465/1465 1466/1466 1459/1459
usemtl GoldFiligree
f 1459/1459 1466/1466 1467/1467 1460/1460
usemtl GoldFiligree
f 1460/1460 1467/1467 1468/1468 1461/1461
usemtl GoldFiligree
f 1462/1462 1469/1469 1470/1470 1463/1463
usemtl GoldFiligree
f 1463/1463 1470/1470 1471/1471 1464/1464
usemtl GoldFiligree
f 1464/1464 1471/1471 1472/1472 1465/1465
usemtl GoldFiligree
f 1465/1465 1472/1472 1473/1473 1466/1466
usemtl GoldFiligree
f 1466/1466 1473/1473 1474/1474 1467/1467
usemtl GoldFiligree
f 1467/1467 1474/1474 1475/1475 1468/1468
usemtl GoldFiligree
f 1469/1469 1476/1476 1477/1477 1470/1470
usemtl GoldFiligree
f 1470/1470 1477/1477 1478/1478 1471/1471
usemtl GoldFiligree
f 1471/1471 1478/1478 1479/1479 1472/1472
usemtl GoldFiligree
f 1472/1472 1479/1479 1480/1480 1473/1473
usemtl GoldFiligree
f 1473/1473 1480/1480 1481/1481 1474/1474
usemtl GoldFiligree
f 1474/1474 1481/1481 1482/1482 1475/1475
usemtl GoldFiligree
f 1476/1476 1483/1483 1484/1484 1477/1477
usemtl GoldFiligree
f 1477/1477 1484/1484 1485/1485 1478/1478
usemtl GoldFiligree
f 1478/1478 1485/1485 1486/1486 1479/1479
usemtl GoldFiligree
f 1479/1479 1486/1486 1487/1487 1480/1480
usemtl GoldFiligree
f 1480/1480 1487/1487 1488/1488 1481/1481
usemtl GoldFiligree
f 1481/1481 1488/1488 1489/1489 1482/1482
usemtl GoldFiligree
f 1483/1483 1490/1490 1491/1491 1484/1484
usemtl GoldFiligree
f 1484/1484 1491/1491 1492/1492 1485/1485
usemtl GoldFiligree
f 1485/1485 1492/1492 1493/1493 1486/1486
usemtl GoldFiligree
f 1486/1486 1493/1493 1494/1494 1487/1487
usemtl GoldFiligree
f 1487/1487 1494/1494 1495/1495 1488/1488
usemtl GoldFiligree
f 1488/1488 1495/1495 1496/1496 1489/1489
usemtl GoldFiligree
f 1490/1490 1497/1497 1498/1498 1491/1491
usemtl GoldFiligree
f 1491/1491 1498/1498 1499/1499 1492/1492
usemtl GoldFiligree
f 1492/1492 1499/1499 1500/1500 1493/1493
usemtl GoldFiligree
f 1493/1493 1500/1500 1501/1501 1494/1494
usemtl GoldFiligree
f 1494/1494 1501/1501 1502/1502 1495/1495
usemtl GoldFiligree
f 1495/1495 1502/1502 1503/1503 1496/1496
usemtl GoldFiligree
f 1497/1497 1504/1504 1505/1505 1498/1498
usemtl GoldFiligree
f 1498/1498 1505/1505 1506/1506 1499/1499
usemtl GoldFiligree
f 1499/1499 1506/1506 1507/1507 1500/1500
usemtl GoldFiligree
f 1500/1500 1507/1507 1508/1508 1501/1501
usemtl GoldFiligree
f 1501/1501 1508/1508 1509/1509 1502/1502
usemtl GoldFiligree
f 1502/1502 1509/1509 1510/1510 1503/1503
usemtl GoldFiligree
f 1504/1504 1511/1511 1512/1512 1505/1505
usemtl GoldFiligree
f 1505/1505 1512/1512 1513/1513 1506/1506
usemtl GoldFiligree
f 1506/1506 1513/1513 1514/1514 1507/1507
usemtl GoldFiligree
f 1507/1507 1514/1514 1515/1515 1508/1508
usemtl GoldFiligree
f 1508/1508 1515/1515 1516/1516 1509/1509
usemtl GoldFiligree
f 1509/1509 1516/1516 1517/1517 1510/1510
o yellow_bezel
usemtl GoldFiligree
f 1518/1518 1525/1525 1526/1526 1519/1519
usemtl GoldFiligree
f 1519/1519 1526/1526 1527/1527 1520/1520
usemtl GoldFiligree
f 1520/1520 1527/1527 1528/1528 1521/1521
usemtl GoldFiligree
f 1521/1521 1528/1528 1529/1529 1522/1522
usemtl GoldFiligree
f 1522/1522 1529/1529 1530/1530 1523/1523
usemtl GoldFiligree
f 1523/1523 1530/1530 1531/1531 1524/1524
usemtl GoldFiligree
f 1525/1525 1532/1532 1533/1533 1526/1526
usemtl GoldFiligree
f 1526/1526 1533/1533 1534/1534 1527/1527
usemtl GoldFiligree
f 1527/1527 1534/1534 1535/1535 1528/1528
usemtl GoldFiligree
f 1528/1528 1535/1535 1536/1536 1529/1529
usemtl GoldFiligree
f 1529/1529 1536/1536 1537/1537 1530/1530
usemtl GoldFiligree
f 1530/1530 1537/1537 1538/1538 1531/1531
usemtl GoldFiligree
f 1532/1532 1539/1539 1540/1540 1533/1533
usemtl GoldFiligree
f 1533/1533 1540/1540 1541/1541 1534/1534
usemtl GoldFiligree
f 1534/1534 1541/1541 1542/1542 1535/1535
usemtl GoldFiligree
f 1535/1535 1542/1542 1543/1543 1536/1536
usemtl GoldFiligree
f 1536/1536 1543/1543 1544/1544 1537/1537
usemtl GoldFiligree
f 1537/1537 1544/1544 1545/1545 1538/1538
usemtl GoldFiligree
f 1539/1539 1546/1546 1547/1547 1540/1540
usemtl GoldFiligree
f 1540/1540 1547/1547 1548/1548 1541/1541
usemtl GoldFiligree
f 1541/1541 1548/1548 1549/1549 1542/1542
usemtl GoldFiligree
f 1542/1542 1549/1549 1550/1550 1543/1543
usemtl GoldFiligree
f 1543/1543 1550/1550 1551/1551 1544/1544
usemtl GoldFiligree
f 1544/1544 1551/1551 1552/1552 1545/1545
usemtl GoldFiligree
f 1546/1546 1553/1553 1554/1554 1547/1547
usemtl GoldFiligree
f 1547/1547 1554/1554 1555/1555 1548/1548
usemtl GoldFiligree
f 1548/1548 1555/1555 1556/1556 1549/1549
usemtl GoldFiligree
f 1549/1549 1556/1556 1557/1557 1550/1550
usemtl GoldFiligree
f 1550/1550 1557/1557 1558/1558 1551/1551
usemtl GoldFiligree
f 1551/1551 1558/1558 1559/1559 1552/1552
usemtl GoldFiligree
f 1553/1553 1560/1560 1561/1561 1554/1554
usemtl GoldFiligree
f 1554/1554 1561/1561 1562/1562 1555/1555
usemtl GoldFiligree
f 1555/1555 1562/1562 1563/1563 1556/1556
usemtl GoldFiligree
f 1556/1556 1563/1563 1564/1564 1557/1557
usemtl GoldFiligree
f 1557/1557 1564/1564 1565/1565 1558/1558
usemtl GoldFiligree
f 1558/1558 1565/1565 1566/1566 1559/1559
usemtl GoldFiligree
f 1560/1560 1567/1567 1568/1568 1561/1561
usemtl GoldFiligree
f 1561/1561 1568/1568 1569/1569 1562/1562
usemtl GoldFiligree
f 1562/1562 1569/1569 1570/1570 1563/1563
usemtl GoldFiligree
f 1563/1563 1570/1570 1571/1571 1564/1564
usemtl GoldFiligree
f 1564/1564 1571/1571 1572/1572 1565/1565
usemtl GoldFiligree
f 1565/1565 1572/1572 1573/1573 1566/1566
usemtl GoldFiligree
f 1567/1567 1574/1574 1575/1575 1568/1568
usemtl GoldFiligree
f 1568/1568 1575/1575 1576/1576 1569/1569
usemtl GoldFiligree
f 1569/1569 1576/1576 1577/1577 1570/1570
usemtl GoldFiligree
f 1570/1570 1577/1577 1578/1578 1571/1571
usemtl GoldFiligree
f 1571/1571 1578/1578 1579/1579 1572/1572
usemtl GoldFiligree
f 1572/1572 1579/1579 1580/1580 1573/1573
usemtl GoldFiligree
f 1574/1574 1581/1581 1582/1582 1575/1575
usemtl GoldFiligree
f 1575/1575 1582/1582 1583/1583 1576/1576
usemtl GoldFiligree
f 1576/1576 1583/1583 1584/1584 1577/1577
usemtl GoldFiligree
f 1577/1577 1584/1584 1585/1585 1578/1578
usemtl GoldFiligree
f 1578/1578 1585/1585 1586/1586 1579/1579
usemtl GoldFiligree
f 1579/1579 1586/1586 1587/1587 1580/1580
usemtl GoldFiligree
f 1581/1581 1588/1588 1589/1589 1582/1582
usemtl GoldFiligree
f 1582/1582 1589/1589 1590/1590 1583/1583
usemtl GoldFiligree
f 1583/1583 1590/1590 1591/1591 1584/1584
usemtl GoldFiligree
f 1584/1584 1591/1591 1592/1592 1585/1585
usemtl GoldFiligree
f 1585/1585 1592/1592 1593/1593 1586/1586
usemtl GoldFiligree
f 1586/1586 1593/1593 1594/1594 1587/1587
usemtl GoldFiligree
f 1588/1588 1595/1595 1596/1596 1589/1589
usemtl GoldFiligree
f 1589/1589 1596/1596 1597/1597 1590/1590
usemtl GoldFiligree
f 1590/1590 1597/1597 1598/1598 1591/1591
usemtl GoldFiligree
f 1591/1591 1598/1598 1599/1599 1592/1592
usemtl GoldFiligree
f 1592/1592 1599/1599 1600/1600 1593/1593
usemtl GoldFiligree
f 1593/1593 1600/1600 1601/1601 1594/1594
usemtl GoldFiligree
f 1595/1595 1602/1602 1603/1603 1596/1596
usemtl GoldFiligree
f 1596/1596 1603/1603 1604/1604 1597/1597
usemtl GoldFiligree
f 1597/1597 1604/1604 1605/1605 1598/1598
usemtl GoldFiligree
f 1598/1598 1605/1605 1606/1606 1599/1599
usemtl GoldFiligree
f 1599/1599 1606/1606 1607/1607 1600/1600
usemtl GoldFiligree
f 1600/1600 1607/1607 1608/1608 1601/1601
usemtl GoldFiligree
f 1602/1602 1609/1609 1610/1610 1603/1603
usemtl GoldFiligree
f 1603/1603 1610/1610 1611/1611 1604/1604
usemtl GoldFiligree
f 1604/1604 1611/1611 1612/1612 1605/1605
usemtl GoldFiligree
f 1605/1605 1612/1612 1613/1613 1606/1606
usemtl GoldFiligree
f 1606/1606 1613/1613 1614/1614 1607/1607
usemtl GoldFiligree
f 1607/1607 1614/1614 1615/1615 1608/1608
usemtl GoldFiligree
f 1609/1609 1616/1616 1617/1617 1610/1610
usemtl GoldFiligree
f 1610/1610 1617/1617 1618/1618 1611/1611
usemtl GoldFiligree
f 1611/1611 1618/1618 1619/1619 1612/1612
usemtl GoldFiligree
f 1612/1612 1619/1619 1620/1620 1613/1613
usemtl GoldFiligree
f 1613/1613 1620/1620 1621/1621 1614/1614
usemtl GoldFiligree
f 1614/1614 1621/1621 1622/1622 1615/1615
usemtl GoldFiligree
f 1616/1616 1623/1623 1624/1624 1617/1617
usemtl GoldFiligree
f 1617/1617 1624/1624 1625/1625 1618/1618
usemtl GoldFiligree
f 1618/1618 1625/1625 1626/1626 1619/1619
usemtl GoldFiligree
f 1619/1619 1626/1626 1627/1627 1620/1620
usemtl GoldFiligree
f 1620/1620 1627/1627 1628/1628 1621/1621
usemtl GoldFiligree
f 1621/1621 1628/1628 1629/1629 1622/1622
usemtl GoldFiligree
f 1623/1623 1630/1630 1631/1631 1624/1624
usemtl GoldFiligree
f 1624/1624 1631/1631 1632/1632 1625/1625
usemtl GoldFiligree
f 1625/1625 1632/1632 1633/1633 1626/1626
usemtl GoldFiligree
f 1626/1626 1633/1633 1634/1634 1627/1627
usemtl GoldFiligree
f 1627/1627 1634/1634 1635/1635 1628/1628
usemtl GoldFiligree
f 1628/1628 1635/1635 1636/1636 1629/1629
usemtl GoldFiligree
f 1630/1630 1637/1637 1638/1638 1631/1631
usemtl GoldFiligree
f 1631/1631 1638/1638 1639/1639 1632/1632
usemtl GoldFiligree
f 1632/1632 1639/1639 1640/1640 1633/1633
usemtl GoldFiligree
f 1633/1633 1640/1640 1641/1641 1634/1634
usemtl GoldFiligree
f 1634/1634 1641/1641 1642/1642 1635/1635
usemtl GoldFiligree
f 1635/1635 1642/1642 1643/1643 1636/1636
usemtl GoldFiligree
f 1637/1637 1644/1644 1645/1645 1638/1638
usemtl GoldFiligree
f 1638/1638 1645/1645 1646/1646 1639/1639
usemtl GoldFiligree
f 1639/1639 1646/1646 1647/1647 1640/1640
usemtl GoldFiligree
f 1640/1640 1647/1647 1648/1648 1641/1641
usemtl GoldFiligree
f 1641/1641 1648/1648 1649/1649 1642/1642
usemtl GoldFiligree
f 1642/1642 1649/1649 1650/1650 1643/1643
usemtl GoldFiligree
f 1644/1644 1651/1651 1652/1652 1645/1645
usemtl GoldFiligree
f 1645/1645 1652/1652 1653/1653 1646/1646
usemtl GoldFiligree
f 1646/1646 1653/1653 1654/1654 1647/1647
usemtl GoldFiligree
f 1647/1647 1654/1654 1655/1655 1648/1648
usemtl GoldFiligree
f 1648/1648 1655/1655 1656/1656 1649/1649
usemtl GoldFiligree
f 1649/1649 1656/1656 1657/1657 1650/1650
usemtl GoldFiligree
f 1651/1651 1658/1658 1659/1659 1652/1652
usemtl GoldFiligree
f 1652/1652 1659/1659 1660/1660 1653/1653
usemtl GoldFiligree
f 1653/1653 1660/1660 1661/1661 1654/1654
usemtl GoldFiligree
f 1654/1654 1661/1661 1662/1662 1655/1655
usemtl GoldFiligree
f 1655/1655 1662/1662 1663/1663 1656/1656
usemtl GoldFiligree
f 1656/1656 1663/1663 1664/1664 1657/1657
o blue_bezel
usemtl GoldFiligree
f 1665/1665 1672/1672 1673/1673 1666/1666
usemtl GoldFiligree
f 1666/1666 1673/1673 1674/1674 1667/1667
usemtl GoldFiligree
f 1667/1667 1674/1674 1675/1675 1668/1668
usemtl GoldFiligree
f 1668/1668 1675/1675 1676/1676 1669/1669
usemtl GoldFiligree
f 1669/1669 1676/1676 1677/1677 1670/1670
usemtl GoldFiligree
f 1670/1670 1677/1677 1678/1678 1671/1671
usemtl GoldFiligree
f 1672/1672 1679/1679 1680/1680 1673/1673
usemtl GoldFiligree
f 1673/1673 1680/1680 1681/1681 1674/1674
usemtl GoldFiligree
f 1674/1674 1681/1681 1682/1682 1675/1675
usemtl GoldFiligree
f 1675/1675 1682/1682 1683/1683 1676/1676
usemtl GoldFiligree
f 1676/1676 1683/1683 1684/1684 1677/1677
usemtl GoldFiligree
f 1677/1677 1684/1684 1685/1685 1678/1678
usemtl GoldFiligree
f 1679/1679 1686/1686 1687/1687 1680/1680
usemtl GoldFiligree
f 1680/1680 1687/1687 1688/1688 1681/1681
usemtl GoldFiligree
f 1681/1681 1688/1688 1689/1689 1682/1682
usemtl GoldFiligree
f 1682/1682 1689/1689 1690/1690 1683/1683
usemtl GoldFiligree
f 1683/1683 1690/1690 1691/1691 1684/1684
usemtl GoldFiligree
f 1684/1684 1691/1691 1692/1692 1685/1685
usemtl GoldFiligree
f 1686/1686 1693/1693 1694/1694 1687/1687
usemtl GoldFiligree
f 1687/1687 1694/1694 1695/1695 1688/1688
usemtl GoldFiligree
f 1688/1688 1695/1695 1696/1696 1689/1689
usemtl GoldFiligree
f 1689/1689 1696/1696 1697/1697 1690/1690
usemtl GoldFiligree
f 1690/1690 1697/1697 1698/1698 1691/1691
usemtl GoldFiligree
f 1691/1691 1698/1698 1699/1699 1692/1692
usemtl GoldFiligree
f 1693/1693 1700/1700 1701/1701 1694/1694
usemtl GoldFiligree
f 1694/1694 1701/1701 1702/1702 1695/1695
usemtl GoldFiligree
f 1695/1695 1702/1702 1703/1703 1696/1696
usemtl GoldFiligree
f 1696/1696 1703/1703 1704/1704 1697/1697
usemtl GoldFiligree
f 1697/1697 1704/1704 1705/1705 1698/1698
usemtl GoldFiligree
f 1698/1698 1705/1705 1706/1706 1699/1699
usemtl GoldFiligree
f 1700/1700 1707/1707 1708/1708 1701/1701
usemtl GoldFiligree
f 1701/1701 1708/1708 1709/1709 1702/1702
usemtl GoldFiligree
f 1702/1702 1709/1709 1710/1710 1703/1703
usemtl GoldFiligree
f 1703/1703 1710/1710 1711/1711 1704/1704
usemtl GoldFiligree
f 1704/1704 1711/1711 1712/1712 1705/1705
usemtl GoldFiligree
f 1705/1705 1712/1712 1713/1713 1706/1706
usemtl GoldFiligree
f 1707/1707 1714/1714 1715/1715 1708/1708
usemtl GoldFiligree
f 1708/1708 1715/1715 1716/1716 1709/1709
usemtl GoldFiligree
f 1709/1709 1716/1716 1717/1717 1710/1710
usemtl GoldFiligree
f 1710/1710 1717/1717 1718/1718 1711/1711
usemtl GoldFiligree
f 1711/1711 1718/1718 1719/1719 1712/1712
usemtl GoldFiligree
f 1712/1712 1719/1719 1720/1720 1713/1713
usemtl GoldFiligree
f 1714/1714 1721/1721 1722/1722 1715/1715
usemtl GoldFiligree
f 1715/1715 1722/1722 1723/1723 1716/1716
usemtl GoldFiligree
f 1716/1716 1723/1723 1724/1724 1717/1717
usemtl GoldFiligree
f 1717/1717 1724/1724 1725/1725 1718/1718
usemtl GoldFiligree
f 1718/1718 1725/1725 1726/1726 1719/1719
usemtl GoldFiligree
f 1719/1719 1726/1726 1727/1727 1720/1720
usemtl GoldFiligree
f 1721/1721 1728/1728 1729/1729 1722/1722
usemtl GoldFiligree
f 1722/1722 1729/1729 1730/1730 1723/1723
usemtl GoldFiligree
f 1723/1723 1730/1730 1731/1731 1724/1724
usemtl GoldFiligree
f 1724/1724 1731/1731 1732/1732 1725/1725
usemtl GoldFiligree
f 1725/1725 1732/1732 1733/1733 1726/1726
usemtl GoldFiligree
f 1726/1726 1733/1733 1734/1734 1727/1727
usemtl GoldFiligree
f 1728/1728 1735/1735 1736/1736 1729/1729
usemtl GoldFiligree
f 1729/1729 1736/1736 1737/1737 1730/1730
usemtl GoldFiligree
f 1730/1730 1737/1737 1738/1738 1731/1731
usemtl GoldFiligree
f 1731/1731 1738/1738 1739/1739 1732/1732
usemtl GoldFiligree
f 1732/1732 1739/1739 1740/1740 1733/1733
usemtl GoldFiligree
f 1733/1733 1740/1740 1741/1741 1734/1734
usemtl GoldFiligree
f 1735/1735 1742/1742 1743/1743 1736/1736
usemtl GoldFiligree
f 1736/1736 1743/1743 1744/1744 1737/1737
usemtl GoldFiligree
f 1737/1737 1744/1744 1745/1745 1738/1738
usemtl GoldFiligree
f 1738/1738 1745/1745 1746/1746 1739/1739
usemtl GoldFiligree
f 1739/1739 1746/1746 1747/1747 1740/1740
usemtl GoldFiligree
f 1740/1740 1747/1747 1748/1748 1741/1741
usemtl GoldFiligree
f 1742/1742 1749/1749 1750/1750 1743/1743
usemtl GoldFiligree
f 1743/1743 1750/1750 1751/1751 1744/1744
usemtl GoldFiligree
f 1744/1744 1751/1751 1752/1752 1745/1745
usemtl GoldFiligree
f 1745/1745 1752/1752 1753/1753 1746/1746
usemtl GoldFiligree
f 1746/1746 1753/1753 1754/1754 1747/1747
usemtl GoldFiligree
f 1747/1747 1754/1754 1755/1755 1748/1748
usemtl GoldFiligree
f 1749/1749 1756/1756 1757/1757 1750/1750
usemtl GoldFiligree
f 1750/1750 1757/1757 1758/1758 1751/1751
usemtl GoldFiligree
f 1751/1751 1758/1758 1759/1759 1752/1752
usemtl GoldFiligree
f 1752/1752 1759/1759 1760/1760 1753/1753
usemtl GoldFiligree
f 1753/1753 1760/1760 1761/1761 1754/1754
usemtl GoldFiligree
f 1754/1754 1761/1761 1762/1762 1755/1755
usemtl GoldFiligree
f 1756/1756 1763/1763 1764/1764 1757/1757
usemtl GoldFiligree
f 1757/1757 1764/1764 1765/1765 1758/1758
usemtl GoldFiligree
f 1758/1758 1765/1765 1766/1766 1759/1759
usemtl GoldFiligree
f 1759/1759 1766/1766 1767/1767 1760/1760
usemtl GoldFiligree
f 1760/1760 1767/1767 1768/1768 1761/1761
usemtl GoldFiligree
f 1761/1761 1768/1768 1769/1769 1762/1762
usemtl GoldFiligree
f 1763/1763 1770/1770 1771/1771 1764/1764
usemtl GoldFiligree
f 1764/1764 1771/1771 1772/1772 1765/1765
usemtl GoldFiligree
f 1765/1765 1772/1772 1773/1773 1766/1766
usemtl GoldFiligree
f 1766/1766 1773/1773 1774/1774 1767/1767
usemtl GoldFiligree
f 1767/1767 1774/1774 1775/1775 1768/1768
usemtl GoldFiligree
f 1768/1768 1775/1775 1776/1776 1769/1769
usemtl GoldFiligree
f 1770/1770 1777/1777 1778/1778 1771/1771
usemtl GoldFiligree
f 1771/1771 1778/1778 1779/1779 1772/1772
usemtl GoldFiligree
f 1772/1772 1779/1779 1780/1780 1773/1773
usemtl GoldFiligree
f 1773/1773 1780/1780 1781/1781 1774/1774
usemtl GoldFiligree
f 1774/1774 1781/1781 1782/1782 1775/1775
usemtl GoldFiligree
f 1775/1775 1782/1782 1783/1783 1776/1776
usemtl GoldFiligree
f 1777/1777 1784/1784 1785/1785 1778/1778
usemtl GoldFiligree
f 1778/1778 1785/1785 1786/1786 1779/1779
usemtl GoldFiligree
f 1779/1779 1786/1786 1787/1787 1780/1780
usemtl GoldFiligree
f 1780/1780 1787/1787 1788/1788 1781/1781
usemtl GoldFiligree
f 1781/1781 1788/1788 1789/1789 1782/1782
usemtl GoldFiligree
f 1782/1782 1789/1789 1790/1790 1783/1783
usemtl GoldFiligree
f 1784/1784 1791/1791 1792/1792 1785/1785
usemtl GoldFiligree
f 1785/1785 1792/1792 1793/1793 1786/1786
usemtl GoldFiligree
f 1786/1786 1793/1793 1794/1794 1787/1787
usemtl GoldFiligree
f 1787/1787 1794/1794 1795/1795 1788/1788
usemtl GoldFiligree
f 1788/1788 1795/1795 1796/1796 1789/1789
usemtl GoldFiligree
f 1789/1789 1796/1796 1797/1797 1790/1790
usemtl GoldFiligree
f 1791/1791 1798/1798 1799/1799 1792/1792
usemtl GoldFiligree
f 1792/1792 1799/1799 1800/1800 1793/1793
usemtl GoldFiligree
f 1793/1793 1800/1800 1801/1801 1794/1794
usemtl GoldFiligree
f 1794/1794 1801/1801 1802/1802 1795/1795
usemtl GoldFiligree
f 1795/1795 1802/1802 1803/1803 1796/1796
usemtl GoldFiligree
f 1796/1796 1803/1803 1804/1804 1797/1797
usemtl GoldFiligree
f 1798/1798 1805/1805 1806/1806 1799/1799
usemtl GoldFiligree
f 1799/1799 1806/1806 1807/1807 1800/1800
usemtl GoldFiligree
f 1800/1800 1807/1807 1808/1808 1801/1801
usemtl GoldFiligree
f 1801/1801 1808/1808 1809/1809 1802/1802
usemtl GoldFiligree
f 1802/1802 1809/1809 1810/1810 1803/1803
usemtl GoldFiligree
f 1803/1803 1810/1810 1811/1811 1804/1804
o red_bezel
usemtl GoldFiligree
f 1812/1812 1819/1819 1820/1820 1813/1813
usemtl GoldFiligree
f 1813/1813 1820/1820 1821/1821 1814/1814
usemtl GoldFiligree
f 1814/1814 1821/1821 1822/1822 1815/1815
usemtl GoldFiligree
f 1815/1815 1822/1822 1823/1823 1816/1816
usemtl GoldFiligree
f 1816/1816 1823/1823 1824/1824 1817/1817
usemtl GoldFiligree
f 1817/1817 1824/1824 1825/1825 1818/1818
usemtl GoldFiligree
f 1819/1819 1826/1826 1827/1827 1820/1820
usemtl GoldFiligree
f 1820/1820 1827/1827 1828/1828 1821/1821
usemtl GoldFiligree
f 1821/1821 1828/1828 1829/1829 1822/1822
usemtl GoldFiligree
f 1822/1822 1829/1829 1830/1830 1823/1823
usemtl GoldFiligree
f 1823/1823 1830/1830 1831/1831 1824/1824
usemtl GoldFiligree
f 1824/1824 1831/1831 1832/1832 1825/1825
usemtl GoldFiligree
f 1826/1826 1833/1833 1834/1834 1827/1827
usemtl GoldFiligree
f 1827/1827 1834/1834 1835/1835 1828/1828
usemtl GoldFiligree
f 1828/1828 1835/1835 1836/1836 1829/1829
usemtl GoldFiligree
f 1829/1829 1836/1836 1837/1837 1830/1830
usemtl GoldFiligree
f 1830/1830 1837/1837 1838/1838 1831/1831
usemtl GoldFiligree
f 1831/1831 1838/1838 1839/1839 1832/1832
usemtl GoldFiligree
f 1833/1833 1840/1840 1841/1841 1834/1834
usemtl GoldFiligree
f 1834/1834 1841/1841 1842/1842 1835/1835
usemtl GoldFiligree
f 1835/1835 1842/1842 1843/1843 1836/1836
usemtl GoldFiligree
f 1836/1836 1843/1843 1844/1844 1837/1837
usemtl GoldFiligree
f 1837/1837 1844/1844 1845/1845 1838/1838
usemtl GoldFiligree
f 1838/1838 1845/1845 1846/1846 1839/1839
usemtl GoldFiligree
f 1840/1840 1847/1847 1848/1848 1841/1841
usemtl GoldFiligree
f 1841/1841 1848/1848 1849/1849 1842/1842
usemtl GoldFiligree
f 1842/1842 1849/1849 1850/1850 1843/1843
usemtl GoldFiligree
f 1843/1843 1850/1850 1851/1851 1844/1844
usemtl GoldFiligree
f 1844/1844 1851/1851 1852/1852 1845/1845
usemtl GoldFiligree
f 1845/1845 1852/1852 1853/1853 1846/1846
usemtl GoldFiligree
f 1847/1847 1854/1854 1855/1855 1848/1848
usemtl GoldFiligree
f 1848/1848 1855/1855 1856/1856 1849/1849
usemtl GoldFiligree
f 1849/1849 1856/1856 1857/1857 1850/1850
usemtl GoldFiligree
f 1850/1850 1857/1857 1858/1858 1851/1851
usemtl GoldFiligree
f 1851/1851 1858/1858 1859/1859 1852/1852
usemtl GoldFiligree
f 1852/1852 1859/1859 1860/1860 1853/1853
usemtl GoldFiligree
f 1854/1854 1861/1861 1862/1862 1855/1855
usemtl GoldFiligree
f 1855/1855 1862/1862 1863/1863 1856/1856
usemtl GoldFiligree
f 1856/1856 1863/1863 1864/1864 1857/1857
usemtl GoldFiligree
f 1857/1857 1864/1864 1865/1865 1858/1858
usemtl GoldFiligree
f 1858/1858 1865/1865 1866/1866 1859/1859
usemtl GoldFiligree
f 1859/1859 1866/1866 1867/1867 1860/1860
usemtl GoldFiligree
f 1861/1861 1868/1868 1869/1869 1862/1862
usemtl GoldFiligree
f 1862/1862 1869/1869 1870/1870 1863/1863
usemtl GoldFiligree
f 1863/1863 1870/1870 1871/1871 1864/1864
usemtl GoldFiligree
f 1864/1864 1871/1871 1872/1872 1865/1865
usemtl GoldFiligree
f 1865/1865 1872/1872 1873/1873 1866/1866
usemtl GoldFiligree
f 1866/1866 1873/1873 1874/1874 1867/1867
usemtl GoldFiligree
f 1868/1868 1875/1875 1876/1876 1869/1869
usemtl GoldFiligree
f 1869/1869 1876/1876 1877/1877 1870/1870
usemtl GoldFiligree
f 1870/1870 1877/1877 1878/1878 1871/1871
usemtl GoldFiligree
f 1871/1871 1878/1878 1879/1879 1872/1872
usemtl GoldFiligree
f 1872/1872 1879/1879 1880/1880 1873/1873
usemtl GoldFiligree
f 1873/1873 1880/1880 1881/1881 1874/1874
usemtl GoldFiligree
f 1875/1875 1882/1882 1883/1883 1876/1876
usemtl GoldFiligree
f 1876/1876 1883/1883 1884/1884 1877/1877
usemtl GoldFiligree
f 1877/1877 1884/1884 1885/1885 1878/1878
usemtl GoldFiligree
f 1878/1878 1885/1885 1886/1886 1879/1879
usemtl GoldFiligree
f 1879/1879 1886/1886 1887/1887 1880/1880
usemtl GoldFiligree
f 1880/1880 1887/1887 1888/1888 1881/1881
usemtl GoldFiligree
f 1882/1882 1889/1889 1890/1890 1883/1883
usemtl GoldFiligree
f 1883/1883 1890/1890 1891/1891 1884/1884
usemtl GoldFiligree
f 1884/1884 1891/1891 1892/1892 1885/1885
usemtl GoldFiligree
f 1885/1885 1892/1892 1893/1893 1886/1886
usemtl GoldFiligree
f 1886/1886 1893/1893 1894/1894 1887/1887
usemtl GoldFiligree
f 1887/1887 1894/1894 1895/1895 1888/1888
usemtl GoldFiligree
f 1889/1889 1896/1896 1897/1897 1890/1890
usemtl GoldFiligree
f 1890/1890 1897/1897 1898/1898 1891/1891
usemtl GoldFiligree
f 1891/1891 1898/1898 1899/1899 1892/1892
usemtl GoldFiligree
f 1892/1892 1899/1899 1900/1900 1893/1893
usemtl GoldFiligree
f 1893/1893 1900/1900 1901/1901 1894/1894
usemtl GoldFiligree
f 1894/1894 1901/1901 1902/1902 1895/1895
usemtl GoldFiligree
f 1896/1896 1903/1903 1904/1904 1897/1897
usemtl GoldFiligree
f 1897/1897 1904/1904 1905/1905 1898/1898
usemtl GoldFiligree
f 1898/1898 1905/1905 1906/1906 1899/1899
usemtl GoldFiligree
f 1899/1899 1906/1906 1907/1907 1900/1900
usemtl GoldFiligree
f 1900/1900 1907/1907 1908/1908 1901/1901
usemtl GoldFiligree
f 1901/1901 1908/1908 1909/1909 1902/1902
usemtl GoldFiligree
f 1903/1903 1910/1910 1911/1911 1904/1904
usemtl GoldFiligree
f 1904/1904 1911/1911 1912/1912 1905/1905
usemtl GoldFiligree
f 1905/1905 1912/1912 1913/1913 1906/1906
usemtl GoldFiligree
f 1906/1906 1913/1913 1914/1914 1907/1907
usemtl GoldFiligree
f 1907/1907 1914/1914 1915/1915 1908/1908
usemtl GoldFiligree
f 1908/1908 1915/1915 1916/1916 1909/1909
usemtl GoldFiligree
f 1910/1910 1917/1917 1918/1918 1911/1911
usemtl GoldFiligree
f 1911/1911 1918/1918 1919/1919 1912/1912
usemtl GoldFiligree
f 1912/1912 1919/1919 1920/1920 1913/1913
usemtl GoldFiligree
f 1913/1913 1920/1920 1921/1921 1914/1914
usemtl GoldFiligree
f 1914/1914 1921/1921 1922/1922 1915/1915
usemtl GoldFiligree
f 1915/1915 1922/1922 1923/1923 1916/1916
usemtl GoldFiligree
f 1917/1917 1924/1924 1925/1925 1918/1918
usemtl GoldFiligree
f 1918/1918 1925/1925 1926/1926 1919/1919
usemtl GoldFiligree
f 1919/1919 1926/1926 1927/1927 1920/1920
usemtl GoldFiligree
f 1920/1920 1927/1927 1928/1928 1921/1921
usemtl GoldFiligree
f 1921/1921 1928/1928 1929/1929 1922/1922
usemtl GoldFiligree
f 1922/1922 1929/1929 1930/1930 1923/1923
usemtl GoldFiligree
f 1924/1924 1931/1931 1932/1932 1925/1925
usemtl GoldFiligree
f 1925/1925 1932/1932 1933/1933 1926/1926
usemtl GoldFiligree
f 1926/1926 1933/1933 1934/1934 1927/1927
usemtl GoldFiligree
f 1927/1927 1934/1934 1935/1935 1928/1928
usemtl GoldFiligree
f 1928/1928 1935/1935 1936/1936 1929/1929
usemtl GoldFiligree
f 1929/1929 1936/1936 1937/1937 1930/1930
usemtl GoldFiligree
f 1931/1931 1938/1938 1939/1939 1932/1932
usemtl GoldFiligree
f 1932/1932 1939/1939 1940/1940 1933/1933
usemtl GoldFiligree
f 1933/1933 1940/1940 1941/1941 1934/1934
usemtl GoldFiligree
f 1934/1934 1941/1941 1942/1942 1935/1935
usemtl GoldFiligree
f 1935/1935 1942/1942 1943/1943 1936/1936
usemtl GoldFiligree
f 1936/1936 1943/1943 1944/1944 1937/1937
usemtl GoldFiligree
f 1938/1938 1945/1945 1946/1946 1939/1939
usemtl GoldFiligree
f 1939/1939 1946/1946 1947/1947 1940/1940
usemtl GoldFiligree
f 1940/1940 1947/1947 1948/1948 1941/1941
usemtl GoldFiligree
f 1941/1941 1948/1948 1949/1949 1942/1942
usemtl GoldFiligree
f 1942/1942 1949/1949 1950/1950 1943/1943
usemtl GoldFiligree
f 1943/1943 1950/1950 1951/1951 1944/1944
usemtl GoldFiligree
f 1945/1945 1952/1952 1953/1953 1946/1946
usemtl GoldFiligree
f 1946/1946 1953/1953 1954/1954 1947/1947
usemtl GoldFiligree
f 1947/1947 1954/1954 1955/1955 1948/1948
usemtl GoldFiligree
f 1948/1948 1955/1955 1956/1956 1949/1949
usemtl GoldFiligree
f 1949/1949 1956/1956 1957/1957 1950/1950
usemtl GoldFiligree
f 1950/1950 1957/1957 1958/1958 1951/1951
o filigree_0
usemtl GoldFiligree
f 1959/1959 1960/1960 1969/1969 1968/1968
usemtl GoldFiligree
f 1960/1960 1961/1961 1970/1970 1969/1969
usemtl GoldFiligree
f 1961/1961 1962/1962 1971/1971 1970/1970
usemtl GoldFiligree
f 1962/1962 1963/1963 1972/1972 1971/1971
usemtl GoldFiligree
f 1963/1963 1964/1964 1973/1973 1972/1972
usemtl GoldFiligree
f 1964/1964 1965/1965 1974/1974 1973/1973
usemtl GoldFiligree
f 1965/1965 1966/1966 1975/1975 1974/1974
usemtl GoldFiligree
f 1966/1966 1967/1967 1976/1976 1975/1975
o filigree_1
usemtl GoldFiligree
f 1977/1977 1978/1978 1987/1987 1986/1986
usemtl GoldFiligree
f 1978/1978 1979/1979 1988/1988 1987/1987
usemtl GoldFiligree
f 1979/1979 1980/1980 1989/1989 1988/1988
usemtl GoldFiligree
f 1980/1980 1981/1981 1990/1990 1989/1989
usemtl GoldFiligree
f 1981/1981 1982/1982 1991/1991 1990/1990
usemtl GoldFiligree
f 1982/1982 1983/1983 1992/1992 1991/1991
usemtl GoldFiligree
f 1983/1983 1984/1984 1993/1993 1992/1992
usemtl GoldFiligree
f 1984/1984 1985/1985 1994/1994 1993/1993
o filigree_2
usemtl GoldFiligree
f 1995/1995 1996/1996 2005/2005 2004/2004
usemtl GoldFiligree
f 1996/1996 1997/1997 2006/2006 2005/2005
usemtl GoldFiligree
f 1997/1997 1998/1998 2007/2007 2006/2006
usemtl GoldFiligree
f 1998/1998 1999/1999 2008/2008 2007/2007
usemtl GoldFiligree
f 1999/1999 2000/2000 2009/2009 2008/2008
usemtl GoldFiligree
f 2000/2000 2001/2001 2010/2010 2009/2009
usemtl GoldFiligree
f 2001/2001 2002/2002 2011/2011 2010/2010
usemtl GoldFiligree
f 2002/2002 2003/2003 2012/2012 2011/2011
o filigree_3
usemtl GoldFiligree
f 2013/2013 2014/2014 2023/2023 2022/2022
usemtl GoldFiligree
f 2014/2014 2015/2015 2024/2024 2023/2023
usemtl GoldFiligree
f 2015/2015 2016/2016 2025/2025 2024/2024
usemtl GoldFiligree
f 2016/2016 2017/2017 2026/2026 2025/2025
usemtl GoldFiligree
f 2017/2017 2018/2018 2027/2027 2026/2026
usemtl GoldFiligree
f 2018/2018 2019/2019 2028/2028 2027/2027
usemtl GoldFiligree
f 2019/2019 2020/2020 2029/2029 2028/2028
usemtl GoldFiligree
f 2020/2020 2021/2021 2030/2030 2029/2029
o filigree_4
usemtl GoldFiligree
f 2031/2031 2032/2032 2041/2041 2040/2040
usemtl GoldFiligree
f 2032/2032 2033/2033 2042/2042 2041/2041
usemtl GoldFiligree
f 2033/2033 2034/2034 2043/2043 2042/2042
usemtl GoldFiligree
f 2034/2034 2035/2035 2044/2044 2043/2043
usemtl GoldFiligree
f 2035/2035 2036/2036 2045/2045 2044/2044
usemtl GoldFiligree
f 2036/2036 2037/2037 2046/2046 2045/2045
usemtl GoldFiligree
f 2037/2037 2038/2038 2047/2047 2046/2046
usemtl GoldFiligree
f 2038/2038 2039/2039 2048/2048 2047/2047
o filigree_5
usemtl GoldFiligree
f 2049/2049 2050/2050 2059/2059 2058/2058
usemtl GoldFiligree
f 2050/2050 2051/2051 2060/2060 2059/2059
usemtl GoldFiligree
f 2051/2051 2052/2052 2061/2061 2060/2060
usemtl GoldFiligree
f 2052/2052 2053/2053 2062/2062 2061/2061
usemtl GoldFiligree
f 2053/2053 2054/2054 2063/2063 2062/2062
usemtl GoldFiligree
f 2054/2054 2055/2055 2064/2064 2063/2063
usemtl GoldFiligree
f 2055/2055 2056/2056 2065/2065 2064/2064
usemtl GoldFiligree
f 2056/2056 2057/2057 2066/2066 2065/2065
o filigree_6
usemtl GoldFiligree
f 2067/2067 2068/2068 2077/2077 2076/2076
usemtl GoldFiligree
f 2068/2068 2069/2069 2078/2078 2077/2077
usemtl GoldFiligree
f 2069/2069 2070/2070 2079/2079 2078/2078
usemtl GoldFiligree
f 2070/2070 2071/2071 2080/2080 2079/2079
usemtl GoldFiligree
f 2071/2071 2072/2072 2081/2081 2080/2080
usemtl GoldFiligree
f 2072/2072 2073/2073 2082/2082 2081/2081
usemtl GoldFiligree
f 2073/2073 2074/2074 2083/2083 2082/2082
usemtl GoldFiligree
f 2074/2074 2075/2075 2084/2084 2083/2083
o filigree_7
usemtl GoldFiligree
f 2085/2085 2086/2086 2095/2095 2094/2094
usemtl GoldFiligree
f 2086/2086 2087/2087 2096/2096 2095/2095
usemtl GoldFiligree
f 2087/2087 2088/2088 2097/2097 2096/2096
usemtl GoldFiligree
f 2088/2088 2089/2089 2098/2098 2097/2097
usemtl GoldFiligree
f 2089/2089 2090/2090 2099/2099 2098/2098
usemtl GoldFiligree
f 2090/2090 2091/2091 2100/2100 2099/2099
usemtl GoldFiligree
f 2091/2091 2092/2092 2101/2101 2100/2100
usemtl GoldFiligree
f 2092/2092 2093/2093 2102/2102 2101/2101
o filigree_8
usemtl GoldFiligree
f 2103/2103 2104/2104 2113/2113 2112/2112
usemtl GoldFiligree
f 2104/2104 2105/2105 2114/2114 2113/2113
usemtl GoldFiligree
f 2105/2105 2106/2106 2115/2115 2114/2114
usemtl GoldFiligree
f 2106/2106 2107/2107 2116/2116 2115/2115
usemtl GoldFiligree
f 2107/2107 2108/2108 2117/2117 2116/2116
usemtl GoldFiligree
f 2108/2108 2109/2109 2118/2118 2117/2117
usemtl GoldFiligree
f 2109/2109 2110/2110 2119/2119 2118/2118
usemtl GoldFiligree
f 2110/2110 2111/2111 2120/2120 2119/2119
o filigree_9
usemtl GoldFiligree
f 2121/2121 2122/2122 2131/2131 2130/2130
usemtl GoldFiligree
f 2122/2122 2123/2123 2132/2132 2131/2131
usemtl GoldFiligree
f 2123/2123 2124/2124 2133/2133 2132/2132
usemtl GoldFiligree
f 2124/2124 2125/2125 2134/2134 2133/2133
usemtl GoldFiligree
f 2125/2125 2126/2126 2135/2135 2134/2134
usemtl GoldFiligree
f 2126/2126 2127/2127 2136/2136 2135/2135
usemtl GoldFiligree
f 2127/2127 2128/2128 2137/2137 2136/2136
usemtl GoldFiligree
f 2128/2128 2129/2129 2138/2138 2137/2137
o gem_purple
usemtl GemPurple
f 2139/2139 2140/2140 2153/2153 2152/2152
usemtl GemPurple
f 2140/2140 2141/2141 2154/2154 2153/2153
usemtl GemPurple
f 2141/2141 2142/2142 2155/2155 2154/2154
usemtl GemPurple
f 2142/2142 2143/2143 2156/2156 2155/2155
usemtl GemPurple
f 2143/2143 2144/2144 2157/2157 2156/2156
usemtl GemPurple
f 2144/2144 2145/2145 2158/2158 2157/2157
usemtl GemPurple
f 2145/2145 2146/2146 2159/2159 2158/2158
usemtl GemPurple
f 2146/2146 2147/2147 2160/2160 2159/2159
usemtl GemPurple
f 2147/2147 2148/2148 2161/2161 2160/2160
usemtl GemPurple
f 2148/2148 2149/2149 2162/2162 2161/2161
usemtl GemPurple
f 2149/2149 2150/2150 2163/2163 2162/2162
usemtl GemPurple
f 2150/2150 2151/2151 2164/2164 2163/2163
usemtl GemPurple
f 2152/2152 2153/2153 2166/2166 2165/2165
usemtl GemPurple
f 2153/2153 2154/2154 2167/2167 2166/2166
usemtl GemPurple
f 2154/2154 2155/2155 2168/2168 2167/2167
usemtl GemPurple
f 2155/2155 2156/2156 2169/2169 2168/2168
usemtl GemPurple
f 2156/2156 2157/2157 2170/2170 2169/2169
usemtl GemPurple
f 2157/2157 2158/2158 2171/2171 2170/2170
usemtl GemPurple
f 2158/2158 2159/2159 2172/2172 2171/2171
usemtl GemPurple
f 2159/2159 2160/2160 2173/2173 2172/2172
usemtl GemPurple
f 2160/2160 2161/2161 2174/2174 2173/2173
usemtl GemPurple
f 2161/2161 2162/2162 2175/2175 2174/2174
usemtl GemPurple
f 2162/2162 2163/2163 2176/2176 2175/2175
usemtl GemPurple
f 2163/2163 2164/2164 2177/2177 2176/2176
usemtl GemPurple
f 2165/2165 2166/2166 2179/2179 2178/2178
usemtl GemPurple
f 2166/2166 2167/2167 2180/2180 2179/2179
usemtl GemPurple
f 2167/2167 2168/2168 2181/2181 2180/2180
usemtl GemPurple
f 2168/2168 2169/2169 2182/2182 2181/2181
usemtl GemPurple
f 2169/2169 2170/2170 2183/2183 2182/2182
usemtl GemPurple
f 2170/2170 2171/2171 2184/2184 2183/2183
usemtl GemPurple
f 2171/2171 2172/2172 2185/2185 2184/2184
usemtl GemPurple
f 2172/2172 2173/2173 2186/2186 2185/2185
usemtl GemPurple
f 2173/2173 2174/2174 2187/2187 2186/2186
usemtl GemPurple
f 2174/2174 2175/2175 2188/2188 2187/2187
usemtl GemPurple
f 2175/2175 2176/2176 2189/2189 2188/2188
usemtl GemPurple
f 2176/2176 2177/2177 2190/2190 2189/2189
usemtl GemPurple
f 2178/2178 2179/2179 2192/2192 2191/2191
usemtl GemPurple
f 2179/2179 2180/2180 2193/2193 2192/2192
usemtl GemPurple
f 2180/2180 2181/2181 2194/2194 2193/2193
usemtl GemPurple
f 2181/2181 2182/2182 2195/2195 2194/2194
usemtl GemPurple
f 2182/2182 2183/2183 2196/2196 2195/2195
usemtl GemPurple
f 2183/2183 2184/2184 2197/2197 2196/2196
usemtl GemPurple
f 2184/2184 2185/2185 2198/2198 2197/2197
usemtl GemPurple
f 2185/2185 2186/2186 2199/2199 2198/2198
usemtl GemPurple
f 2186/2186 2187/2187 2200/2200 2199/2199
usemtl GemPurple
f 2187/2187 2188/2188 2201/2201 2200/2200
usemtl GemPurple
f 2188/2188 2189/2189 2202/2202 2201/2201
usemtl GemPurple
f 2189/2189 2190/2190 2203/2203 2202/2202
usemtl GemPurple
f 2191/2191 2192/2192 2205/2205 2204/2204
usemtl GemPurple
f 2192/2192 2193/2193 2206/2206 2205/2205
usemtl GemPurple
f 2193/2193 2194/2194 2207/2207 2206/2206
usemtl GemPurple
f 2194/2194 2195/2195 2208/2208 2207/2207
usemtl GemPurple
f 2195/2195 2196/2196 2209/2209 2208/2208
usemtl GemPurple
f 2196/2196 2197/2197 2210/2210 2209/2209
usemtl GemPurple
f 2197/2197 2198/2198 2211/2211 2210/2210
usemtl GemPurple
f 2198/2198 2199/2199 2212/2212 2211/2211
usemtl GemPurple
f 2199/2199 2200/2200 2213/2213 2212/2212
usemtl GemPurple
f 2200/2200 2201/2201 2214/2214 2213/2213
usemtl GemPurple
f 2201/2201 2202/2202 2215/2215 2214/2214
usemtl GemPurple
f 2202/2202 2203/2203 2216/2216 2215/2215
usemtl GemPurple
f 2204/2204 2205/2205 2218/2218 2217/2217
usemtl GemPurple
f 2205/2205 2206/2206 2219/2219 2218/2218
usemtl GemPurple
f 2206/2206 2207/2207 2220/2220 2219/2219
usemtl GemPurple
f 2207/2207 2208/2208 2221/2221 2220/2220
usemtl GemPurple
f 2208/2208 2209/2209 2222/2222 2221/2221
usemtl GemPurple
f 2209/2209 2210/2210 2223/2223 2222/2222
usemtl GemPurple
f 2210/2210 2211/2211 2224/2224 2223/2223
usemtl GemPurple
f 2211/2211 2212/2212 2225/2225 2224/2224
usemtl GemPurple
f 2212/2212 2213/2213 2226/2226 2225/2225
usemtl GemPurple
f 2213/2213 2214/2214 2227/2227 2226/2226
usemtl GemPurple
f 2214/2214 2215/2215 2228/2228 2227/2227
usemtl GemPurple
f 2215/2215 2216/2216 2229/2229 2228/2228
o gem_yellow
usemtl GemYellow
f 2230/2230 2231/2231 2242/2242 2241/2241
usemtl GemYellow
f 2231/2231 2232/2232 2243/2243 2242/2242
usemtl GemYellow
f 2232/2232 2233/2233 2244/2244 2243/2243
usemtl GemYellow
f 2233/2233 2234/2234 2245/2245 2244/2244
usemtl GemYellow
f 2234/2234 2235/2235 2246/2246 2245/2245
usemtl GemYellow
f 2235/2235 2236/2236 2247/2247 2246/2246
usemtl GemYellow
f 2236/2236 2237/2237 2248/2248 2247/2247
usemtl GemYellow
f 2237/2237 2238/2238 2249/2249 2248/2248
usemtl GemYellow
f 2238/2238 2239/2239 2250/2250 2249/2249
usemtl GemYellow
f 2239/2239 2240/2240 2251/2251 2250/2250
usemtl GemYellow
f 2241/2241 2242/2242 2253/2253 2252/2252
usemtl GemYellow
f 2242/2242 2243/2243 2254/2254 2253/2253
usemtl GemYellow
f 2243/2243 2244/2244 2255/2255 2254/2254
usemtl GemYellow
f 2244/2244 2245/2245 2256/2256 2255/2255
usemtl GemYellow
f 2245/2245 2246/2246 2257/2257 2256/2256
usemtl GemYellow
f 2246/2246 2247/2247 2258/2258 2257/2257
usemtl GemYellow
f 2247/2247 2248/2248 2259/2259 2258/2258
usemtl GemYellow
f 2248/2248 2249/2249 2260/2260 2259/2259
usemtl GemYellow
f 2249/2249 2250/2250 2261/2261 2260/2260
usemtl GemYellow
f 2250/2250 2251/2251 2262/2262 2261/2261
usemtl GemYellow
f 2252/2252 2253/2253 2264/2264 2263/2263
usemtl GemYellow
f 2253/2253 2254/2254 2265/2265 2264/2264
usemtl GemYellow
f 2254/2254 2255/2255 2266/2266 2265/2265
usemtl GemYellow
f 2255/2255 2256/2256 2267/2267 2266/2266
usemtl GemYellow
f 2256/2256 2257/2257 2268/2268 2267/2267
usemtl GemYellow
f 2257/2257 2258/2258 2269/2269 2268/2268
usemtl GemYellow
f 2258/2258 2259/2259 2270/2270 2269/2269
usemtl GemYellow
f 2259/2259 2260/2260 2271/2271 2270/2270
usemtl GemYellow
f 2260/2260 2261/2261 2272/2272 2271/2271
usemtl GemYellow
f 2261/2261 2262/2262 2273/2273 2272/2272
usemtl GemYellow
f 2263/2263 2264/2264 2275/2275 2274/2274
usemtl GemYellow
f 2264/2264 2265/2265 2276/2276 2275/2275
usemtl GemYellow
f 2265/2265 2266/2266 2277/2277 2276/2276
usemtl GemYellow
f 2266/2266 2267/2267 2278/2278 2277/2277
usemtl GemYellow
f 2267/2267 2268/2268 2279/2279 2278/2278
usemtl GemYellow
f 2268/2268 2269/2269 2280/2280 2279/2279
usemtl GemYellow
f 2269/2269 2270/2270 2281/2281 2280/2280
usemtl GemYellow
f 2270/2270 2271/2271 2282/2282 2281/2281
usemtl GemYellow
f 2271/2271 2272/2272 2283/2283 2282/2282
usemtl GemYellow
f 2272/2272 2273/2273 2284/2284 2283/2283
usemtl GemYellow
f 2274/2274 2275/2275 2286/2286 2285/2285
usemtl GemYellow
f 2275/2275 2276/2276 2287/2287 2286/2286
usemtl GemYellow
f 2276/2276 2277/2277 2288/2288 2287/2287
usemtl GemYellow
f 2277/2277 2278/2278 2289/2289 2288/2288
usemtl GemYellow
f 2278/2278 2279/2279 2290/2290 2289/2289
usemtl GemYellow
f 2279/2279 2280/2280 2291/2291 2290/2290
usemtl GemYellow
f 2280/2280 2281/2281 2292/2292 2291/2291
usemtl GemYellow
f 2281/2281 2282/2282 2293/2293 2292/2292
usemtl GemYellow
f 2282/2282 2283/2283 2294/2294 2293/2293
usemtl GemYellow
f 2283/2283 2284/2284 2295/2295 2294/2294
o gem_blue
usemtl GemBlue
f 2296/2296 2297/2297 2308/2308 2307/2307
usemtl GemBlue
f 2297/2297 2298/2298 2309/2309 2308/2308
usemtl GemBlue
f 2298/2298 2299/2299 2310/2310 2309/2309
usemtl GemBlue
f 2299/2299 2300/2300 2311/2311 2310/2310
usemtl GemBlue
f 2300/2300 2301/2301 2312/2312 2311/2311
usemtl GemBlue
f 2301/2301 2302/2302 2313/2313 2312/2312
usemtl GemBlue
f 2302/2302 2303/2303 2314/2314 2313/2313
usemtl GemBlue
f 2303/2303 2304/2304 2315/2315 2314/2314
usemtl GemBlue
f 2304/2304 2305/2305 2316/2316 2315/2315
usemtl GemBlue
f 2305/2305 2306/2306 2317/2317 2316/2316
usemtl GemBlue
f 2307/2307 2308/2308 2319/2319 2318/2318
usemtl GemBlue
f 2308/2308 2309/2309 2320/2320 2319/2319
usemtl GemBlue
f 2309/2309 2310/2310 2321/2321 2320/2320
usemtl GemBlue
f 2310/2310 2311/2311 2322/2322 2321/2321
usemtl GemBlue
f 2311/2311 2312/2312 2323/2323 2322/2322
usemtl GemBlue
f 2312/2312 2313/2313 2324/2324 2323/2323
usemtl GemBlue
f 2313/2313 2314/2314 2325/2325 2324/2324
usemtl GemBlue
f 2314/2314 2315/2315 2326/2326 2325/2325
usemtl GemBlue
f 2315/2315 2316/2316 2327/2327 2326/2326
usemtl GemBlue
f 2316/2316 2317/2317 2328/2328 2327/2327
usemtl GemBlue
f 2318/2318 2319/2319 2330/2330 2329/2329
usemtl GemBlue
f 2319/2319 2320/2320 2331/2331 2330/2330
usemtl GemBlue
f 2320/2320 2321/2321 2332/2332 2331/2331
usemtl GemBlue
f 2321/2321 2322/2322 2333/2333 2332/2332
usemtl GemBlue
f 2322/2322 2323/2323 2334/2334 2333/2333
usemtl GemBlue
f 2323/2323 2324/2324 2335/2335 2334/2334
usemtl GemBlue
f 2324/2324 2325/2325 2336/2336 2335/2335
usemtl GemBlue
f 2325/2325 2326/2326 2337/2337 2336/2336
usemtl GemBlue
f 2326/2326 2327/2327 2338/2338 2337/2337
usemtl GemBlue
f 2327/2327 2328/2328 2339/2339 2338/2338
usemtl GemBlue
f 2329/2329 2330/2330 2341/2341 2340/2340
usemtl GemBlue
f 2330/2330 2331/2331 2342/2342 2341/2341
usemtl GemBlue
f 2331/2331 2332/2332 2343/2343 2342/2342
usemtl GemBlue
f 2332/2332 2333/2333 2344/2344 2343/2343
usemtl GemBlue
f 2333/2333 2334/2334 2345/2345 2344/2344
usemtl GemBlue
f 2334/2334 2335/2335 2346/2346 2345/2345
usemtl GemBlue
f 2335/2335 2336/2336 2347/2347 2346/2346
usemtl GemBlue
f 2336/2336 2337/2337 2348/2348 2347/2347
usemtl GemBlue
f 2337/2337 2338/2338 2349/2349 2348/2348
usemtl GemBlue
f 2338/2338 2339/2339 2350/2350 2349/2349
usemtl GemBlue
f 2340/2340 2341/2341 2352/2352 2351/2351
usemtl GemBlue
f 2341/2341 2342/2342 2353/2353 2352/2352
usemtl GemBlue
f 2342/2342 2343/2343 2354/2354 2353/2353
usemtl GemBlue
f 2343/2343 2344/2344 2355/2355 2354/2354
usemtl GemBlue
f 2344/2344 2345/2345 2356/2356 2355/2355
usemtl GemBlue
f 2345/2345 2346/2346 2357/2357 2356/2356
usemtl GemBlue
f 2346/2346 2347/2347 2358/2358 2357/2357
usemtl GemBlue
f 2347/2347 2348/2348 2359/2359 2358/2358
usemtl GemBlue
f 2348/2348 2349/2349 2360/2360 2359/2359
usemtl GemBlue
f 2349/2349 2350/2350 2361/2361 2360/2360
o gem_red
usemtl GemRed
f 2362/2362 2363/2363 2374/2374 2373/2373
usemtl GemRed
f 2363/2363 2364/2364 2375/2375 2374/2374
usemtl GemRed
f 2364/2364 2365/2365 2376/2376 2375/2375
usemtl GemRed
f 2365/2365 2366/2366 2377/2377 2376/2376
usemtl GemRed
f 2366/2366 2367/2367 2378/2378 2377/2377
usemtl GemRed
f 2367/2367 2368/2368 2379/2379 2378/2378
usemtl GemRed
f 2368/2368 2369/2369 2380/2380 2379/2379
usemtl GemRed
f 2369/2369 2370/2370 2381/2381 2380/2380
usemtl GemRed
f 2370/2370 2371/2371 2382/2382 2381/2381
usemtl GemRed
f 2371/2371 2372/2372 2383/2383 2382/2382
usemtl GemRed
f 2373/2373 2374/2374 2385/2385 2384/2384
usemtl GemRed
f 2374/2374 2375/2375 2386/2386 2385/2385
usemtl GemRed
f 2375/2375 2376/2376 2387/2387 2386/2386
usemtl GemRed
f 2376/2376 2377/2377 2388/2388 2387/2387
usemtl GemRed
f 2377/2377 2378/2378 2389/2389 2388/2388
usemtl GemRed
f 2378/2378 2379/2379 2390/2390 2389/2389
usemtl GemRed
f 2379/2379 2380/2380 2391/2391 2390/2390
usemtl GemRed
f 2380/2380 2381/2381 2392/2392 2391/2391
usemtl GemRed
f 2381/2381 2382/2382 2393/2393 2392/2392
usemtl GemRed
f 2382/2382 2383/2383 2394/2394 2393/2393
usemtl GemRed
f 2384/2384 2385/2385 2396/2396 2395/2395
usemtl GemRed
f 2385/2385 2386/2386 2397/2397 2396/2396
usemtl GemRed
f 2386/2386 2387/2387 2398/2398 2397/2397
usemtl GemRed
f 2387/2387 2388/2388 2399/2399 2398/2398
usemtl GemRed
f 2388/2388 2389/2389 2400/2400 2399/2399
usemtl GemRed
f 2389/2389 2390/2390 2401/2401 2400/2400
usemtl GemRed
f 2390/2390 2391/2391 2402/2402 2401/2401
usemtl GemRed
f 2391/2391 2392/2392 2403/2403 2402/2402
usemtl GemRed
f 2392/2392 2393/2393 2404/2404 2403/2403
usemtl GemRed
f 2393/2393 2394/2394 2405/2405 2404/2404
usemtl GemRed
f 2395/2395 2396/2396 2407/2407 2406/2406
usemtl GemRed
f 2396/2396 2397/2397 2408/2408 2407/2407
usemtl GemRed
f 2397/2397 2398/2398 2409/2409 2408/2408
usemtl GemRed
f 2398/2398 2399/2399 2410/2410 2409/2409
usemtl GemRed
f 2399/2399 2400/2400 2411/2411 2410/2410
usemtl GemRed
f 2400/2400 2401/2401 2412/2412 2411/2411
usemtl GemRed
f 2401/2401 2402/2402 2413/2413 2412/2412
usemtl GemRed
f 2402/2402 2403/2403 2414/2414 2413/2413
usemtl GemRed
f 2403/2403 2404/2404 2415/2415 2414/2414
usemtl GemRed
f 2404/2404 2405/2405 2416/2416 2415/2415
usemtl GemRed
f 2406/2406 2407/2407 2418/2418 2417/2417
usemtl GemRed
f 2407/2407 2408/2408 2419/2419 2418/2418
usemtl GemRed
f 2408/2408 2409/2409 2420/2420 2419/2419
usemtl GemRed
f 2409/2409 2410/2410 2421/2421 2420/2420
usemtl GemRed
f 2410/2410 2411/2411 2422/2422 2421/2421
usemtl GemRed
f 2411/2411 2412/2412 2423/2423 2422/2422
usemtl GemRed
f 2412/2412 2413/2413 2424/2424 2423/2423
usemtl GemRed
f 2413/2413 2414/2414 2425/2425 2424/2424
usemtl GemRed
f 2414/2414 2415/2415 2426/2426 2425/2425
usemtl GemRed
f 2415/2415 2416/2416 2427/2427 2426/2426
o knuckle_cap_0
usemtl GoldFiligree
f 2428/2428 2429/2429 2440/2440 2439/2439
usemtl GoldFiligree
f 2429/2429 2430/2430 2441/2441 2440/2440
usemtl GoldFiligree
f 2430/2430 2431/2431 2442/2442 2441/2441
usemtl GoldFiligree
f 2431/2431 2432/2432 2443/2443 2442/2442
usemtl GoldFiligree
f 2432/2432 2433/2433 2444/2444 2443/2443
usemtl GoldFiligree
f 2433/2433 2434/2434 2445/2445 2444/2444
usemtl GoldFiligree
f 2434/2434 2435/2435 2446/2446 2445/2445
usemtl GoldFiligree
f 2435/2435 2436/2436 2447/2447 2446/2446
usemtl GoldFiligree
f 2436/2436 2437/2437 2448/2448 2447/2447
usemtl GoldFiligree
f 2437/2437 2438/2438 2449/2449 2448/2448
usemtl GoldFiligree
f 2439/2439 2440/2440 2451/2451 2450/2450
usemtl GoldFiligree
f 2440/2440 2441/2441 2452/2452 2451/2451
usemtl GoldFiligree
f 2441/2441 2442/2442 2453/2453 2452/2452
usemtl GoldFiligree
f 2442/2442 2443/2443 2454/2454 2453/2453
usemtl GoldFiligree
f 2443/2443 2444/2444 2455/2455 2454/2454
usemtl GoldFiligree
f 2444/2444 2445/2445 2456/2456 2455/2455
usemtl GoldFiligree
f 2445/2445 2446/2446 2457/2457 2456/2456
usemtl GoldFiligree
f 2446/2446 2447/2447 2458/2458 2457/2457
usemtl GoldFiligree
f 2447/2447 2448/2448 2459/2459 2458/2458
usemtl GoldFiligree
f 2448/2448 2449/2449 2460/2460 2459/2459
usemtl GoldFiligree
f 2450/2450 2451/2451 2462/2462 2461/2461
usemtl GoldFiligree
f 2451/2451 2452/2452 2463/2463 2462/2462
usemtl GoldFiligree
f 2452/2452 2453/2453 2464/2464 2463/2463
usemtl GoldFiligree
f 2453/2453 2454/2454 2465/2465 2464/2464
usemtl GoldFiligree
f 2454/2454 2455/2455 2466/2466 2465/2465
usemtl GoldFiligree
f 2455/2455 2456/2456 2467/2467 2466/2466
usemtl GoldFiligree
f 2456/2456 2457/2457 2468/2468 2467/2467
usemtl GoldFiligree
f 2457/2457 2458/2458 2469/2469 2468/2468
usemtl GoldFiligree
f 2458/2458 2459/2459 2470/2470 2469/2469
usemtl GoldFiligree
f 2459/2459 2460/2460 2471/2471 2470/2470
usemtl GoldFiligree
f 2461/2461 2462/2462 2473/2473 2472/2472
usemtl GoldFiligree
f 2462/2462 2463/2463 2474/2474 2473/2473
usemtl GoldFiligree
f 2463/2463 2464/2464 2475/2475 2474/2474
usemtl GoldFiligree
f 2464/2464 2465/2465 2476/2476 2475/2475
usemtl GoldFiligree
f 2465/2465 2466/2466 2477/2477 2476/2476
usemtl GoldFiligree
f 2466/2466 2467/2467 2478/2478 2477/2477
usemtl GoldFiligree
f 2467/2467 2468/2468 2479/2479 2478/2478
usemtl GoldFiligree
f 2468/2468 2469/2469 2480/2480 2479/2479
usemtl GoldFiligree
f 2469/2469 2470/2470 2481/2481 2480/2480
usemtl GoldFiligree
f 2470/2470 2471/2471 2482/2482 2481/2481
usemtl GoldFiligree
f 2472/2472 2473/2473 2484/2484 2483/2483
usemtl GoldFiligree
f 2473/2473 2474/2474 2485/2485 2484/2484
usemtl GoldFiligree
f 2474/2474 2475/2475 2486/2486 2485/2485
usemtl GoldFiligree
f 2475/2475 2476/2476 2487/2487 2486/2486
usemtl GoldFiligree
f 2476/2476 2477/2477 2488/2488 2487/2487
usemtl GoldFiligree
f 2477/2477 2478/2478 2489/2489 2488/2488
usemtl GoldFiligree
f 2478/2478 2479/2479 2490/2490 2489/2489
usemtl GoldFiligree
f 2479/2479 2480/2480 2491/2491 2490/2490
usemtl GoldFiligree
f 2480/2480 2481/2481 2492/2492 2491/2491
usemtl GoldFiligree
f 2481/2481 2482/2482 2493/2493 2492/2492
o knuckle_cap_1
usemtl GoldFiligree
f 2494/2494 2495/2495 2506/2506 2505/2505
usemtl GoldFiligree
f 2495/2495 2496/2496 2507/2507 2506/2506
usemtl GoldFiligree
f 2496/2496 2497/2497 2508/2508 2507/2507
usemtl GoldFiligree
f 2497/2497 2498/2498 2509/2509 2508/2508
usemtl GoldFiligree
f 2498/2498 2499/2499 2510/2510 2509/2509
usemtl GoldFiligree
f 2499/2499 2500/2500 2511/2511 2510/2510
usemtl GoldFiligree
f 2500/2500 2501/2501 2512/2512 2511/2511
usemtl GoldFiligree
f 2501/2501 2502/2502 2513/2513 2512/2512
usemtl GoldFiligree
f 2502/2502 2503/2503 2514/2514 2513/2513
usemtl GoldFiligree
f 2503/2503 2504/2504 2515/2515 2514/2514
usemtl GoldFiligree
f 2505/2505 2506/2506 2517/2517 2516/2516
usemtl GoldFiligree
f 2506/2506 2507/2507 2518/2518 2517/2517
usemtl GoldFiligree
f 2507/2507 2508/2508 2519/2519 2518/2518
usemtl GoldFiligree
f 2508/2508 2509/2509 2520/2520 2519/2519
usemtl GoldFiligree
f 2509/2509 2510/2510 2521/2521 2520/2520
usemtl GoldFiligree
f 2510/2510 2511/2511 2522/2522 2521/2521
usemtl GoldFiligree
f 2511/2511 2512/2512 2523/2523 2522/2522
usemtl GoldFiligree
f 2512/2512 2513/2513 2524/2524 2523/2523
usemtl GoldFiligree
f 2513/2513 2514/2514 2525/2525 2524/2524
usemtl GoldFiligree
f 2514/2514 2515/2515 2526/2526 2525/2525
usemtl GoldFiligree
f 2516/2516 2517/2517 2528/2528 2527/2527
usemtl GoldFiligree
f 2517/2517 2518/2518 2529/2529 2528/2528
usemtl GoldFiligree
f 2518/2518 2519/2519 2530/2530 2529/2529
usemtl GoldFiligree
f 2519/2519 2520/2520 2531/2531 2530/2530
usemtl GoldFiligree
f 2520/2520 2521/2521 2532/2532 2531/2531
usemtl GoldFiligree
f 2521/2521 2522/2522 2533/2533 2532/2532
usemtl GoldFiligree
f 2522/2522 2523/2523 2534/2534 2533/2533
usemtl GoldFiligree
f 2523/2523 2524/2524 2535/2535 2534/2534
usemtl GoldFiligree
f 2524/2524 2525/2525 2536/2536 2535/2535
usemtl GoldFiligree
f 2525/2525 2526/2526 2537/2537 2536/2536
usemtl GoldFiligree
f 2527/2527 2528/2528 2539/2539 2538/2538
usemtl GoldFiligree
f 2528/2528 2529/2529 2540/2540 2539/2539
usemtl GoldFiligree
f 2529/2529 2530/2530 2541/2541 2540/2540
usemtl GoldFiligree
f 2530/2530 2531/2531 2542/2542 2541/2541
usemtl GoldFiligree
f 2531/2531 2532/2532 2543/2543 2542/2542
usemtl GoldFiligree
f 2532/2532 2533/2533 2544/2544 2543/2543
usemtl GoldFiligree
f 2533/2533 2534/2534 2545/2545 2544/2544
usemtl GoldFiligree
f 2534/2534 2535/2535 2546/2546 2545/2545
usemtl GoldFiligree
f 2535/2535 2536/2536 2547/2547 2546/2546
usemtl GoldFiligree
f 2536/2536 2537/2537 2548/2548 2547/2547
usemtl GoldFiligree
f 2538/2538 2539/2539 2550/2550 2549/2549
usemtl GoldFiligree
f 2539/2539 2540/2540 2551/2551 2550/2550
usemtl GoldFiligree
f 2540/2540 2541/2541 2552/2552 2551/2551
usemtl GoldFiligree
f 2541/2541 2542/2542 2553/2553 2552/2552
usemtl GoldFiligree
f 2542/2542 2543/2543 2554/2554 2553/2553
usemtl GoldFiligree
f 2543/2543 2544/2544 2555/2555 2554/2554
usemtl GoldFiligree
f 2544/2544 2545/2545 2556/2556 2555/2555
usemtl GoldFiligree
f 2545/2545 2546/2546 2557/2557 2556/2556
usemtl GoldFiligree
f 2546/2546 2547/2547 2558/2558 2557/2557
usemtl GoldFiligree
f 2547/2547 2548/2548 2559/2559 2558/2558
o knuckle_cap_2
usemtl GoldFiligree
f 2560/2560 2561/2561 2572/2572 2571/2571
usemtl GoldFiligree
f 2561/2561 2562/2562 2573/2573 2572/2572
usemtl GoldFiligree
f 2562/2562 2563/2563 2574/2574 2573/2573
usemtl GoldFiligree
f 2563/2563 2564/2564 2575/2575 2574/2574
usemtl GoldFiligree
f 2564/2564 2565/2565 2576/2576 2575/2575
usemtl GoldFiligree
f 2565/2565 2566/2566 2577/2577 2576/2576
usemtl GoldFiligree
f 2566/2566 2567/2567 2578/2578 2577/2577
usemtl GoldFiligree
f 2567/2567 2568/2568 2579/2579 2578/2578
usemtl GoldFiligree
f 2568/2568 2569/2569 2580/2580 2579/2579
usemtl GoldFiligree
f 2569/2569 2570/2570 2581/2581 2580/2580
usemtl GoldFiligree
f 2571/2571 2572/2572 2583/2583 2582/2582
usemtl GoldFiligree
f 2572/2572 2573/2573 2584/2584 2583/2583
usemtl GoldFiligree
f 2573/2573 2574/2574 2585/2585 2584/2584
usemtl GoldFiligree
f 2574/2574 2575/2575 2586/2586 2585/2585
usemtl GoldFiligree
f 2575/2575 2576/2576 2587/2587 2586/2586
usemtl GoldFiligree
f 2576/2576 2577/2577 2588/2588 2587/2587
usemtl GoldFiligree
f 2577/2577 2578/2578 2589/2589 2588/2588
usemtl GoldFiligree
f 2578/2578 2579/2579 2590/2590 2589/2589
usemtl GoldFiligree
f 2579/2579 2580/2580 2591/2591 2590/2590
usemtl GoldFiligree
f 2580/2580 2581/2581 2592/2592 2591/2591
usemtl GoldFiligree
f 2582/2582 2583/2583 2594/2594 2593/2593
usemtl GoldFiligree
f 2583/2583 2584/2584 2595/2595 2594/2594
usemtl GoldFiligree
f 2584/2584 2585/2585 2596/2596 2595/2595
usemtl GoldFiligree
f 2585/2585 2586/2586 2597/2597 2596/2596
usemtl GoldFiligree
f 2586/2586 2587/2587 2598/2598 2597/2597
usemtl GoldFiligree
f 2587/2587 2588/2588 2599/2599 2598/2598
usemtl GoldFiligree
f 2588/2588 2589/2589 2600/2600 2599/2599
usemtl GoldFiligree
f 2589/2589 2590/2590 2601/2601 2600/2600
usemtl GoldFiligree
f 2590/2590 2591/2591 2602/2602 2601/2601
usemtl GoldFiligree
f 2591/2591 2592/2592 2603/2603 2602/2602
usemtl GoldFiligree
f 2593/2593 2594/2594 2605/2605 2604/2604
usemtl GoldFiligree
f 2594/2594 2595/2595 2606/2606 2605/2605
usemtl GoldFiligree
f 2595/2595 2596/2596 2607/2607 2606/2606
usemtl GoldFiligree
f 2596/2596 2597/2597 2608/2608 2607/2607
usemtl GoldFiligree
f 2597/2597 2598/2598 2609/2609 2608/2608
usemtl GoldFiligree
f 2598/2598 2599/2599 2610/2610 2609/2609
usemtl GoldFiligree
f 2599/2599 2600/2600 2611/2611 2610/2610
usemtl GoldFiligree
f 2600/2600 2601/2601 2612/2612 2611/2611
usemtl GoldFiligree
f 2601/2601 2602/2602 2613/2613 2612/2612
usemtl GoldFiligree
f 2602/2602 2603/2603 2614/2614 2613/2613
usemtl GoldFiligree
f 2604/2604 2605/2605 2616/2616 2615/2615
usemtl GoldFiligree
f 2605/2605 2606/2606 2617/2617 2616/2616
usemtl GoldFiligree
f 2606/2606 2607/2607 2618/2618 2617/2617
usemtl GoldFiligree
f 2607/2607 2608/2608 2619/2619 2618/2618
usemtl GoldFiligree
f 2608/2608 2609/2609 2620/2620 2619/2619
usemtl GoldFiligree
f 2609/2609 2610/2610 2621/2621 2620/2620
usemtl GoldFiligree
f 2610/2610 2611/2611 2622/2622 2621/2621
usemtl GoldFiligree
f 2611/2611 2612/2612 2623/2623 2622/2622
usemtl GoldFiligree
f 2612/2612 2613/2613 2624/2624 2623/2623
usemtl GoldFiligree
f 2613/2613 2614/2614 2625/2625 2624/2624
o knuckle_cap_3
usemtl GoldFiligree
f 2626/2626 2627/2627 2638/2638 2637/2637
usemtl GoldFiligree
f 2627/2627 2628/2628 2639/2639 2638/2638
usemtl GoldFiligree
f 2628/2628 2629/2629 2640/2640 2639/2639
usemtl GoldFiligree
f 2629/2629 2630/2630 2641/2641 2640/2640
usemtl GoldFiligree
f 2630/2630 2631/2631 2642/2642 2641/2641
usemtl GoldFiligree
f 2631/2631 2632/2632 2643/2643 2642/2642
usemtl GoldFiligree
f 2632/2632 2633/2633 2644/2644 2643/2643
usemtl GoldFiligree
f 2633/2633 2634/2634 2645/2645 2644/2644
usemtl GoldFiligree
f 2634/2634 2635/2635 2646/2646 2645/2645
usemtl GoldFiligree
f 2635/2635 2636/2636 2647/2647 2646/2646
usemtl GoldFiligree
f 2637/2637 2638/2638 2649/2649 2648/2648
usemtl GoldFiligree
f 2638/2638 2639/2639 2650/2650 2649/2649
usemtl GoldFiligree
f 2639/2639 2640/2640 2651/2651 2650/2650
usemtl GoldFiligree
f 2640/2640 2641/2641 2652/2652 2651/2651
usemtl GoldFiligree
f 2641/2641 2642/2642 2653/2653 2652/2652
usemtl GoldFiligree
f 2642/2642 2643/2643 2654/2654 2653/2653
usemtl GoldFiligree
f 2643/2643 2644/2644 2655/2655 2654/2654
usemtl GoldFiligree
f 2644/2644 2645/2645 2656/2656 2655/2655
usemtl GoldFiligree
f 2645/2645 2646/2646 2657/2657 2656/2656
usemtl GoldFiligree
f 2646/2646 2647/2647 2658/2658 2657/2657
usemtl GoldFiligree
f 2648/2648 2649/2649 2660/2660 2659/2659
usemtl GoldFiligree
f 2649/2649 2650/2650 2661/2661 2660/2660
usemtl GoldFiligree
f 2650/2650 2651/2651 2662/2662 2661/2661
usemtl GoldFiligree
f 2651/2651 2652/2652 2663/2663 2662/2662
usemtl GoldFiligree
f 2652/2652 2653/2653 2664/2664 2663/2663
usemtl GoldFiligree
f 2653/2653 2654/2654 2665/2665 2664/2664
usemtl GoldFiligree
f 2654/2654 2655/2655 2666/2666 2665/2665
usemtl GoldFiligree
f 2655/2655 2656/2656 2667/2667 2666/2666
usemtl GoldFiligree
f 2656/2656 2657/2657 2668/2668 2667/2667
usemtl GoldFiligree
f 2657/2657 2658/2658 2669/2669 2668/2668
usemtl GoldFiligree
f 2659/2659 2660/2660 2671/2671 2670/2670
usemtl GoldFiligree
f 2660/2660 2661/2661 2672/2672 2671/2671
usemtl GoldFiligree
f 2661/2661 2662/2662 2673/2673 2672/2672
usemtl GoldFiligree
f 2662/2662 2663/2663 2674/2674 2673/2673
usemtl GoldFiligree
f 2663/2663 2664/2664 2675/2675 2674/2674
usemtl GoldFiligree
f 2664/2664 2665/2665 2676/2676 2675/2675
usemtl GoldFiligree
f 2665/2665 2666/2666 2677/2677 2676/2676
usemtl GoldFiligree
f 2666/2666 2667/2667 2678/2678 2677/2677
usemtl GoldFiligree
f 2667/2667 2668/2668 2679/2679 2678/2678
usemtl GoldFiligree
f 2668/2668 2669/2669 2680/2680 2679/2679
usemtl GoldFiligree
f 2670/2670 2671/2671 2682/2682 2681/2681
usemtl GoldFiligree
f 2671/2671 2672/2672 2683/2683 2682/2682
usemtl GoldFiligree
f 2672/2672 2673/2673 2684/2684 2683/2683
usemtl GoldFiligree
f 2673/2673 2674/2674 2685/2685 2684/2684
usemtl GoldFiligree
f 2674/2674 2675/2675 2686/2686 2685/2685
usemtl GoldFiligree
f 2675/2675 2676/2676 2687/2687 2686/2686
usemtl GoldFiligree
f 2676/2676 2677/2677 2688/2688 2687/2687
usemtl GoldFiligree
f 2677/2677 2678/2678 2689/2689 2688/2688
usemtl GoldFiligree
f 2678/2678 2679/2679 2690/2690 2689/2689
usemtl GoldFiligree
f 2679/2679 2680/2680 2691/2691 2690/2690
