# Procedural Frozen Tower inspired by the supplied concept image
# Units are arbitrary; Z is up. Approximate dimensions: 24 x 24 x 32.
mtllib frozen_tower.mtl
s off
v 1.215168 0.121923 -0.800000
v 0.699364 1.083462 -0.800000
v -0.419943 1.248794 -0.800000
v -1.172350 0.426346 -0.800000
v -1.021698 -0.624721 -0.800000
v -0.171836 -1.374190 -0.800000
v 0.787216 -0.806662 -0.800000
v 1.180656 0.114348 14.950000
v 0.567781 0.686445 14.950000
v -0.238987 0.792297 14.950000
v -0.906127 0.163194 14.950000
v -0.652847 -0.740904 14.950000
v 0.158974 -1.212883 14.950000
v 0.927983 -0.718430 14.950000
v 0.819341 -0.021402 26.920000
v 0.486177 0.270617 26.920000
v 0.093841 0.199778 26.920000
v -0.146419 -0.104903 26.920000
v -0.008185 -0.466099 26.920000
v 0.345211 -0.712875 26.920000
v 0.683479 -0.435089 26.920000
v 0.350000 -0.200000 30.700000
v -0.357990 0.837307 -0.600000
v -1.225681 1.380344 -0.600000
v -2.090444 0.862045 -0.600000
v -2.105447 -0.117333 -0.600000
v -1.273312 -0.637654 -0.600000
v -0.385156 -0.176911 -0.600000
v -0.853694 1.046607 13.000000
v -1.677259 1.416961 13.000000
v -2.445297 0.920059 13.000000
v -2.255650 0.066754 13.000000
v -1.526582 -0.322615 13.000000
v -0.849394 0.174196 13.000000
v -1.562226 0.910560 23.336000
v -1.935637 1.063672 23.336000
v -2.263849 0.804851 23.336000
v -2.164569 0.409768 23.336000
v -1.801855 0.284318 23.336000
v -1.526372 0.532640 23.336000
v -1.950000 0.700000 26.600000
v 2.236831 0.077514 -0.700000
v 1.542652 0.671757 -0.700000
v 0.666048 0.742434 -0.700000
v 0.246096 -0.017900 -0.700000
v 0.405989 -0.825145 -0.700000
v 1.175101 -1.180285 -0.700000
v 2.007516 -0.848643 -0.700000
v 2.241829 -0.005184 12.200000
v 1.785378 0.528988 12.200000
v 1.064778 0.420751 12.200000
v 0.643771 -0.196541 12.200000
v 0.929575 -0.898965 12.200000
v 1.630953 -1.051565 12.200000
v 2.209011 -0.682786 12.200000
v 2.148847 -0.170985 22.004000
v 1.893362 0.024673 22.004000
v 1.596990 -0.062027 22.004000
v 1.381558 -0.329773 22.004000
v 1.590337 -0.604530 22.004000
v 1.891513 -0.697892 22.004000
v 2.178857 -0.512000 22.004000
v 1.900000 -0.350000 25.100000
v 0.855904 1.723862 -0.800000
v 0.015614 1.926287 -0.800000
v -0.549449 1.301748 -0.800000
v -0.314303 0.518972 -0.800000
v 0.516940 0.158949 -0.800000
v 1.210864 0.857517 -0.800000
v 0.614956 1.883786 11.000000
v -0.040001 1.939893 11.000000
v -0.532530 1.451137 11.000000
v -0.203930 0.830397 11.000000
v 0.450306 0.734778 11.000000
v 0.925447 1.249841 11.000000
v 0.336278 1.807638 19.968000
v 0.004358 1.850338 19.968000
v -0.193801 1.559088 19.968000
v -0.025034 1.252772 19.968000
v 0.316230 1.236378 19.968000
v 0.478555 1.523017 19.968000
v 0.150000 1.600000 22.800000
v 0.040414 -0.283189 -0.323804
v 0.868287 -0.690764 -0.323804
v 1.531186 -0.142150 -0.323804
v 1.195542 0.648593 -0.323804
v 0.278531 0.666908 -0.323804
v 0.320477 -0.235397 11.939768
v 0.925817 -0.564202 11.939768
v 1.412422 -0.044921 11.939768
v 1.095368 0.622983 11.939768
v 0.387632 0.438000 11.939768
v 0.547675 -0.142204 21.260082
v 0.892762 -0.251642 21.260082
v 1.136255 0.018356 21.260082
v 0.922010 0.317963 21.260082
v 0.590566 0.212676 21.260082
v 0.814635 0.033355 24.203340
v -0.064973 0.225481 -1.019350
v 0.488944 -0.036755 -1.019350
v 1.047465 0.154853 -1.019350
v 1.029888 0.746068 -1.019350
v 0.577056 1.065650 -1.019350
v -0.038663 0.903277 -1.019350
v 0.107229 0.246564 10.695911
v 0.548365 -0.011016 10.695911
v 0.935830 0.292812 10.695911
v 0.966864 0.778165 10.695911
v 0.516245 1.050751 10.695911
v 0.095812 0.744496 10.695911
v 0.346357 0.371686 19.599510
v 0.557628 0.290857 19.599510
v 0.725181 0.425984 19.599510
v 0.722444 0.650206 19.599510
v 0.504132 0.758741 19.599510
v 0.309299 0.606619 19.599510
v 0.532615 0.509624 22.411172
v 0.098730 -0.241666 -0.680696
v 0.749894 0.469646 -0.680696
v 0.455711 1.319734 -0.680696
v -0.540988 1.333952 -0.680696
v -0.694556 0.351463 -0.680696
v 0.139133 0.081918 9.947551
v 0.658425 0.563433 9.947551
v 0.289872 1.175523 9.947551
v -0.404552 1.067625 9.947551
v -0.558017 0.326797 9.947551
v 0.125173 0.317397 18.025020
v 0.314248 0.633206 18.025020
v 0.134703 0.905962 18.025020
v -0.221053 0.854390 18.025020
v -0.247714 0.462000 18.025020
v 0.036022 0.647163 20.575799
v -0.785141 -0.237033 -0.756846
v -0.108649 0.072940 -0.756846
v 0.087581 0.782436 -0.756846
v -0.496152 1.268961 -0.756846
v -1.266770 1.074813 -0.756846
v -1.380981 0.272826 -0.756846
v -0.683912 -0.047246 10.916589
v -0.131803 0.182160 10.916589
v -0.047280 0.811626 10.916589
v -0.588145 1.153492 10.916589
v -1.124313 0.865826 10.916589
v -1.185416 0.270226 10.916589
v -0.636477 0.197117 19.788399
v -0.357097 0.370139 19.788399
v -0.365058 0.689653 19.788399
v -0.638952 0.814020 19.788399
v -0.905684 0.683938 19.788399
v -0.906137 0.374360 19.788399
v -0.637816 0.530714 22.590024
v -0.036533 -0.003268 -0.641467
v -0.484988 0.774490 -0.641467
v -1.290495 0.442170 -0.641467
v -1.358019 -0.373669 -0.641467
v -0.547133 -0.734052 -0.641467
v -0.158079 0.067935 11.769599
v -0.624677 0.575687 11.769599
v -1.263799 0.338368 11.769599
v -1.220851 -0.361266 11.769599
v -0.530258 -0.545126 11.769599
v -0.452021 0.073280 21.202010
v -0.712224 0.330047 21.202010
v -1.014332 0.154866 21.202010
v -0.977174 -0.189579 21.202010
v -0.637661 -0.219200 21.202010
v -0.761341 0.025122 24.180666
v 0.052325 -0.986727 -0.426720
v 0.015010 -0.221144 -0.426720
v -0.688460 0.063500 -0.426720
v -1.209363 -0.564684 -0.426720
v -0.738551 -1.293247 -0.426720
v -0.024292 -0.854301 11.944103
v -0.099475 -0.231263 11.944103
v -0.715794 -0.058733 11.944103
v -1.023803 -0.626428 11.944103
v -0.601763 -1.063865 11.944103
v -0.244753 -0.696872 21.345928
v -0.313196 -0.390512 21.345928
v -0.610610 -0.355467 21.345928
v -0.720796 -0.617599 21.345928
v -0.526587 -0.824621 21.345928
v -0.492308 -0.576797 24.314925
v 0.356098 -1.112822 -0.672003
v 0.457002 -0.572058 -0.672003
v 0.072707 -0.231680 -0.672003
v -0.414237 -0.358205 -0.672003
v -0.571633 -0.859075 -0.672003
v -0.199506 -1.291151 -0.672003
v 0.262691 -0.960022 10.376146
v 0.358924 -0.549052 10.376146
v 0.008818 -0.292658 10.376146
v -0.385378 -0.451745 10.376146
v -0.492569 -0.891230 10.376146
v -0.109050 -1.120120 10.376146
v 0.130397 -0.833205 18.772740
v 0.132359 -0.621613 18.772740
v -0.038762 -0.499598 18.772740
v -0.237082 -0.591661 18.772740
v -0.246575 -0.812056 18.772740
v -0.063949 -0.934175 18.772740
v -0.051180 -0.713855 21.424296
v 0.160778 -0.836804 -0.716820
v 0.784384 -1.058409 -0.716820
v 1.095164 -0.486209 -0.716820
v 0.724410 0.000658 -0.716820
v 0.125459 -0.201038 -0.716820
v 0.241537 -0.839757 9.881682
v 0.755598 -0.855909 9.881682
v 0.982801 -0.445911 9.881682
v 0.657826 -0.047061 9.881682
v 0.221349 -0.318790 9.881682
v 0.432328 -0.678928 17.936543
v 0.691378 -0.687420 17.936543
v 0.798865 -0.454530 17.936543
v 0.598651 -0.292475 17.936543
v 0.408951 -0.433984 17.936543
v 0.581085 -0.506000 20.480184
v 1.788523 -0.036621 -0.151938
v 2.067774 0.770423 -0.151938
v 1.364735 1.348400 -0.151938
v 0.654593 0.770053 -0.151938
v 0.971462 -0.006459 -0.151938
v 2.036803 0.211551 10.035049
v 2.110224 0.862665 10.035049
v 1.569371 1.252403 10.035049
v 1.023923 0.773260 10.035049
v 1.353118 0.145805 10.035049
v 2.025487 0.561088 17.777159
v 2.060289 0.850567 17.777159
v 1.794396 0.976908 17.777159
v 1.543014 0.764899 17.777159
v 1.733642 0.490835 17.777159
v 1.908628 0.754988 20.222036
v 1.697560 0.960080 -0.698547
v 1.639285 1.481269 -0.698547
v 1.160001 1.784895 -0.698547
v 0.667014 1.434007 -0.698547
v 0.773445 0.868146 -0.698547
v 1.271874 0.579694 -0.698547
v 1.964690 1.335999 10.179668
v 1.855784 1.775541 10.179668
v 1.435742 1.918377 10.179668
v 1.063981 1.635524 10.179668
v 1.177021 1.172784 10.179668
v 1.618342 1.029275 10.179668
v 1.969861 1.659850 18.447110
v 1.916858 1.874764 18.447110
v 1.694383 1.935025 18.447110
v 1.561956 1.758565 18.447110
v 1.622910 1.566136 18.447110
v 1.826960 1.484445 18.447110
v 1.834678 1.782667 21.057882
v 0.937530 2.316588 -0.647534
v 0.139573 2.083746 -0.647534
v 0.207357 1.286420 -0.647534
v 0.930020 1.013187 -0.647534
v 1.379338 1.656970 -0.647534
v 0.972827 2.518486 8.666180
v 0.421655 2.221754 8.666180
v 0.453358 1.604700 8.666180
v 1.054706 1.533589 8.666180
v 1.392860 2.029197 8.666180
v 0.994116 2.471235 15.744603
v 0.710839 2.326445 15.744603
v 0.783397 2.018232 15.744603
v 1.075466 2.003730 15.744603
v 1.211721 2.257624 15.744603
v 0.994447 2.284319 17.979895
v 0.075726 1.025965 -0.732396
v 0.673257 1.561674 -0.732396
v 0.453107 2.309520 -0.732396
v -0.272150 2.587251 -0.732396
v -0.785737 2.019983 -0.732396
v -0.622372 1.321914 -0.732396
v 0.103867 1.304011 9.665279
v 0.534828 1.784909 9.665279
v 0.252638 2.318109 9.665279
v -0.273125 2.407397 9.665279
v -0.659269 2.019968 9.665279
v -0.510477 1.444453 9.665279
v 0.011136 1.720213 17.567512
v 0.192617 1.958238 17.567512
v 0.047147 2.202158 17.567512
v -0.232192 2.275752 17.567512
v -0.405081 2.024714 17.567512
v -0.295500 1.736492 17.567512
v -0.109138 2.017258 20.062954
v -1.198939 1.924899 -0.696208
v -1.418863 1.471611 -0.696208
v -1.221054 0.992253 -0.696208
v -0.667374 0.982094 -0.696208
v -0.413417 1.461342 -0.696208
v -0.710354 1.856309 -0.696208
v -1.357107 2.081460 9.726254
v -1.554438 1.754698 9.726254
v -1.311662 1.439365 9.726254
v -0.904471 1.451953 9.726254
v -0.715587 1.838683 9.726254
v -0.988438 2.155805 9.726254
v -1.437465 2.192393 17.647325
v -1.479767 2.013352 17.647325
v -1.382580 1.843006 17.647325
v -1.183646 1.895286 17.647325
v -1.107192 2.082454 17.647325
v -1.244722 2.232463 17.647325
v -1.361752 2.123416 20.148716
v -1.390744 0.089062 -0.697468
v -0.768904 0.378421 -0.697468
v -1.014859 1.041829 -0.697468
v -1.658350 1.051178 -0.697468
v -1.974092 0.439104 -0.697468
v -1.719121 0.315071 10.567869
v -1.283908 0.654176 10.567869
v -1.496352 1.168489 10.567869
v -2.034414 1.121364 10.567869
v -2.164225 0.609264 10.567869
v -2.008811 0.706027 19.129525
v -1.822448 0.865508 19.129525
v -1.934811 1.098023 19.129525
v -2.181010 1.049065 19.129525
v -2.240735 0.801610 19.129525
v -2.129113 0.942721 21.833206
v -1.339808 0.715751 -0.645185
v -2.195522 0.468279 -0.645185
v -2.325112 -0.405783 -0.645185
v -1.509848 -0.657137 -0.645185
v -0.953871 -0.076173 -0.645185
v -1.592493 0.572848 10.377578
v -2.252168 0.327479 10.377578
v -2.169994 -0.308533 10.377578
v -1.583591 -0.562195 10.377578
v -1.283007 -0.002817 10.377578
v -1.805293 0.248124 18.754878
v -2.107287 0.132867 18.754878
v -2.055202 -0.182688 18.754878
v -1.760987 -0.241171 18.754878
v -1.595378 0.015662 18.754878
v -1.890263 -0.010910 21.400341
v -0.530205 -0.808501 -0.710078
v -0.803828 -0.105529 -0.710078
v -1.459770 0.030986 -0.710078
v -1.938007 -0.411153 -0.710078
v -1.777791 -1.053939 -0.710078
v -1.107516 -1.357190 -0.710078
v -0.930966 -0.746584 9.556381
v -1.124057 -0.258953 9.556381
v -1.652194 -0.129874 9.556381
v -2.043602 -0.561211 9.556381
v -1.833482 -1.120810 9.556381
v -1.248945 -1.206068 9.556381
v -1.271854 -0.736067 17.358890
v -1.403356 -0.472213 17.358890
v -1.675155 -0.487658 17.358890
v -1.826373 -0.690779 17.358890
v -1.708451 -0.913335 17.358890
v -1.451595 -0.959943 17.358890
v -1.605472 -0.728313 19.822840
v -0.180943 -1.205176 -0.289257
v -0.686508 -0.763667 -0.289257
v -1.205662 -1.159648 -0.289257
v -1.084916 -1.798456 -0.289257
v -0.385590 -1.862932 -0.289257
v -0.355656 -1.321683 9.543469
v -0.822082 -1.007327 9.543469
v -1.180081 -1.390087 9.543469
v -1.046887 -1.882142 9.543469
v -0.511116 -1.840568 9.543469
v -0.649314 -1.501964 17.016341
v -0.880429 -1.409235 17.016341
v -1.066044 -1.563817 17.016341
v -0.961178 -1.803570 17.016341
v -0.710533 -1.749683 17.016341
v -0.871962 -1.635987 19.376195
v 0.474734 -2.135792 -0.864362
v 0.759200 -1.294015 -0.864362
v 0.021397 -0.734895 -0.864362
v -0.755253 -1.295207 -0.864362
v -0.384810 -2.127398 -0.864362
v 0.450393 -2.218111 10.259487
v 0.504148 -1.555013 10.259487
v -0.026731 -1.263618 10.259487
v -0.553604 -1.658661 10.259487
v -0.234303 -2.260349 10.259487
v 0.238790 -2.131404 18.713612
v 0.284508 -1.810128 18.713612
v -0.024564 -1.644018 18.713612
v -0.233909 -1.920646 18.713612
v -0.088614 -2.234868 18.713612
v 0.040465 -2.006352 21.383336
v 0.866898 -0.969209 -0.265265
v 0.213428 -1.065590 -0.265265
v -0.089733 -1.616766 -0.265265
v 0.228844 -2.204581 -0.265265
v 0.908886 -2.149535 -0.265265
v 1.111046 -1.560470 -0.265265
v 0.789125 -1.427574 9.468679
v 0.340213 -1.471856 9.468679
v 0.128601 -1.913512 9.468679
v 0.446542 -2.319418 9.468679
v 0.927237 -2.197113 9.468679
v 1.077529 -1.763442 9.468679
v 0.762936 -1.797764 16.866477
v 0.519291 -1.834946 16.866477
v 0.458566 -2.080012 16.866477
v 0.631256 -2.250320 16.866477
v 0.849898 -2.179981 16.866477
v 0.907307 -1.969984 16.866477
v 0.718339 -2.080578 19.202624
v 0.869018 -1.277353 -0.344916
v 1.411361 -1.613789 -0.344916
v 2.017660 -1.332261 -0.344916
v 2.017055 -0.648846 -0.344916
v 1.441993 -0.264970 -0.344916
v 0.857498 -0.626845 -0.344916
v 1.102196 -1.436135 10.680561
v 1.641403 -1.592535 10.680561
v 2.070518 -1.310007 10.680561
v 2.043298 -0.777129 10.680561
v 1.544344 -0.483499 10.680561
v 1.059379 -0.838540 10.680561
v 1.523224 -1.348536 19.059924
v 1.778673 -1.473807 19.059924
v 1.958928 -1.263378 19.059924
v 1.954859 -0.989020 19.059924
v 1.685795 -0.935627 19.059924
v 1.444957 -1.074188 19.059924
v 1.768813 -1.206314 21.706038
v 1.187232 -0.874750 -0.999601
v 2.039357 -0.764022 -0.999601
v 2.303088 0.108324 -0.999601
v 1.475185 0.470538 -0.999601
v 0.706110 -0.056626 -0.999601
v 1.605204 -0.888534 8.734428
v 2.275461 -0.635940 8.734428
v 2.382354 0.026594 8.734428
v 1.720111 0.382663 8.734428
v 1.216391 -0.217125 8.734428
v 2.023909 -0.564613 16.132290
v 2.366170 -0.504958 16.132290
v 2.373413 -0.124742 16.132290
v 2.024035 -0.046331 16.132290
v 1.841555 -0.311135 16.132290
v 2.183732 -0.324928 18.468456
v 2.231968 0.902982 -0.854026
v 2.683625 1.247536 -0.854026
v 2.526904 1.784314 -0.854026
v 2.020275 2.006256 -0.854026
v 1.597002 1.624625 -0.854026
v 1.718479 1.084980 -0.854026
v 2.713736 1.355253 7.434323
v 2.972536 1.665668 7.434323
v 2.893393 2.078736 7.434323
v 2.445893 2.222429 7.434323
v 2.183240 1.845509 7.434323
v 2.293573 1.431800 7.434323
v 3.016791 1.805094 13.733469
v 3.140139 1.962168 13.733469
v 3.058900 2.139276 13.733469
v 2.869183 2.171281 13.733469
v 2.730020 2.020141 13.733469
v 2.804719 1.814475 13.733469
v 3.053098 2.065164 15.722673
v 2.069361 1.470148 -0.726251
v 1.731309 1.964921 -0.726251
v 1.178883 1.963557 -0.726251
v 0.942389 1.498964 -0.726251
v 1.131039 0.984013 -0.726251
v 1.719998 0.968410 -0.726251
v 2.017483 1.711633 9.024430
v 1.830203 2.116696 9.024430
v 1.402151 1.997519 9.024430
v 1.200524 1.642488 9.024430
v 1.448849 1.304886 9.024430
v 1.877106 1.315111 9.024430
v 1.978036 1.860373 16.434948
v 1.848743 2.048328 16.434948
v 1.635796 1.981034 16.434948
v 1.559044 1.789297 16.434948
v 1.692596 1.627840 16.434948
v 1.917567 1.640768 16.434948
v 1.810174 1.870427 18.775111
v 1.294791 1.873254 -0.163665
v 1.676958 2.557675 -0.163665
v 1.024514 3.027432 -0.163665
v 0.337660 2.647418 -0.163665
v 0.503530 1.826212 -0.163665
v 1.531151 2.456595 8.743985
v 1.640192 3.062726 8.743985
v 1.167206 3.422364 8.743985
v 0.707914 3.033296 8.743985
v 0.892850 2.460569 8.743985
v 1.519660 3.097000 15.513799
v 1.598231 3.402229 15.513799
v 1.316847 3.520449 15.513799
v 1.087150 3.335744 15.513799
v 1.228720 3.075967 15.513799
v 1.395397 3.407528 17.651635
v 0.123569 1.994422 -0.390338
v 0.248929 2.557836 -0.390338
v -0.158812 2.954116 -0.390338
v -0.693365 2.785670 -0.390338
v -0.822543 2.252314 -0.390338
v -0.437784 1.842244 -0.390338
v 0.047629 2.386489 8.141249
v 0.096838 2.855691 8.141249
v -0.261901 3.192030 8.141249
v -0.685686 2.954946 8.141249
v -0.808443 2.485928 8.141249
v -0.393883 2.226334 8.141249
v -0.156080 2.761214 14.625255
v -0.149075 2.998790 14.625255
v -0.347479 3.093537 14.625255
v -0.528382 3.002921 14.625255
v -0.559623 2.789538 14.625255
v -0.368855 2.684620 14.625255
v -0.366273 2.959153 16.672836
v -1.329114 1.525255 -0.456053
v -0.700789 1.422077 -0.456053
v -0.263758 1.864263 -0.456053
v -0.419925 2.498136 -0.456053
v -1.077267 2.658250 -0.456053
v -1.425804 2.133862 -0.456053
v -1.415017 2.188235 9.499359
v -0.949747 2.160701 9.499359
v -0.597570 2.510916 9.499359
v -0.826026 2.976723 9.499359
v -1.294713 2.963988 9.499359
v -1.643970 2.634938 9.499359
v -1.435255 2.812821 17.065473
v -1.199748 2.786556 17.065473
v -1.070696 2.995939 17.065473
v -1.199798 3.190079 17.065473
v -1.412949 3.187011 17.065473
v -1.562943 3.012865 17.065473
v -1.375270 3.140370 19.454772
v -1.121273 2.435647 -0.951296
v -1.864910 2.011307 -0.951296
v -1.754722 1.175871 -0.951296
v -0.915155 1.058702 -0.951296
v -0.420859 1.822540 -0.951296
v -1.650545 2.879143 9.309406
v -2.248571 2.508195 9.309406
v -2.084714 1.784468 9.309406
v -1.348122 1.791576 9.309406
v -1.096922 2.452197 9.309406
v -2.022993 3.053369 17.107540
v -2.317539 2.836147 17.107540
v -2.170658 2.512428 17.107540
v -1.848063 2.540621 17.107540
v -1.757901 2.842162 17.107540
v -2.117147 2.893242 19.570109
v -2.418398 0.754934 -1.129722
v -1.940443 0.419531 -1.129722
v -1.423724 0.614681 -1.129722
v -1.200998 1.204854 -1.129722
v -1.733989 1.625186 -1.129722
v -2.342858 1.378220 -1.129722
v -2.584245 0.928280 9.134172
v -2.202128 0.602780 9.134172
v -1.790126 0.884564 9.134172
v -1.746004 1.347775 9.134172
v -2.142855 1.596237 9.134172
v -2.558773 1.391671 9.134172
v -2.640968 1.126983 16.934731
v -2.410329 1.018766 16.934731
v -2.203636 1.148017 16.934731
v -2.214651 1.386957 16.934731
v -2.422223 1.514092 16.934731
v -2.617658 1.373978 16.934731
v -2.493862 1.304657 19.398065
v -2.907342 0.048301 -0.655803
v -2.170447 -0.263047 -0.655803
v -1.566170 0.226488 -0.655803
v -1.683830 0.956836 -0.655803
v -2.360815 1.383207 -0.655803
v -2.978894 0.837939 -0.655803
v -3.024217 0.151581 9.724208
v -2.426441 0.064431 9.724208
v -1.933543 0.405312 9.724208
v -2.123415 0.988622 9.724208
v -2.676196 1.155025 9.724208
v -3.178092 0.788215 9.724208
v -2.959534 0.431352 17.613016
v -2.672462 0.354588 17.613016
v -2.483316 0.583485 17.613016
v -2.557898 0.872570 17.613016
v -2.849023 0.908202 17.613016
v -3.059993 0.709340 17.613016
v -2.833692 0.660982 20.104219
v -2.843129 -0.053530 -0.847886
v -2.816662 -0.560761 -0.847886
v -2.326863 -0.685864 -0.847886
v -1.964465 -0.390465 -0.847886
v -1.960358 0.133156 -0.847886
v -2.482546 0.294859 -0.847886
v -3.392191 -0.160082 7.769647
v -3.233081 -0.557142 7.769647
v -2.841785 -0.684288 7.769647
v -2.603408 -0.366683 7.769647
v -2.668160 0.014176 7.769647
v -3.068541 0.143312 7.769647
v -3.573796 -0.279326 14.318973
v -3.516196 -0.483249 14.318973
v -3.312949 -0.482812 14.318973
v -3.163522 -0.350839 14.318973
v -3.251908 -0.167023 14.318973
v -3.447006 -0.116731 14.318973
v -3.507643 -0.326384 16.387181
v -1.363865 -1.332388 -0.993472
v -1.375033 -0.516268 -0.993472
v -2.111909 -0.362925 -0.993472
v -2.612572 -0.919796 -0.993472
v -2.136497 -1.551515 -0.993472
v -2.026180 -1.464658 8.959100
v -2.156451 -0.877288 8.959100
v -2.701850 -0.751874 8.959100
v -3.026707 -1.250167 8.959100
v -2.613037 -1.722930 8.959100
v -2.705036 -1.507719 16.523055
v -2.762784 -1.211491 16.523055
v -3.043231 -1.209832 16.523055
v -3.165235 -1.444116 16.523055
v -2.968064 -1.649373 16.523055
v -3.074993 -1.464981 18.911673
v -0.820861 -1.420441 -0.431879
v -1.435792 -0.899811 -0.431879
v -2.086352 -1.339653 -0.431879
v -1.898024 -2.073288 -0.431879
v -1.131557 -2.154031 -0.431879
v -1.185885 -1.589980 8.259104
v -1.669700 -1.256742 8.259104
v -2.108833 -1.630529 8.259104
v -1.947786 -2.203406 8.259104
v -1.344147 -2.150926 8.259104
v -1.579192 -1.802842 14.864250
v -1.807305 -1.640742 14.864250
v -1.997342 -1.851372 14.864250
v -1.888988 -2.097158 14.864250
v -1.628291 -2.053724 14.864250
v -1.816081 -1.936866 16.950086
v -0.608543 -2.668884 -0.766360
v 0.023089 -2.360421 -0.766360
v -0.050776 -1.596357 -0.766360
v -0.745179 -1.391172 -0.766360
v -1.278587 -1.783704 -0.766360
v -1.203613 -2.437141 -0.766360
v -0.785220 -3.245756 8.467943
v -0.373718 -2.897990 8.467943
v -0.504173 -2.371660 8.467943
v -1.001033 -2.264705 8.467943
v -1.469574 -2.550500 8.467943
v -1.316680 -3.113748 8.467943
v -0.981889 -3.528069 15.486013
v -0.841905 -3.300157 15.486013
v -0.894889 -3.061397 15.486013
v -1.137917 -3.023911 15.486013
v -1.334328 -3.188249 15.486013
v -1.248389 -3.443094 15.486013
v -1.122046 -3.411975 17.702246
v 0.343842 -1.727669 -0.461659
v -0.298353 -1.932992 -0.461659
v -0.305106 -2.604682 -0.461659
v 0.189565 -3.048956 -0.461659
v 0.808520 -2.756824 -0.461659
v 0.909744 -2.080475 -0.461659
v 0.358687 -2.639121 9.126857
v -0.068032 -2.851965 9.126857
v -0.057440 -3.335375 9.126857
v 0.352415 -3.644808 9.126857
v 0.850869 -3.390161 9.126857
v 0.803396 -2.845504 9.126857
v 0.400442 -3.404271 16.414129
v 0.188332 -3.554384 16.414129
v 0.209653 -3.810232 16.414129
v 0.440522 -3.921306 16.414129
v 0.630883 -3.766109 16.414129
v 0.607146 -3.537731 16.414129
v 0.441186 -3.844081 18.715373
v 0.685761 -1.360776 -0.688896
v 0.231887 -1.945771 -0.688896
v 0.524936 -2.574242 -0.688896
v 1.174003 -2.690885 -0.688896
v 1.741682 -2.207736 -0.688896
v 1.449519 -1.466229 -0.688896
v 0.805383 -1.802625 9.576191
v 0.511210 -2.226575 9.576191
v 0.728844 -2.716787 9.576191
v 1.267424 -2.730993 9.576191
v 1.615585 -2.294912 9.576191
v 1.308379 -1.842559 9.576191
v 0.970950 -2.192979 17.377656
v 0.837561 -2.408266 17.377656
v 0.960878 -2.652766 17.377656
v 1.224771 -2.611278 17.377656
v 1.351944 -2.397050 17.377656
v 1.229182 -2.163731 17.377656
v 1.118887 -2.447982 19.841277
v 1.792782 -0.814366 -0.250404
v 1.008379 -0.936328 -0.250404
v 0.776094 -1.696836 -0.250404
v 1.483029 -2.043458 -0.250404
v 2.029215 -1.558853 -0.250404
v 1.969628 -1.371805 9.836334
v 1.424875 -1.441763 9.836334
v 1.348357 -2.018542 9.836334
v 1.883339 -2.268511 9.836334
v 2.309497 -1.835625 9.836334
v 2.128136 -1.841323 17.502255
v 1.854127 -1.886147 17.502255
v 1.847618 -2.183131 17.502255
v 2.129999 -2.302510 17.502255
v 2.272622 -2.050049 17.502255
v 2.140562 -2.127665 19.923072
v 1.612405 -1.577011 -0.265544
v 2.094757 -1.449147 -0.265544
v 2.194971 -0.968036 -0.265544
v 1.876186 -0.540144 -0.265544
v 1.369012 -0.741579 -0.265544
v 1.187745 -1.251659 -0.265544
v 2.112180 -1.740972 9.731636
v 2.460124 -1.600800 9.731636
v 2.558168 -1.210378 9.731636
v 2.225475 -0.931852 9.731636
v 1.837798 -1.115095 9.731636
v 1.766670 -1.530632 9.731636
v 2.478760 -1.793502 17.329492
v 2.658700 -1.686347 17.329492
v 2.670349 -1.485803 17.329492
v 2.502880 -1.359497 17.329492
v 2.308371 -1.457264 17.329492
v 2.312293 -1.666820 17.329492
v 2.593973 -1.641860 19.728816
v 2.720439 -1.072128 -0.525730
v 3.488436 -0.524336 -0.525730
v 3.216429 0.354043 -0.525730
v 2.280958 0.418852 -0.525730
v 1.993331 -0.478669 -0.525730
v 3.173027 -0.835085 8.824468
v 3.652927 -0.419060 8.824468
v 3.461145 0.250416 8.824468
v 2.748261 0.148685 8.824468
v 2.521780 -0.548206 8.824468
v 3.464876 -0.581411 15.930618
v 3.745144 -0.370999 15.930618
v 3.556470 -0.052889 15.930618
v 3.226642 -0.130187 15.930618
v 3.158205 -0.459220 15.930618
v 3.514232 -0.331051 18.174666
v 2.977956 0.563034 -0.475037
v 2.427056 1.026208 -0.475037
v 1.822591 0.575308 -0.475037
v 2.052616 -0.145605 -0.475037
v 2.829618 -0.160272 -0.475037
v 3.075864 0.606661 8.127993
v 2.615273 0.852684 8.127993
v 2.180068 0.516107 8.127993
v 2.449200 0.033356 8.127993
v 3.002323 0.053215 8.127993
v 3.048734 0.561884 14.666296
v 2.797588 0.678046 14.666296
v 2.634540 0.470740 14.666296
v 2.755308 0.251670 14.666296
v 2.993638 0.309527 14.666296
v 2.900791 0.455440 16.731023
v 1.510193 2.177061 -0.799033
v 2.161775 1.713679 -0.799033
v 2.867113 2.096985 -0.799033
v 2.594572 2.840650 -0.799033
v 1.841426 2.914928 -0.799033
v 2.278970 2.787444 7.558098
v 2.804133 2.495098 7.558098
v 3.309659 2.836901 7.558098
v 3.069307 3.426339 7.558098
v 2.429823 3.410383 7.558098
v 2.964480 3.328485 13.909518
v 3.257742 3.171695 13.909518
v 3.448762 3.410319 13.909518
v 3.334900 3.666713 13.909518
v 3.031506 3.647818 13.909518
v 3.358643 3.600840 15.915230
v 1.858714 2.601588 -1.061399
v 1.446000 2.890721 -1.061399
v 0.956476 2.758628 -1.061399
v 0.839909 2.224791 -1.061399
v 1.279126 1.914827 -1.061399
v 1.758718 2.092511 -1.061399
v 2.130541 3.303355 7.181362
v 1.784700 3.540297 7.181362
v 1.400739 3.354220 7.181362
v 1.423013 2.949066 7.181362
v 1.733643 2.681153 7.181362
v 2.103992 2.890493 7.181362
v 2.243288 3.760767 13.445860
v 2.054808 3.829058 13.445860
v 1.872904 3.750052 13.445860
v 1.880752 3.539570 13.445860
v 2.063649 3.464445 13.445860
v 2.250398 3.544141 13.445860
v 2.153800 3.816074 15.424122
v 0.841576 2.471032 -0.812475
v 0.647140 3.017195 -0.812475
v 0.078144 3.118918 -0.812475
v -0.107727 2.559931 -0.812475
v 0.313664 2.149048 -0.812475
v 0.776859 3.097371 7.331352
v 0.626068 3.498985 7.331352
v 0.210976 3.471600 7.331352
v 0.076135 3.073209 7.331352
v 0.437634 2.776965 7.331352
v 0.649919 3.565337 13.520661
v 0.561036 3.750934 13.520661
v 0.340440 3.747111 13.520661
v 0.304557 3.520793 13.520661
v 0.498298 3.414179 13.520661
v 0.493136 3.726485 15.475179
v -0.526920 2.986581 -0.413510
v 0.010601 2.794331 -0.413510
v 0.366452 3.243186 -0.413510
v 0.228330 3.773331 -0.413510
v -0.329522 3.967313 -0.413510
v -0.700229 3.505775 -0.413510
v -0.468236 3.291566 8.601750
v -0.015042 3.300922 8.601750
v 0.299788 3.616110 8.601750
v 0.077025 4.001466 8.601750
v -0.356117 4.125456 8.601750
v -0.660835 3.743042 8.601750
v -0.294502 3.736142 15.453348
v -0.091723 3.735957 15.453348
v 0.059109 3.899611 15.453348
v -0.076464 4.075286 15.453348
v -0.292061 4.124726 15.453348
v -0.398972 3.921512 15.453348
v -0.185417 3.984654 17.617010
v -0.819317 3.685343 -0.527474
v -1.461300 3.548693 -0.527474
v -1.548390 2.915309 -0.527474
v -1.149498 2.410986 -0.527474
v -0.460230 2.564061 -0.527474
v -0.272623 3.268494 -0.527474
v -1.016436 3.902165 6.824133
v -1.529531 3.764086 6.824133
v -1.568446 3.222962 6.824133
v -1.159311 2.913511 6.824133
v -0.673586 3.089964 6.824133
v -0.610577 3.605633 6.824133
v -1.155801 3.904176 12.411354
v -1.407233 3.832356 12.411354
v -1.424136 3.548103 12.411354
v -1.183459 3.443157 12.411354
v -0.936734 3.521728 12.411354
v -0.942087 3.789146 12.411354
v -1.195654 3.757534 14.175740
v -0.848496 2.458454 -0.477573
v -0.791040 3.249068 -0.477573
v -1.498694 3.586257 -0.477573
v -2.068711 3.176753 -0.477573
v -2.156604 2.475962 -0.477573
v -1.510982 2.131168 -0.477573
v -1.442894 3.431903 8.854172
v -1.480873 3.976600 8.854172
v -1.987227 4.197550 8.854172
v -2.506457 3.909471 8.854172
v -2.376561 3.330166 8.854172
v -1.879434 3.139775 8.854172
v -2.011481 4.178230 15.946298
v -2.028746 4.458879 15.946298
v -2.309113 4.548931 15.946298
v -2.519429 4.357021 15.946298
v -2.472875 4.078099 15.946298
v -2.200780 3.970540 15.946298
v -2.358173 4.457768 18.185917
v -1.998155 1.392914 -0.251950
v -1.284621 1.855752 -0.251950
v -1.543575 2.757324 -0.251950
v -2.510650 2.720696 -0.251950
v -2.817883 1.790028 -0.251950
v -2.475353 2.055482 8.721057
v -1.918910 2.511512 8.721057
v -2.290799 3.113628 8.721057
v -2.971559 3.064115 8.721057
v -3.123113 2.351577 8.721057
v -2.895845 2.751063 15.540543
v -2.707448 3.022466 15.540543
v -2.851381 3.300375 15.540543
v -3.199170 3.256963 15.540543
v -3.230825 2.888095 15.540543
v -3.090579 3.179623 17.694065
v -3.064109 0.618524 -0.929082
v -2.532436 0.305207 -0.929082
v -2.133012 0.798760 -0.929082
v -2.421535 1.349964 -0.929082
v -3.042383 1.218716 -0.929082
v -3.402193 0.732411 9.191312
v -2.929757 0.614511 9.191312
v -2.632516 0.986507 9.191312
v -2.905714 1.429082 9.191312
v -3.372987 1.222681 9.191312
v -3.494264 0.969318 16.882811
v -3.278894 0.898403 16.882811
v -3.169646 1.102197 16.882811
v -3.311531 1.281704 16.882811
v -3.526606 1.189550 16.882811
v -3.454759 1.118209 19.311705
v -2.907781 0.426755 -0.366680
v -2.668564 1.195082 -0.366680
v -3.404251 1.514887 -0.366680
v -4.026007 1.033994 -0.366680
v -3.706011 0.236143 -0.366680
v -3.447698 0.677705 8.085521
v -3.340978 1.334006 8.085521
v -3.970284 1.560314 8.085521
v -4.405290 1.081809 8.085521
v -4.053973 0.557058 8.085521
v -4.020963 0.971904 14.509193
v -4.008081 1.303825 14.509193
v -4.327833 1.404208 14.509193
v -4.512030 1.138110 14.509193
v -4.336584 0.855666 14.509193
v -4.367008 1.169158 16.537721
v -2.648731 -0.479203 -0.282419
v -2.437517 0.072627 -0.282419
v -2.913831 0.394661 -0.282419
v -3.429848 0.287906 -0.282419
v -3.592994 -0.248214 -0.282419
v -3.189815 -0.673907 -0.282419
v -3.801528 -0.383875 8.995748
v -3.761615 0.017419 8.995748
v -4.060120 0.331289 8.995748
v -4.503119 0.167807 8.995748
v -4.574684 -0.308130 8.995748
v -4.183678 -0.528371 8.995748
v -4.769499 -0.274281 16.047155
v -4.767487 -0.062058 16.047155
v -4.939053 0.056978 16.047155
v -5.141806 -0.028891 16.047155
v -5.154097 -0.255750 16.047155
v -4.963685 -0.358969 16.047155
v -5.212200 -0.162402 18.273915
v -3.481314 -0.941158 -0.365444
v -3.451692 -1.711372 -0.365444
v -2.752398 -2.103627 -0.365444
v -2.104406 -1.632005 -0.365444
v -2.167151 -0.865809 -0.365444
v -2.845982 -0.507420 -0.365444
v -3.539383 -1.185925 8.038383
v -3.457303 -1.747913 8.038383
v -2.921935 -1.923006 8.038383
v -2.418523 -1.601481 8.038383
v -2.522182 -0.972720 8.038383
v -3.116703 -0.778505 8.038383
v -3.444515 -1.380469 14.425291
v -3.396194 -1.670361 14.425291
v -3.109473 -1.715773 14.425291
v -2.891320 -1.534426 14.425291
v -2.950734 -1.233406 14.425291
v -3.253738 -1.155839 14.425291
v -3.227947 -1.478508 16.442210
v -2.836283 -1.736212 -0.710925
v -2.610803 -2.289044 -0.710925
v -2.018807 -2.263081 -0.710925
v -1.669040 -1.799760 -0.710925
v -1.895760 -1.192851 -0.710925
v -2.575687 -1.164636 -0.710925
v -3.215890 -2.148076 8.549275
v -2.950568 -2.567530 8.549275
v -2.439635 -2.556649 8.549275
v -2.277825 -2.095855 8.549275
v -2.499309 -1.674721 8.549275
v -3.014463 -1.677760 8.549275
v -3.294047 -2.420929 15.587026
v -3.153459 -2.595575 15.587026
v -2.922939 -2.578099 15.587026
v -2.810464 -2.353170 15.587026
v -2.988327 -2.187346 15.587026
v -3.209285 -2.211279 15.587026
v -3.179189 -2.474443 17.809474
v -1.890424 -2.839214 -1.095438
v -1.273695 -2.718882 -1.095438
v -0.988327 -2.162538 -1.095438
v -1.404180 -1.708334 -1.095438
v -2.001334 -1.743880 -1.095438
v -2.191322 -2.304577 -1.095438
v -2.423274 -3.576807 8.889743
v -1.959869 -3.495540 8.889743
v -1.885448 -3.047678 8.889743
v -2.169001 -2.743227 8.889743
v -2.601752 -2.808079 8.889743
v -2.747010 -3.247161 8.889743
v -2.842652 -4.068034 16.478480
v -2.614093 -3.987738 16.478480
v -2.579264 -3.759639 16.478480
v -2.743347 -3.607709 16.478480
v -2.947230 -3.685946 16.478480
v -2.998090 -3.894321 16.478480
v -2.948792 -4.044357 18.874923
v -0.285126 -2.129001 -0.195494
v -0.931751 -1.959961 -0.195494
v -1.338229 -2.460798 -0.195494
v -1.228426 -3.111455 -0.195494
v -0.541055 -3.307837 -0.195494
v -0.049168 -2.778262 -0.195494
v -0.597140 -2.798566 7.870639
v -1.099396 -2.777825 7.870639
v -1.466153 -3.143833 7.870639
v -1.254142 -3.653777 7.870639
v -0.728375 -3.674997 7.870639
v -0.453633 -3.277721 7.870639
v -0.914997 -3.469018 14.000901
v -1.156248 -3.473507 14.000901
v -1.310686 -3.666828 14.000901
v -1.178568 -3.878898 14.000901
v -0.947719 -3.878266 14.000901
v -0.821559 -3.690261 14.000901
v -1.091956 -3.825516 15.936773
v 0.068888 -4.069802 -0.498135
v 0.500749 -3.838196 -0.498135
v 0.473913 -3.299079 -0.498135
v -0.061156 -3.297144 -0.498135
v -0.281938 -3.726620 -0.498135
v 0.144997 -4.829636 6.369535
v 0.455828 -4.574939 6.369535
v 0.359327 -4.206051 6.369535
v -0.031396 -4.189919 6.369535
v -0.213499 -4.574264 6.369535
v 0.187474 -5.262429 11.588964
v 0.349873 -5.129991 11.588964
v 0.272728 -4.938663 11.588964
v 0.075032 -4.956150 11.588964
v 0.026979 -5.141781 11.588964
v 0.185097 -5.278651 13.237205
v 1.345384 -2.626121 -0.623992
v 0.634328 -2.560091 -0.623992
v 0.416544 -3.252657 -0.623992
v 0.974388 -3.700548 -0.623992
v 1.625375 -3.309973 -0.623992
v 1.393142 -3.215312 8.579365
v 0.802438 -3.185861 8.579365
v 0.733793 -3.777708 8.579365
v 1.197318 -4.078645 8.579365
v 1.620098 -3.710098 8.579365
v 1.387410 -3.787957 15.573917
v 1.118594 -3.829535 15.573917
v 1.091904 -4.093360 15.573917
v 1.325247 -4.236581 15.573917
v 1.537639 -4.031283 15.573917
v 1.324692 -4.117221 17.782723
v 1.275018 -3.724527 -1.103746
v 2.080740 -3.792301 -1.103746
v 2.454144 -3.003796 -1.103746
v 1.738356 -2.536088 -1.103746
v 1.082960 -2.962723 -1.103746
v 1.544465 -4.035450 7.884959
v 2.250640 -3.991730 7.884959
v 2.434794 -3.310790 7.884959
v 1.841474 -2.936100 7.884959
v 1.332788 -3.383328 7.884959
v 1.860873 -4.042647 14.716374
v 2.182682 -3.959437 14.716374
v 2.238243 -3.660630 14.716374
v 1.968550 -3.514787 14.716374
v 1.724533 -3.724085 14.716374
v 2.045810 -3.851980 16.873663
v 2.263941 -1.892168 -0.895117
v 1.706837 -1.482444 -0.895117
v 1.112115 -1.808566 -0.895117
v 1.040851 -2.466004 -0.895117
v 1.589569 -2.860063 -0.895117
v 2.174618 -2.548827 -0.895117
v 2.252590 -2.139758 7.466367
v 1.803888 -1.885662 7.466367
v 1.340069 -2.146464 7.466367
v 1.361081 -2.684729 7.466367
v 1.829757 -2.916859 7.466367
v 2.261672 -2.648165 7.466367
v 2.145215 -2.430703 13.821095
v 1.916632 -2.309016 13.821095
v 1.737817 -2.485128 13.821095
v 1.748342 -2.721458 13.821095
v 1.974288 -2.837426 13.821095
v 2.195364 -2.686673 13.821095
v 1.986553 -2.630668 15.827851
v 2.675324 -1.908139 -1.047008
v 3.255886 -1.950882 -1.047008
v 3.598351 -1.501850 -1.047008
v 3.426562 -0.917953 -1.047008
v 2.835843 -0.952272 -1.047008
v 2.513861 -1.365097 -1.047008
v 3.172893 -1.993952 6.285796
v 3.611315 -1.973874 6.285796
v 3.848829 -1.611548 6.285796
v 3.661711 -1.176694 6.285796
v 3.204179 -1.242861 6.285796
v 2.984297 -1.598201 6.285796
v 3.593922 -1.924114 11.858726
v 3.809457 -1.920728 11.858726
v 3.919160 -1.720716 11.858726
v 3.774614 -1.555186 11.858726
v 3.558383 -1.547167 11.858726
v 3.456137 -1.752326 11.858726
v 3.774167 -1.778318 13.618599
v 2.204696 -0.402359 -0.387026
v 2.157866 -0.996880 -0.387026
v 2.649756 -1.275612 -0.387026
v 3.039798 -0.869621 -0.387026
v 2.828101 -0.321237 -0.387026
v 2.954337 -0.722776 8.561587
v 2.992069 -1.208140 8.561587
v 3.404601 -1.406466 8.561587
v 3.687415 -1.034737 8.561587
v 3.451909 -0.633516 8.561587
v 3.706537 -1.077854 15.362534
v 3.690117 -1.301575 15.362534
v 3.921434 -1.378455 15.362534
v 4.060268 -1.174318 15.362534
v 3.914297 -0.971557 15.362534
v 4.025196 -1.231813 17.510201
v 2.963932 -0.468848 -0.200138
v 3.538718 -0.325024 -0.200138
v 3.786942 0.207523 -0.200138
v 3.395270 0.665423 -0.200138
v 2.762240 0.627736 -0.200138
v 2.633272 0.021097 -0.200138
v 3.382975 -0.302724 8.098862
v 3.821119 -0.202220 8.098862
v 3.971184 0.253324 8.098862
v 3.626359 0.637141 8.098862
v 3.171538 0.436526 8.098862
v 2.970554 -0.023833 8.098862
v 3.688958 -0.093821 14.406103
v 3.901707 -0.016188 14.406103
v 3.962453 0.215799 14.406103
v 3.764697 0.347957 14.406103
v 3.536440 0.287366 14.406103
v 3.496270 0.043614 14.406103
v 3.801191 0.131446 16.397863
v 2.563716 1.349369 -0.588435
v 2.417494 0.587170 -0.588435
v 3.123502 0.240309 -0.588435
v 3.596977 0.803424 -0.588435
v 3.317932 1.481557 -0.588435
v 3.139862 1.371719 7.648308
v 3.102240 0.759591 7.648308
v 3.695918 0.491476 7.648308
v 4.046162 1.026170 7.648308
v 3.709084 1.490762 7.648308
v 3.721144 1.314544 13.908233
v 3.751516 1.018907 13.908233
v 4.022323 0.944305 13.908233
v 4.171025 1.175928 13.908233
v 4.010634 1.414001 13.908233
v 4.066157 1.204535 15.885051
v 3.268984 1.487325 -0.849228
v 3.284249 2.283302 -0.849228
v 2.542840 2.740111 -0.849228
v 2.079013 1.997972 -0.849228
v 2.462311 1.294393 -0.849228
v 3.935563 2.120319 8.577468
v 3.943052 2.838798 8.577468
v 3.234616 3.041695 8.577468
v 2.870598 2.436053 8.577468
v 3.272423 1.858573 8.577468
v 4.258207 2.686785 15.741757
v 4.211665 3.045134 15.741757
v 3.881832 3.071309 15.741757
v 3.722463 2.809115 15.741757
v 3.938513 2.596882 15.741757
v 4.158795 2.961401 18.004164
v 2.382779 3.551529 -0.265302
v 1.584043 3.505163 -0.265302
v 1.396820 2.722800 -0.265302
v 2.074026 2.338184 -0.265302
v 2.699106 2.813978 -0.265302
v 2.507006 3.828796 7.252390
v 1.888937 3.710009 7.252390
v 1.824785 3.099235 7.252390
v 2.368849 2.833985 7.252390
v 2.793039 3.274529 7.252390
v 2.552824 3.856681 12.965837
v 2.278760 3.767364 12.965837
v 2.266682 3.490866 12.965837
v 2.526377 3.386745 12.965837
v 2.682689 3.608935 12.965837
v 2.522325 3.706780 14.770083
v 1.107088 4.177101 -0.846728
v 0.564762 4.149581 -0.846728
v 0.314970 3.687567 -0.846728
v 0.568179 3.219045 -0.846728
v 1.102508 3.241826 -0.846728
v 1.347666 3.699141 -0.846728
v 1.097149 4.490977 6.383267
v 0.683061 4.399398 6.383267
v 0.517774 4.031565 6.383267
v 0.759435 3.697504 6.383267
v 1.178647 3.740409 6.383267
v 1.357743 4.133876 6.383267
v 1.047482 4.552003 11.878064
v 0.843193 4.539013 11.878064
v 0.797747 4.335594 11.878064
v 0.915887 4.153291 11.878064
v 1.137837 4.208713 11.878064
v 1.214720 4.422208 11.878064
v 1.010205 4.468354 13.613262
v 0.866859 4.279636 -0.478931
v 0.245125 4.431734 -0.478931
v -0.174788 3.883346 -0.478931
v 0.105289 3.242743 -0.478931
v 0.748620 3.284946 -0.478931
v 1.083198 3.744546 -0.478931
v 0.902788 5.337769 7.629046
v 0.423899 5.376208 7.629046
v 0.163432 4.942207 7.629046
v 0.415419 4.493408 7.629046
v 0.901260 4.549603 7.629046
v 1.129091 4.942313 7.629046
v 0.886433 6.005314 13.791109
v 0.671224 5.979461 13.791109
v 0.569928 5.786605 13.791109
v 0.681483 5.569848 13.791109
v 0.918357 5.623833 13.791109
v 1.060175 5.827740 13.791109
v 0.829472 6.077787 15.737023
v -0.714304 2.971943 -0.694157
v -0.127003 3.023875 -0.694157
v 0.032603 3.551025 -0.694157
v -0.413767 3.918095 -0.694157
v -0.923419 3.563961 -0.694157
v -0.732789 3.970866 7.681383
v -0.264468 4.072702 7.681383
v -0.143132 4.525659 7.681383
v -0.574314 4.781700 7.681383
v -0.880392 4.420006 7.681383
v -0.691104 4.886337 14.046794
v -0.456241 4.931144 14.046794
v -0.423705 5.174890 14.046794
v -0.652339 5.281973 14.046794
v -0.815809 5.092483 14.046794
v -0.635640 5.296888 16.056924
v -1.031700 3.598294 -0.922592
v -1.373214 3.936362 -0.922592
v -1.798360 3.838025 -0.922592
v -1.980722 3.437828 -0.922592
v -1.676498 3.120980 -0.922592
v -1.199072 3.113536 -0.922592
v -1.589366 4.453596 6.558029
v -1.805550 4.744341 6.558029
v -2.134758 4.591519 6.558029
v -2.219316 4.274154 6.558029
v -1.989164 4.013362 6.558029
v -1.669935 4.141068 6.558029
v -2.020479 5.072716 12.243300
v -2.151814 5.198645 12.243300
v -2.330146 5.132430 12.243300
v -2.352234 4.947425 12.243300
v -2.214444 4.816622 12.243300
v -2.059780 4.911056 12.243300
v -2.271423 5.215742 14.038649
v -2.255003 2.580198 -0.307145
v -1.710565 2.447720 -0.307145
v -1.411980 2.947052 -0.307145
v -1.795006 3.448051 -0.307145
v -2.354774 3.146637 -0.307145
v -2.431144 2.902575 8.011539
v -1.931199 2.886125 8.011539
v -1.739181 3.323705 8.011539
v -2.097664 3.647096 8.011539
v -2.545662 3.412668 8.011539
v -2.425612 3.339285 14.333739
v -2.205945 3.350064 14.333739
v -2.105708 3.559113 14.333739
v -2.306590 3.708807 14.333739
v -2.485192 3.555211 14.333739
v -2.363442 3.577916 16.330223
v -3.644262 3.106028 -0.608327
v -3.156243 2.818829 -0.608327
v -2.706363 3.150167 -0.608327
v -2.930843 3.650880 -0.608327
v -3.459691 3.637637 -0.608327
v -4.004670 3.597167 5.988853
v -3.597660 3.410063 5.988853
v -3.257829 3.709801 5.988853
v -3.462031 4.146855 5.988853
v -3.921190 4.043683 5.988853
v -4.195002 4.039735 11.002710
v -3.970529 3.957026 11.002710
v -3.821189 4.133955 11.002710
v -3.944937 4.323308 11.002710
v -4.165177 4.275558 11.002710
v -4.131508 4.267571 12.586033
v -3.579596 2.940459 -0.694000
v -4.157874 2.919423 -0.694000
v -4.419954 2.403026 -0.694000
v -3.941532 2.039498 -0.694000
v -3.434816 2.348444 -0.694000
v -4.499215 3.403103 6.216470
v -4.969598 3.366683 6.216470
v -5.066594 2.928989 6.216470
v -4.702504 2.669210 6.216470
v -4.349471 2.959983 6.216470
v -5.243004 3.636456 11.468427
v -5.468093 3.595484 11.468427
v -5.526460 3.368983 11.468427
v -5.315467 3.291432 11.468427
v -5.157019 3.426681 11.468427
v -5.532677 3.585622 13.126940
v -4.226883 1.325215 -0.154911
v -4.633799 1.396248 -0.154911
v -4.956858 1.110926 -0.154911
v -4.776675 0.724002 -0.154911
v -4.377319 0.585658 -0.154911
v -4.059470 0.912932 -0.154911
v -4.734961 1.406949 7.939513
v -5.080926 1.405307 7.939513
v -5.283815 1.147098 7.939513
v -5.156681 0.829464 7.939513
v -4.829724 0.837382 7.939513
v -4.625746 1.076312 7.939513
v -5.204310 1.316948 14.091274
v -5.358827 1.322947 14.091274
v -5.436422 1.189658 14.091274
v -5.368681 1.047131 14.091274
v -5.209967 1.050489 14.091274
v -5.118417 1.182166 14.091274
v -5.389252 1.209684 16.033936
v -4.277874 -0.475466 -0.694613
v -3.790887 0.165281 -0.694613
v -4.331542 0.698897 -0.694613
v -5.052630 0.534714 -0.694613
v -5.060185 -0.279711 -0.694613
v -4.851693 -0.286170 6.772144
v -4.552054 0.237407 6.772144
v -4.972109 0.698014 6.772144
v -5.476609 0.388769 6.772144
v -5.405249 -0.151193 6.772144
v -5.391924 -0.009596 12.446879
v -5.275506 0.233277 12.446879
v -5.481877 0.415760 12.446879
v -5.739834 0.285752 12.446879
v -5.665156 0.002478 12.446879
v -5.642284 0.187527 14.238900
v -3.342658 -0.918982 -1.131713
v -3.019619 -0.402281 -1.131713
v -3.319732 0.071976 -1.131713
v -3.895980 -0.055783 -1.131713
v -3.888330 -0.642121 -1.131713
v -4.529686 -0.856435 7.120913
v -4.228424 -0.480743 7.120913
v -4.567295 -0.116814 7.120913
v -5.004607 -0.295108 7.120913
v -5.012729 -0.794510 7.120913
v -5.467383 -0.797300 13.392908
v -5.343243 -0.573698 13.392908
v -5.526751 -0.394949 13.392908
v -5.725847 -0.520794 13.392908
v -5.712325 -0.753136 13.392908
v -5.844924 -0.636950 15.373538
v -3.828707 -1.527901 -0.402761
v -3.707232 -1.987701 -0.402761
v -3.251444 -2.184659 -0.402761
v -2.852205 -1.835074 -0.402761
v -2.959123 -1.301265 -0.402761
v -3.475981 -1.175028 -0.402761
v -4.053833 -1.727620 6.793128
v -3.913352 -2.124341 6.793128
v -3.498976 -2.217675 6.793128
v -3.286968 -1.878896 6.793128
v -3.376694 -1.510439 6.793128
v -3.760613 -1.450915 6.793128
v -4.050459 -1.890018 12.262005
v -3.955139 -2.061315 12.262005
v -3.765768 -2.095808 12.262005
v -3.635834 -1.936300 12.262005
v -3.733742 -1.760682 12.262005
v -3.913394 -1.758400 12.262005
v -3.911369 -1.945468 13.989018
v -3.417974 -1.926267 -0.329864
v -3.943601 -2.510621 -0.329864
v -3.532220 -3.160132 -0.329864
v -2.793995 -3.007383 -0.329864
v -2.790999 -2.294132 -0.329864
v -4.203300 -2.671758 6.823758
v -4.477816 -3.178487 6.823758
v -4.195467 -3.687280 6.823758
v -3.665441 -3.436365 6.823758
v -3.618133 -2.864971 6.823758
v -4.694457 -3.433525 12.260511
v -4.864093 -3.651155 12.260511
v -4.660415 -3.849248 12.260511
v -4.398215 -3.753115 12.260511
v -4.452677 -3.488132 12.260511
v -4.792676 -3.770483 13.977381
v -3.473346 -3.758768 -0.537686
v -2.928516 -3.958942 -0.537686
v -2.500594 -3.574276 -0.537686
v -2.592131 -3.007793 -0.537686
v -3.136609 -2.829325 -0.537686
v -3.493521 -3.221448 -0.537686
v -3.732647 -4.148962 6.359118
v -3.344825 -4.223397 6.359118
v -3.084262 -3.942221 6.359118
v -3.160379 -3.540829 6.359118
v -3.584525 -3.426473 6.359118
v -3.831577 -3.766118 6.359118
v -3.888496 -4.353515 11.600690
v -3.692581 -4.423376 11.600690
v -3.593830 -4.239061 11.600690
v -3.661464 -4.067788 11.600690
v -3.848730 -4.027582 11.600690
v -3.981661 -4.181309 11.600690
v -3.877138 -4.324749 13.255923
v -1.201775 -3.443368 -0.689577
v -1.188044 -2.970636 -0.689577
v -1.648644 -2.877416 -0.689577
v -1.995935 -3.121614 -0.689577
v -1.935577 -3.553511 -0.689577
v -1.527901 -3.742607 -0.689577
v -1.676553 -4.295155 7.888657
v -1.748935 -3.918784 7.888657
v -2.110952 -3.885070 7.888657
v -2.352793 -4.104400 7.888657
v -2.260998 -4.417565 7.888657
v -1.942071 -4.550173 7.888657
v -2.193202 -4.919658 14.408115
v -2.261614 -4.764388 14.408115
v -2.419219 -4.735083 14.408115
v -2.543955 -4.851715 14.408115
v -2.468666 -5.002886 14.408115
v -2.303894 -5.069307 14.408115
v -2.472901 -5.104222 16.466891
v -0.437540 -3.066385 -0.396419
v -0.948118 -2.889441 -0.396419
v -1.378284 -3.287359 -0.396419
v -1.149942 -3.804018 -0.396419
v -0.631981 -3.992173 -0.396419
v -0.287421 -3.559406 -0.396419
v -0.742777 -3.977231 7.480676
v -1.158488 -3.893501 7.480676
v -1.369952 -4.248488 7.480676
v -1.272865 -4.663068 7.480676
v -0.822242 -4.713380 7.480676
v -0.587407 -4.354301 7.480676
v -1.031800 -4.784769 13.467268
v -1.226123 -4.796845 13.467268
v -1.369581 -4.946330 13.467268
v -1.249132 -5.120575 13.467268
v -1.048196 -5.144706 13.467268
v -0.962917 -4.967007 13.467268
v -1.191744 -5.165666 15.357771
v -0.630669 -4.097511 -0.551349
v -0.239185 -4.627737 -0.551349
v 0.394702 -4.558331 -0.551349
v 0.657032 -3.991370 -0.551349
v 0.282600 -3.523294 -0.551349
v -0.292838 -3.565842 -0.551349
v -0.430741 -5.273541 6.800572
v -0.096526 -5.599996 6.800572
v 0.341136 -5.517617 6.800572
v 0.486954 -5.094917 6.800572
v 0.199490 -4.739594 6.800572
v -0.247310 -4.841035 6.800572
v -0.146263 -6.102423 12.388033
v 0.003547 -6.251882 12.388033
v 0.217041 -6.201974 12.388033
v 0.295887 -5.977270 12.388033
v 0.116335 -5.806002 12.388033
v -0.118239 -5.875980 12.388033
v 0.058345 -6.318327 14.152494
v 0.655873 -4.777049 -0.263138
v 1.362230 -4.652123 -0.263138
v 1.552960 -3.933794 -0.263138
v 0.867843 -3.611574 -0.263138
v 0.300789 -4.107518 -0.263138
v 1.060944 -5.925583 7.978637
v 1.567757 -5.764688 7.978637
v 1.597660 -5.261450 7.978637
v 1.124033 -5.040104 7.978637
v 0.810439 -5.459104 7.978637
v 1.383909 -6.673246 14.242386
v 1.648667 -6.585741 14.242386
v 1.638139 -6.309331 14.242386
v 1.373047 -6.214653 14.242386
v 1.196758 -6.452371 14.242386
v 1.521412 -6.751559 16.220412
v 2.081467 -3.969019 -0.990368
v 1.738809 -3.313112 -0.990368
v 1.000989 -3.385118 -0.990368
v 0.736677 -4.008515 -0.990368
v 1.073324 -4.548138 -0.990368
v 1.705187 -4.526100 -0.990368
v 2.015783 -4.225665 6.805978
v 1.669996 -3.833839 6.805978
v 1.173199 -3.906140 6.805978
v 1.007544 -4.367091 6.805978
v 1.268464 -4.826907 6.805978
v 1.830802 -4.748293 6.805978
v 1.840009 -4.473999 12.731201
v 1.648893 -4.258625 12.731201
v 1.371817 -4.330661 12.731201
v 1.297899 -4.596912 12.731201
v 1.486368 -4.782838 12.731201
v 1.744476 -4.733452 12.731201
v 1.588316 -4.611496 14.602324
v 2.818257 -4.373572 -1.084928
v 2.880545 -3.755080 -1.084928
v 2.402756 -3.344928 -1.084928
v 1.847589 -3.625614 -1.084928
v 1.752259 -4.219747 -1.084928
v 2.246218 -4.515568 -1.084928
v 3.134387 -4.928049 5.110171
v 3.105675 -4.459705 5.110171
v 2.725310 -4.244518 5.110171
v 2.354182 -4.453418 5.110171
v 2.356574 -4.869590 5.110171
v 2.705203 -5.121169 5.110171
v 3.232108 -5.301212 9.818447
v 3.209311 -5.068327 9.818447
v 3.003340 -4.946283 9.818447
v 2.807418 -5.089247 9.818447
v 2.848033 -5.307235 9.818447
v 3.032279 -5.422705 9.818447
v 3.114087 -5.359197 11.305270
v 3.387703 -2.717355 -1.072576
v 2.877899 -2.383059 -1.072576
v 2.399784 -2.726649 -1.072576
v 2.307632 -3.319393 -1.072576
v 2.860685 -3.523984 -1.072576
v 3.330688 -3.282999 -1.072576
v 3.875265 -3.353320 6.539454
v 3.428553 -3.177959 6.539454
v 3.035630 -3.440253 6.539454
v 3.126771 -3.885997 6.539454
v 3.512349 -4.058178 6.539454
v 3.911168 -3.840401 6.539454
v 4.092428 -3.985095 12.324597
v 3.894595 -3.916011 12.324597
v 3.738532 -4.051730 12.324597
v 3.778435 -4.250703 12.324597
v 3.972049 -4.345277 12.324597
v 4.142301 -4.196873 12.324597
v 4.076577 -4.273094 14.151484
v 2.810079 -2.147325 -0.390679
v 3.136781 -2.706720 -0.390679
v 3.759048 -2.706034 -0.390679
v 4.122127 -2.188819 -0.390679
v 3.810383 -1.620794 -0.390679
v 3.191751 -1.647523 -0.390679
v 3.422176 -2.511833 6.546036
v 3.728323 -2.942989 6.546036
v 4.266769 -2.925312 6.546036
v 4.404300 -2.434691 6.546036
v 4.189413 -1.976678 6.546036
v 3.679372 -2.070360 6.546036
v 4.103874 -2.734974 11.817938
v 4.240556 -2.912665 11.817938
v 4.485182 -2.899941 11.817938
v 4.567649 -2.659185 11.817938
v 4.414560 -2.452636 11.817938
v 4.159489 -2.501754 11.817938
v 4.437162 -2.771901 13.482750
v 3.907389 -0.567820 -0.945438
v 3.578388 -0.089041 -0.945438
v 3.000875 -0.256167 -0.945438
v 3.069261 -0.817091 -0.945438
v 3.570710 -1.036240 -0.945438
v 4.217327 -0.597131 8.046661
v 3.926786 -0.269385 8.046661
v 3.526223 -0.449198 8.046661
v 3.578899 -0.878271 8.046661
v 4.001776 -0.980038 8.046661
v 4.333438 -0.659095 14.880657
v 4.199309 -0.490451 14.880657
v 4.000595 -0.607599 14.880657
v 4.034872 -0.837314 14.880657
v 4.267199 -0.859190 14.880657
v 4.276751 -0.706341 17.038760
v 3.933850 -0.091447 -0.158881
v 4.379590 -0.569214 -0.158881
v 5.026318 -0.464404 -0.158881
v 5.262147 0.172360 -0.158881
v 4.798986 0.665090 -0.158881
v 4.072050 0.624379 -0.158881
v 4.439497 -0.114678 7.642678
v 4.818057 -0.474368 7.642678
v 5.383130 -0.371973 7.642678
v 5.474364 0.212322 7.642678
v 5.052529 0.586384 7.642678
v 4.502542 0.433931 7.642678
v 4.944433 -0.059757 13.571863
v 5.158417 -0.227945 13.571863
v 5.403607 -0.118011 13.571863
v 5.466239 0.154523 13.571863
v 5.233310 0.327840 13.571863
v 4.988605 0.202443 13.571863
v 5.277990 0.043804 15.444237
v 4.265253 0.261718 -0.818005
v 4.850248 0.507640 -0.818005
v 4.733362 1.086472 -0.818005
v 4.181597 1.274091 -0.818005
v 3.903945 0.745358 -0.818005
v 5.027603 0.562462 6.001368
v 5.419357 0.747120 6.001368
v 5.332043 1.193219 6.001368
v 4.877288 1.251840 6.001368
v 4.734495 0.842789 6.001368
v 5.580572 0.823487 11.184092
v 5.769150 0.935520 11.184092
v 5.697127 1.143053 11.184092
v 5.477512 1.164008 11.184092
v 5.425321 0.955615 11.184092
v 5.750376 1.031236 12.820742
v 3.748411 1.776649 -0.660776
v 3.934127 1.290932 -0.660776
v 4.429142 1.269659 -0.660776
v 4.828519 1.614844 -0.660776
v 4.593697 2.119537 -0.660776
v 4.052023 2.228000 -0.660776
v 4.603184 2.026695 7.309072
v 4.830869 1.684002 7.309072
v 5.210386 1.679411 7.309072
v 5.419163 1.995102 7.309072
v 5.230171 2.317660 7.309072
v 4.832087 2.397443 7.309072
v 5.434764 2.236830 13.366157
v 5.539338 2.077732 13.366157
v 5.744516 2.060506 13.366157
v 5.840290 2.255051 13.366157
v 5.707974 2.402684 13.366157
v 5.526816 2.401271 13.366157
v 5.812724 2.319811 15.278920
v 4.091435 1.601925 -0.598187
v 4.393664 2.141171 -0.598187
v 4.080472 2.702036 -0.598187
v 3.429578 2.669267 -0.598187
v 3.108241 2.100707 -0.598187
v 3.505100 1.628837 -0.598187
v 4.737915 2.179518 6.790338
v 4.980208 2.589791 6.790338
v 4.645464 2.947098 6.790338
v 4.168027 2.906178 6.790338
v 4.038586 2.455685 6.790338
v 4.296178 2.077978 6.790338
v 5.152064 2.662965 12.405617
v 5.213573 2.865668 12.405617
v 5.067429 3.013071 12.405617
v 4.842498 2.996151 12.405617
v 4.805920 2.772337 12.405617
v 4.933944 2.579294 12.405617
v 5.176416 2.913544 14.178863
v 2.504775 2.040798 -0.679958
v 3.119563 2.037385 -0.679958
v 3.291872 2.650735 -0.679958
v 2.913725 3.130791 -0.679958
v 2.356760 2.964894 -0.679958
v 2.056093 2.445386 -0.679958
v 2.966198 2.450020 8.413861
v 3.380556 2.632756 8.413861
v 3.528983 3.045032 8.413861
v 3.187733 3.321496 8.413861
v 2.753215 3.244159 8.413861
v 2.626165 2.790630 8.413861
v 3.344559 2.978678 15.325164
v 3.540212 3.069334 15.325164
v 3.605638 3.283968 15.325164
v 3.421770 3.441413 15.325164
v 3.202435 3.347508 15.325164
v 3.169268 3.120581 15.325164
v 3.474905 3.288440 17.507681
v 1.182991 4.857515 -1.039160
v 0.639975 4.614471 -1.039160
v 0.614863 4.057168 -1.039160
v 1.028329 3.705091 -1.039160
v 1.565207 3.900819 -1.039160
v 1.661898 4.487789 -1.039160
v 1.425148 5.958310 6.466280
v 1.044329 5.683377 6.466280
v 1.029509 5.248744 6.466280
v 1.402417 4.987465 6.466280
v 1.843451 5.196715 6.466280
v 1.820628 5.681129 6.466280
v 1.636527 6.591022 12.170414
v 1.445480 6.473328 12.170414
v 1.443769 6.235159 12.170414
v 1.664185 6.132065 12.170414
v 1.859670 6.266357 12.170414
v 1.836357 6.494502 12.170414
v 1.724400 6.659451 13.971720
v -0.327347 5.390191 -0.669602
v -0.174523 4.869076 -0.669602
v 0.321813 4.693908 -0.669602
v 0.648842 5.074281 -0.669602
v 0.588772 5.557982 -0.669602
v 0.093068 5.763856 -0.669602
v -0.141028 6.052842 5.810099
v -0.042697 5.655443 5.810099
v 0.367138 5.593470 5.810099
v 0.654970 5.889015 5.810099
v 0.529906 6.299705 5.810099
v 0.117051 6.346567 5.810099
v 0.051493 6.575862 10.734672
v 0.139523 6.384385 10.734672
v 0.340944 6.370252 10.734672
v 0.471401 6.525494 10.734672
v 0.368250 6.689687 10.734672
v 0.190066 6.722955 10.734672
v 0.271216 6.732312 12.289801
v -0.255699 5.747137 -0.207859
v -0.783331 5.561813 -0.207859
v -0.807045 5.000134 -0.207859
v -0.374878 4.653956 -0.207859
v 0.189547 4.849205 -0.207859
v 0.147618 5.420757 -0.207859
v -0.359912 6.435396 6.932862
v -0.760581 6.211734 6.932862
v -0.702083 5.782224 6.932862
v -0.358651 5.540511 6.932862
v 0.054104 5.742904 6.932862
v 0.039234 6.211617 6.932862
v -0.412153 6.772503 12.359809
v -0.572004 6.644241 12.359809
v -0.581442 6.430260 12.359809
v -0.378058 6.372396 12.359809
v -0.178453 6.459642 12.359809
v -0.238233 6.669424 12.359809
v -0.405116 6.743960 14.073582
v -1.545063 4.168067 -0.364791
v -1.642757 4.684407 -0.364791
v -2.144925 4.746674 -0.364791
v -2.529432 4.443267 -0.364791
v -2.348761 3.993504 -0.364791
v -1.915595 3.852241 -0.364791
v -2.275403 5.637670 7.527816
v -2.447567 6.006194 7.527816
v -2.828917 6.065597 7.527816
v -3.044130 5.763786 7.527816
v -2.914171 5.436456 7.527816
v -2.551258 5.330141 7.527816
v -3.027441 6.758512 13.526197
v -3.102424 6.908198 13.526197
v -3.280631 6.949080 13.526197
v -3.360131 6.784853 13.526197
v -3.312568 6.602744 13.526197
v -3.124971 6.622335 13.526197
v -3.355044 7.108397 15.420422
v -2.010541 3.934869 -0.453061
v -1.566431 4.423121 -0.453061
v -2.041241 4.894238 -0.453061
v -2.591196 4.674311 -0.453061
v -2.623603 4.052009 -0.453061
v -2.317236 4.675480 7.362975
v -2.060797 5.102494 7.362975
v -2.421002 5.493669 7.362975
v -2.838386 5.214968 7.362975
v -2.792762 4.747437 7.362975
v -2.637047 5.356107 13.303163
v -2.519706 5.573419 13.303163
v -2.722499 5.706754 13.303163
v -2.933681 5.604048 13.303163
v -2.880309 5.356458 13.303163
v -2.813659 5.675020 15.179011
v -2.804099 3.144274 -0.265531
v -2.425257 3.412486 -0.265531
v -2.419205 3.853544 -0.265531
v -2.804285 4.072567 -0.265531
v -3.160415 3.836733 -0.265531
v -3.146560 3.433411 -0.265531
v -3.386480 4.072404 6.946112
v -3.112203 4.299434 6.946112
v -3.178167 4.620261 6.946112
v -3.467351 4.803284 6.946112
v -3.773474 4.589519 6.946112
v -3.692687 4.242114 6.946112
v -3.868388 4.888644 12.426960
v -3.730828 4.992322 12.426960
v -3.782092 5.153234 12.426960
v -3.935540 5.230794 12.426960
v -4.064536 5.106550 12.426960
v -4.032117 4.935093 12.426960
v -4.049551 5.243781 14.157755
v -2.700116 2.053367 -0.792010
v -2.420698 2.787318 -0.792010
v -2.939222 3.286626 -0.792010
v -3.662721 3.301519 -0.792010
v -3.841983 2.596661 -0.792010
v -3.494264 1.937302 -0.792010
v -3.675703 3.009648 7.394985
v -3.588406 3.602036 7.394985
v -3.950983 4.055789 7.394985
v -4.556865 3.923942 7.394985
v -4.684619 3.329880 7.394985
v -4.262778 2.972509 7.394985
v -4.607584 3.873529 13.617101
v -4.538949 4.165396 13.617101
v -4.773689 4.341629 13.617101
v -5.061001 4.271406 13.617101
v -5.076144 3.983223 13.617101
v -4.883652 3.789676 13.617101
v -5.052187 4.255806 15.581980
v -3.334191 1.798620 -0.931108
v -3.406590 2.500280 -0.931108
v -4.086061 2.603856 -0.931108
v -4.685331 2.242892 -0.931108
v -4.445967 1.571019 -0.931108
v -3.804725 1.256999 -0.931108
v -4.607417 2.475850 6.059974
v -4.722084 2.993834 6.059974
v -5.249826 3.053101 6.059974
v -5.601723 2.685365 6.059974
v -5.488421 2.139706 6.059974
v -4.927316 2.066439 6.059974
v -5.703291 2.983079 11.373196
v -5.780968 3.246517 11.373196
v -6.055622 3.249666 11.373196
v -6.202213 3.045303 11.373196
v -6.124845 2.791979 11.373196
v -5.862372 2.791977 11.373196
v -6.228500 3.152365 13.051056
v -5.207264 1.135605 -0.867474
v -4.671899 1.584697 -0.867474
v -4.943783 2.201130 -0.867474
v -5.625553 2.199105 -0.867474
v -5.756924 1.531794 -0.867474
v -5.663317 1.481513 6.009939
v -5.231719 1.822570 6.009939
v -5.511848 2.345898 6.009939
v -6.073715 2.226972 6.009939
v -6.098677 1.704345 6.009939
v -6.054500 1.813794 11.236773
v -5.875843 2.005063 11.236773
v -6.029778 2.216888 11.236773
v -6.266244 2.149986 11.236773
v -6.275698 1.912168 11.236773
v -6.225556 2.058225 12.887352
v -4.508462 0.504841 -0.506226
v -4.382153 1.065883 -0.506226
v -4.900235 1.377625 -0.506226
v -5.407918 1.103962 -0.506226
v -5.483240 0.520910 -0.506226
v -4.971844 0.260379 -0.506226
v -4.999534 0.666755 5.812179
v -4.965088 1.122874 5.812179
v -5.393913 1.285122 5.812179
v -5.776026 1.068645 5.812179
v -5.778569 0.601926 5.812179
v -5.354178 0.421809 5.812179
v -5.523045 0.837777 10.614167
v -5.536471 1.043749 10.614167
v -5.731035 1.104846 10.614167
v -5.892649 0.991438 10.614167
v -5.884122 0.777708 10.614167
v -5.676094 0.683276 10.614167
v -5.810919 0.930681 12.130584
v -5.895644 -0.580192 -0.996316
v -5.384138 -0.795106 -0.996316
v -4.970748 -0.450383 -0.996316
v -4.973387 0.113055 -0.996316
v -5.510443 0.243811 -0.996316
v -5.981274 -0.020016 -0.996316
v -6.072243 -0.547272 4.549595
v -5.676964 -0.642332 4.549595
v -5.386792 -0.374640 4.549595
v -5.457940 0.030287 4.549595
v -5.859156 0.132370 4.549595
v -6.231968 -0.120017 4.549595
v -6.140631 -0.419557 8.764487
v -5.938773 -0.480529 8.764487
v -5.785947 -0.317855 8.764487
v -5.870103 -0.118851 8.764487
v -6.071210 -0.073514 8.764487
v -6.238913 -0.221773 8.764487
v -6.082785 -0.274395 10.095506
v -5.140321 -2.237203 -0.229771
v -4.795223 -1.888442 -0.229771
v -4.976240 -1.415123 -0.229771
v -5.474205 -1.315723 -0.229771
v -5.758670 -1.717124 -0.229771
v -5.615031 -2.174174 -0.229771
v -5.421646 -2.193700 4.949159
v -5.214434 -1.914556 4.949159
v -5.383432 -1.611047 4.949159
v -5.717971 -1.592011 4.949159
v -5.974833 -1.864314 4.949159
v -5.763389 -2.179043 4.949159
v -5.680786 -2.121305 8.885146
v -5.605981 -1.958058 8.885146
v -5.687865 -1.800028 8.885146
v -5.876161 -1.796270 8.885146
v -5.941834 -1.963977 8.885146
v -5.859131 -2.109122 8.885146
v -5.842273 -1.983198 10.128089
v -5.467482 -2.210675 -0.294873
v -5.266952 -2.692268 -0.294873
v -4.729465 -2.753616 -0.294873
v -4.406358 -2.305716 -0.294873
v -4.632509 -1.790154 -0.294873
v -5.192444 -1.755386 -0.294873
v -6.211937 -2.666391 6.904376
v -6.037545 -3.007761 6.904376
v -5.612519 -3.043895 6.904376
v -5.414968 -2.649914 6.904376
v -5.650700 -2.304546 6.904376
v -6.031803 -2.351149 6.904376
v -6.726525 -2.986647 12.375806
v -6.606324 -3.161948 12.375806
v -6.408096 -3.116941 12.375806
v -6.327206 -2.944858 12.375806
v -6.435412 -2.778536 12.375806
v -6.638754 -2.799168 12.375806
v -6.730966 -3.061524 14.103625
v -3.656990 -3.754404 -0.277355
v -3.295825 -3.355118 -0.277355
v -3.523558 -2.851903 -0.277355
v -4.045297 -2.819842 -0.277355
v -4.440394 -3.205706 -0.277355
v -4.205658 -3.742849 -0.277355
v -4.387414 -4.338985 5.778399
v -4.180371 -3.938280 5.778399
v -4.400887 -3.578532 5.778399
v -4.816695 -3.560225 5.778399
v -5.002263 -3.921999 5.778399
v -4.851248 -4.324080 5.778399
v -5.074857 -4.595454 10.380772
v -4.975835 -4.407973 10.380772
v -5.086477 -4.211531 10.380772
v -5.306543 -4.247466 10.380772
v -5.413576 -4.435936 10.380772
v -5.288291 -4.619067 10.380772
v -5.372925 -4.577051 11.834153
v -2.421355 -3.601787 -0.629024
v -2.083842 -3.051123 -0.629024
v -2.410022 -2.524666 -0.629024
v -2.977592 -2.551738 -0.629024
v -3.265130 -3.008041 -0.629024
v -3.054687 -3.552801 -0.629024
v -2.871904 -3.865307 7.591692
v -2.628085 -3.443610 7.591692
v -2.952245 -3.106019 7.591692
v -3.382515 -3.114356 7.591692
v -3.627548 -3.517249 7.591692
v -3.349686 -3.928673 7.591692
v -3.294237 -4.009267 13.839437
v -3.203569 -3.787213 13.839437
v -3.358882 -3.605211 13.839437
v -3.567543 -3.671808 13.839437
v -3.677988 -3.862385 13.839437
v -3.522032 -4.030315 13.839437
v -3.541202 -3.933947 15.812409
v -2.608335 -3.431177 -0.944662
v -2.503526 -3.951500 -0.944662
v -1.954890 -4.044538 -0.944662
v -1.682531 -3.615872 -0.944662
v -1.829367 -3.183641 -0.944662
v -2.292624 -3.047763 -0.944662
v -2.979116 -4.248092 6.723115
v -2.834515 -4.636077 6.723115
v -2.420172 -4.639603 6.723115
v -2.151310 -4.320220 6.723115
v -2.354728 -3.950354 6.723115
v -2.765141 -3.900498 6.723115
v -3.129171 -4.855976 12.550626
v -3.027885 -5.018112 12.550626
v -2.835270 -5.028830 12.550626
v -2.724087 -4.857318 12.550626
v -2.831307 -4.680218 12.550626
v -3.037957 -4.675065 12.550626
v -3.043506 -5.038000 14.390892
v -1.537196 -4.044200 -0.980902
v -1.583413 -4.605092 -0.980902
v -1.066490 -4.852495 -0.980902
v -0.591967 -4.569283 -0.980902
v -0.578816 -4.002723 -0.980902
v -1.084968 -3.735142 -0.980902
v -1.742414 -5.322618 6.268528
v -1.665740 -5.703364 6.268528
v -1.320107 -5.872912 6.268528
v -0.944761 -5.657102 6.268528
v -1.054202 -5.238340 6.268528
v -1.423462 -5.060472 6.268528
v -1.793636 -6.309353 11.778096
v -1.741687 -6.506999 11.778096
v -1.555231 -6.556660 11.778096
v -1.420935 -6.430164 11.778096
v -1.444634 -6.239156 11.778096
v -1.639845 -6.159940 11.778096
v -1.664903 -6.656739 13.517959
v -1.765328 -5.219819 -0.531542
v -1.203777 -5.520781 -0.531542
v -0.594991 -5.258806 -0.531542
v -0.633989 -4.587382 -0.531542
v -1.185764 -4.221236 -0.531542
v -1.773283 -4.556567 -0.531542
v -1.669366 -5.563441 5.961633
v -1.238885 -5.832137 5.961633
v -0.835400 -5.500836 5.961633
v -0.904375 -5.017607 5.961633
v -1.341342 -4.769724 5.961633
v -1.749235 -5.084540 5.961633
v -1.557731 -5.756149 10.896447
v -1.320472 -5.828521 10.896447
v -1.113177 -5.681128 10.896447
v -1.172080 -5.429113 10.896447
v -1.410889 -5.330904 10.896447
v -1.607792 -5.504014 10.896447
v -1.386501 -5.685618 12.454809
v -0.388784 -5.762309 -0.856749
v 0.044104 -5.733257 -0.856749
v 0.210484 -5.286875 -0.856749
v -0.142942 -5.009908 -0.856749
v -0.563715 -5.055964 -0.856749
v -0.667651 -5.472015 -0.856749
v -0.387929 -6.647305 5.154478
v -0.066898 -6.492103 5.154478
v 0.042876 -6.158562 5.154478
v -0.242700 -5.951644 5.154478
v -0.554325 -6.056416 5.154478
v -0.633271 -6.380973 5.154478
v -0.365094 -7.125087 9.723011
v -0.197599 -7.058952 9.723011
v -0.192748 -6.885051 9.723011
v -0.321719 -6.771936 9.723011
v -0.463623 -6.858473 9.723011
v -0.505602 -7.017837 9.723011
v -0.353995 -7.161972 11.165705
v 0.853949 -5.066864 -0.883922
v 0.779028 -5.822195 -0.883922
v 1.569943 -6.001472 -0.883922
v 1.966878 -5.342900 -0.883922
v 1.497870 -4.750249 -0.883922
v 0.990034 -5.749255 4.232018
v 1.100236 -6.385170 4.232018
v 1.726514 -6.468086 4.232018
v 1.927195 -5.925128 4.232018
v 1.567937 -5.448313 4.232018
v 1.380337 -6.381380 8.120133
v 1.432168 -6.671406 8.120133
v 1.724231 -6.667160 8.120133
v 1.831398 -6.412144 8.120133
v 1.617443 -6.224885 8.120133
v 1.637557 -6.619190 9.347959
v 2.687105 -3.742454 -0.334673
v 2.096742 -3.212502 -0.334673
v 1.350009 -3.505520 -0.334673
v 1.548276 -4.268160 -0.334673
v 2.239134 -4.356174 -0.334673
v 3.007779 -4.630570 7.979595
v 2.495252 -4.312333 7.979595
v 1.990610 -4.581610 7.979595
v 2.158982 -5.142230 7.979595
v 2.755977 -5.225037 7.979595
v 3.084832 -5.386184 14.298439
v 2.825336 -5.198945 14.298439
v 2.610288 -5.408001 14.298439
v 2.701837 -5.660915 14.298439
v 2.992103 -5.686406 14.298439
v 2.946318 -5.697180 16.293863
v 2.286892 -3.387129 -0.520908
v 1.840548 -3.654862 -0.520908
v 1.743221 -4.175155 -0.520908
v 2.206049 -4.501226 -0.520908
v 2.659524 -4.210401 -0.520908
v 2.743488 -3.690536 -0.520908
v 2.658688 -4.287616 7.150092
v 2.291461 -4.473960 7.150092
v 2.351899 -4.877679 7.150092
v 2.687367 -5.050727 7.150092
v 3.007894 -4.852457 7.150092
v 3.008144 -4.465183 7.150092
v 2.972259 -5.039292 12.980052
v 2.836774 -5.173562 12.980052
v 2.832031 -5.365708 12.980052
v 3.022070 -5.448388 12.980052
v 3.180910 -5.320050 12.980052
v 3.150057 -5.126562 12.980052
v 3.099108 -5.420479 14.821092
v 3.863274 -1.964328 -0.362698
v 3.047245 -1.835317 -0.362698
v 2.619306 -2.641794 -0.362698
v 3.342953 -3.225002 -0.362698
v 4.079151 -2.755595 -0.362698
v 4.516455 -2.523867 7.506965
v 3.860364 -2.593066 7.506965
v 3.656094 -3.185242 7.506965
v 4.179108 -3.622703 7.506965
v 4.771018 -3.197481 7.506965
v 4.886397 -3.184394 13.487909
v 4.538458 -3.191024 13.487909
v 4.508212 -3.527325 13.487909
v 4.772623 -3.713096 13.487909
v 4.987520 -3.478324 13.487909
v 4.925922 -3.555123 15.376628
v 4.974056 -3.571286 -0.857154
v 5.119158 -2.912820 -0.857154
v 4.588369 -2.547345 -0.857154
v 4.038041 -2.753722 -0.857154
v 3.895606 -3.330885 -0.857154
v 4.349136 -3.762725 -0.857154
v 5.605902 -3.925217 4.506717
v 5.632704 -3.393798 4.506717
v 5.198217 -3.173442 4.506717
v 4.744623 -3.325874 4.506717
v 4.750062 -3.808515 4.506717
v 5.117078 -4.133047 4.506717
v 5.883152 -4.097152 8.583258
v 5.871495 -3.873468 8.583258
v 5.683790 -3.753281 8.583258
v 5.475464 -3.861363 8.583258
v 5.469975 -4.104882 8.583258
v 5.683419 -4.246343 8.583258
v 5.848706 -4.097405 9.870587
v 3.442272 -1.348942 -0.293039
v 3.772952 -1.833499 -0.293039
v 4.325283 -1.961532 -0.293039
v 4.654822 -1.467611 -0.293039
v 4.387270 -0.975101 -0.293039
v 3.840006 -0.892262 -0.293039
v 4.576333 -1.735829 7.304369
v 4.780181 -2.120263 7.304369
v 5.211071 -2.087978 7.304369
v 5.473032 -1.724671 7.304369
v 5.201172 -1.369669 7.304369
v 4.758411 -1.326004 7.304369
v 5.467979 -1.995923 13.078400
v 5.610605 -2.170819 13.078400
v 5.820371 -2.141547 13.078400
v 5.938702 -1.950574 13.078400
v 5.782494 -1.793593 13.078400
v 5.580964 -1.805947 13.078400
v 5.922114 -2.050242 14.901778
v 4.793821 -1.400818 -1.009013
v 5.231913 -0.850303 -1.009013
v 4.959872 -0.251465 -1.009013
v 4.364954 -0.184076 -1.009013
v 3.983416 -0.617015 -1.009013
v 4.155233 -1.190786 -1.009013
v 5.408182 -1.261538 6.675659
v 5.669033 -0.861301 6.675659
v 5.457560 -0.445938 6.675659
v 4.968846 -0.349422 6.675659
v 4.735884 -0.791442 6.675659
v 4.896458 -1.269057 6.675659
v 5.804854 -1.103286 12.516010
v 5.947409 -0.901443 12.516010
v 5.821571 -0.666309 12.516010
v 5.575239 -0.713611 12.516010
v 5.417680 -0.906145 12.516010
v 5.573177 -1.105496 12.516010
v 5.841652 -0.928283 14.360332
v 5.140475 0.599968 -0.440583
v 4.613133 0.608094 -0.440583
v 4.419140 0.110776 -0.440583
v 4.710411 -0.307329 -0.440583
v 5.278318 -0.354753 -0.440583
v 5.427716 0.192610 -0.440583
v 6.209000 0.638329 5.357662
v 5.736851 0.551236 5.357662
v 5.618808 0.102852 5.357662
v 5.923008 -0.189493 5.357662
v 6.367313 -0.175531 5.357662
v 6.492502 0.271751 5.357662
v 6.962582 0.428281 9.764328
v 6.756313 0.360912 9.764328
v 6.702016 0.155184 9.764328
v 6.860788 0.028015 9.764328
v 7.076856 0.048449 9.764328
v 7.112018 0.270671 9.764328
v 7.177835 0.221500 11.155906
v 5.537803 0.809040 -0.825130
v 4.837450 1.241988 -0.825130
v 4.129294 0.773094 -0.825130
v 4.467224 -0.020099 -0.825130
v 5.308471 -0.010414 -0.825130
v 6.674557 0.957887 6.657666
v 6.109420 1.239087 6.657666
v 5.608449 0.815252 6.657666
v 5.944762 0.258332 6.657666
v 6.532601 0.360410 6.657666
v 7.432235 0.977628 12.344591
v 7.126618 1.115366 12.344591
v 6.946665 0.854173 12.344591
v 7.099557 0.614096 12.344591
v 7.397850 0.654620 12.344591
v 7.510067 0.869809 14.140462
v 4.645166 1.514400 -1.140924
v 4.785417 2.147061 -1.140924
v 4.371835 2.610996 -1.140924
v 3.779389 2.450679 -1.140924
v 3.493922 1.854598 -1.140924
v 3.967808 1.309047 -1.140924
v 5.499178 2.078352 4.778510
v 5.534523 2.598117 4.778510
v 5.172135 2.914311 4.778510
v 4.656149 2.809582 4.778510
v 4.585599 2.270225 4.778510
v 4.980191 1.921096 4.778510
v 5.961984 2.621281 9.277280
v 5.983121 2.866392 9.277280
v 5.787372 3.013642 9.277280
v 5.552173 2.920647 9.277280
v 5.544243 2.672347 9.277280
v 5.734378 2.521664 9.277280
v 5.975729 2.871364 10.697944
v 4.992812 2.386086 -1.001451
v 4.796604 2.691592 -1.001451
v 4.428980 2.675071 -1.001451
v 4.188826 2.339643 -1.001451
v 4.439733 1.981845 -1.001451
v 4.854929 2.026776 -1.001451
v 5.562428 2.731493 5.224712
v 5.349951 2.961827 5.224712
v 5.047493 2.915477 5.224712
v 4.907487 2.620617 5.224712
v 5.141674 2.401528 5.224712
v 5.453422 2.424944 5.224712
v 5.841965 2.949103 9.956596
v 5.746324 3.047743 9.956596
v 5.600533 3.026077 9.956596
v 5.563212 2.877539 9.956596
v 5.668835 2.770238 9.956596
v 5.816269 2.805763 9.956596
v 5.856096 2.990003 11.450875
v 4.222946 3.040565 -1.017864
v 3.913605 3.653523 -1.017864
v 3.267965 3.427169 -1.017864
v 3.138300 2.742547 -1.017864
v 3.813410 2.541096 -1.017864
v 4.387847 3.279310 4.798351
v 4.033451 3.743748 4.798351
v 3.497057 3.528229 4.798351
v 3.519766 2.964281 4.798351
v 4.066086 2.799390 4.798351
v 4.268491 3.423491 9.218674
v 4.103395 3.616162 9.218674
v 3.854972 3.512386 9.218674
v 3.918704 3.265642 9.218674
v 4.162196 3.180585 9.218674
v 4.112791 3.441531 10.614565
v 3.749071 4.655177 -0.595501
v 3.149446 4.917217 -0.595501
v 2.765929 4.431417 -0.595501
v 3.057421 3.924389 -0.595501
v 3.609220 4.060724 -0.595501
v 4.179467 5.418507 4.835829
v 3.745568 5.576416 4.835829
v 3.458092 5.193414 4.835829
v 3.735204 4.777784 4.835829
v 4.159138 4.983763 4.835829
v 4.464161 5.927832 8.963640
v 4.248850 6.013499 8.963640
v 4.123062 5.796622 8.963640
v 4.291770 5.639810 8.963640
v 4.514468 5.704205 8.963640
v 4.478710 6.010274 10.267159
v 2.635845 3.968727 -0.893003
v 2.343115 4.309952 -0.893003
v 1.924114 4.187145 -0.893003
v 1.739073 3.780609 -0.893003
v 2.053893 3.427827 -0.893003
v 2.485922 3.559839 -0.893003
v 3.216101 5.139037 7.390164
v 2.921870 5.365001 7.390164
v 2.612979 5.230368 7.390164
v 2.530641 4.914335 7.390164
v 2.772581 4.653511 7.390164
v 3.103853 4.790700 7.390164
v 3.512686 5.958481 13.685372
v 3.362255 6.052839 13.685372
v 3.194053 5.997500 13.685372
v 3.188061 5.821088 13.685372
v 3.321943 5.727359 13.685372
v 3.474796 5.785481 13.685372
v 3.497088 6.159956 15.673332
v -0.288663 6.003674 -0.689863
v -0.800907 6.128880 -0.689863
v -1.075836 5.643952 -0.689863
v -0.684041 5.242289 -0.689863
v -0.191110 5.487732 -0.689863
v -0.440204 6.617164 5.282914
v -0.872695 6.679958 5.282914
v -1.000143 6.265640 5.282914
v -0.689758 6.015443 5.282914
v -0.322484 6.209276 5.282914
v -0.614194 6.981049 9.822225
v -0.820876 6.974403 9.822225
v -0.897890 6.774173 9.822225
v -0.715208 6.679557 9.822225
v -0.568636 6.789245 9.822225
v -0.733321 6.989191 11.255692
v -0.779110 6.053561 -0.770604
v -0.700652 6.486793 -0.770604
v -1.096589 6.709555 -0.770604
v -1.487358 6.510846 -0.770604
v -1.487789 6.083103 -0.770604
v -1.140381 5.829457 -0.770604
v -0.995525 7.317295 4.941863
v -1.068252 7.662924 4.941863
v -1.357907 7.869414 4.941863
v -1.628803 7.633672 4.941863
v -1.643995 7.282514 4.941863
v -1.311895 7.107080 4.941863
v -1.354826 8.351931 9.283339
v -1.363613 8.516579 9.283339
v -1.526151 8.594657 9.283339
v -1.658891 8.473278 9.283339
v -1.635508 8.302281 9.283339
v -1.472684 8.225628 9.283339
v -1.551295 8.701016 10.654331
v -1.989760 4.177062 -0.850727
v -2.017117 4.776298 -0.850727
v -2.565434 5.004228 -0.850727
v -2.998650 4.514791 -0.850727
v -2.606768 3.954053 -0.850727
v -2.757112 5.568443 5.675947
v -2.796281 6.034141 5.675947
v -3.267701 6.175478 5.675947
v -3.497294 5.738115 5.675947
v -3.195612 5.347028 5.675947
v -3.439372 6.652582 10.636220
v -3.486908 6.871556 10.636220
v -3.714906 6.928142 10.636220
v -3.831092 6.702348 10.636220
v -3.644359 6.540577 10.636220
v -3.779307 7.044636 12.202621
v -2.812377 4.525415 -0.165598
v -3.262997 4.614695 -0.165598
v -3.572381 4.302932 -0.165598
v -3.456223 3.883068 -0.165598
v -3.027102 3.730201 -0.165598
v -2.708080 4.070263 -0.165598
v -3.375921 5.109649 5.237421
v -3.733229 5.110748 5.237421
v -3.965417 4.863953 5.237421
v -3.844263 4.526404 5.237421
v -3.484769 4.471363 5.237421
v -3.273522 4.757284 5.237421
v -3.869399 5.433351 9.343715
v -4.049653 5.442647 9.343715
v -4.132392 5.293345 9.343715
v -4.069546 5.136335 9.343715
v -3.901619 5.139477 9.343715
v -3.806879 5.270730 9.343715
v -4.083349 5.431206 10.640439
v -3.521697 4.751697 -0.991758
v -3.456014 4.328175 -0.991758
v -3.077799 4.138679 -0.991758
v -2.714642 4.384242 -0.991758
v -2.757121 4.827060 -0.991758
v -3.159797 4.987151 -0.991758
v -3.847727 5.233051 5.150680
v -3.783591 4.857436 5.150680
v -3.423888 4.783195 5.150680
v -3.162701 5.008125 5.150680
v -3.221121 5.360741 5.150680
v -3.558575 5.426635 5.150680
v -3.925342 5.568540 9.818934
v -3.895444 5.409553 9.818934
v -3.726377 5.359652 9.818934
v -3.629154 5.498046 9.818934
v -3.659941 5.658699 9.818934
v -3.825024 5.690293 9.818934
v -3.868106 5.665127 11.293119
v -4.435516 3.803189 -0.174498
v -5.017801 3.983283 -0.174498
v -5.409447 3.497635 -0.174498
v -5.210117 2.932436 -0.174498
v -4.610061 2.753592 -0.174498
v -4.160168 3.239933 -0.174498
v -5.276586 4.281516 5.140374
v -5.765807 4.355243 5.140374
v -6.040199 3.937350 5.140374
v -5.804450 3.537448 5.140374
v -5.374155 3.501653 5.140374
v -5.044364 3.844040 5.140374
v -5.988149 4.495967 9.179677
v -6.237823 4.505064 9.179677
v -6.329534 4.286342 9.179677
v -6.221165 4.101378 9.179677
v -5.988781 4.063751 9.179677
v -5.891464 4.282037 9.179677
v -6.290058 4.408164 10.455246
v -3.856610 3.205762 -0.522531
v -4.633114 3.452796 -0.522531
v -5.123974 2.775514 -0.522531
v -4.599456 2.136313 -0.522531
v -3.875288 2.425350 -0.522531
v -5.135542 3.924406 6.490687
v -5.791218 4.012814 6.490687
v -6.054659 3.457710 6.490687
v -5.662226 2.955954 6.490687
v -5.117099 3.284813 6.490687
v -6.272259 4.263433 11.820733
v -6.560279 4.293632 11.820733
v -6.711813 4.019742 11.820733
v -6.464681 3.785239 11.820733
v -6.217619 3.984688 11.820733
v -6.712643 4.255937 13.503905
v -4.584076 1.600049 -0.263447
v -4.956591 2.076241 -0.263447
v -5.513998 1.816542 -0.263447
v -5.715561 1.238066 -0.263447
v -5.221123 0.858867 -0.263447
v -4.634862 1.017723 -0.263447
v -5.695464 1.897560 4.927076
v -6.048422 2.180907 4.927076
v -6.452549 1.976731 4.927076
v -6.567725 1.508421 4.927076
v -6.148985 1.217164 4.927076
v -5.673233 1.411417 4.927076
v -6.632897 2.056649 8.871874
v -6.852438 2.179191 8.871874
v -7.059733 2.055377 8.871874
v -7.047152 1.828601 8.871874
v -6.862667 1.677101 8.871874
v -6.657867 1.812313 8.871874
v -7.097702 2.000753 10.117599
v -6.200898 0.273108 -0.783904
v -5.781370 0.505995 -0.783904
v -5.769025 0.975778 -0.783904
v -6.164243 1.203233 -0.783904
v -6.638858 1.047172 -0.783904
v -6.636539 0.519488 -0.783904
v -6.685391 0.421897 3.718821
v -6.357128 0.650367 3.718821
v -6.428204 1.016980 3.718821
v -6.743542 1.244056 3.718821
v -7.065397 0.995113 3.718821
v -7.062852 0.588166 3.718821
v -7.090446 0.695052 7.140892
v -6.940096 0.804663 7.140892
v -6.957252 1.003192 7.140892
v -7.149858 1.077256 7.140892
v -7.281741 0.936934 7.140892
v -7.255112 0.763401 7.140892
v -7.245900 0.889291 8.221546
v -4.629270 -0.084274 -0.747939
v -4.214770 0.635270 -0.747939
v -4.734724 1.246041 -0.747939
v -5.481782 0.953469 -0.747939
v -5.435521 0.140462 -0.747939
v -5.731068 0.208719 7.011589
v -5.510677 0.810567 7.011589
v -5.923042 1.328012 7.011589
v -6.526760 0.972977 7.011589
v -6.370518 0.341166 7.011589
v -6.714854 0.619169 12.908831
v -6.560388 0.899066 12.908831
v -6.832500 1.094811 12.908831
v -7.080503 0.912052 12.908831
v -7.032616 0.592857 12.908831
v -7.112282 0.854219 14.771118
v -5.330397 -0.734675 -0.320325
v -4.804076 -0.547155 -0.320325
v -4.762425 -0.020543 -0.320325
v -5.260994 0.175703 -0.320325
v -5.643002 -0.235909 -0.320325
v -5.998567 -0.617426 6.525870
v -5.634041 -0.488204 6.525870
v -5.659987 -0.100484 6.525870
v -6.036056 0.014321 6.525870
v -6.318259 -0.325610 6.525870
v -6.529621 -0.509992 11.728978
v -6.335926 -0.422795 11.728978
v -6.380749 -0.223822 11.728978
v -6.577593 -0.169344 11.728978
v -6.656662 -0.356860 11.728978
v -6.682072 -0.345011 13.372065
v -3.999216 -1.698088 -0.707086
v -4.375513 -1.389894 -0.707086
v -4.852658 -1.423149 -0.707086
v -4.937332 -1.892818 -0.707086
v -4.659789 -2.250808 -0.707086
v -4.153897 -2.206689 -0.707086
v -5.078001 -2.059844 6.014502
v -5.382907 -1.784481 6.014502
v -5.781758 -1.904831 6.014502
v -5.820362 -2.301469 6.014502
v -5.540282 -2.526733 6.014502
v -5.150517 -2.472621 6.014502
v -6.029056 -2.407694 11.122908
v -6.169169 -2.275510 11.122908
v -6.331105 -2.373804 11.122908
v -6.385730 -2.557766 11.122908
v -6.220547 -2.683307 11.122908
v -6.053144 -2.584642 11.122908
v -6.423981 -2.569082 12.736089
v -3.825226 -1.780295 -0.637632
v -4.188328 -1.003632 -0.637632
v -5.040463 -1.153896 -0.637632
v -5.143147 -1.980088 -0.637632
v -4.429669 -2.295308 -0.637632
v -4.445421 -1.847975 5.586538
v -4.760696 -1.323818 5.586538
v -5.369608 -1.486477 5.586538
v -5.371753 -2.099339 5.586538
v -4.793500 -2.400047 5.586538
v -4.991629 -1.931833 10.316907
v -5.205149 -1.711029 10.316907
v -5.490894 -1.793494 10.316907
v -5.488802 -2.111619 10.316907
v -5.182013 -2.186735 10.316907
v -5.372595 -1.978950 11.810707
v -4.466484 -2.812076 -0.374190
v -4.876342 -2.290641 -0.374190
v -5.414152 -2.679059 -0.374190
v -5.383751 -3.336820 -0.374190
v -4.698792 -3.393727 -0.374190
v -5.355071 -3.246420 4.799134
v -5.742822 -2.902968 4.799134
v -6.179397 -3.212597 4.799134
v -6.026570 -3.713783 4.799134
v -5.535870 -3.686881 4.799134
v -6.144050 -3.633355 8.730860
v -6.373343 -3.475798 8.730860
v -6.593349 -3.654838 8.730860
v -6.477095 -3.897500 8.730860
v -6.233224 -3.873074 8.730860
v -6.550957 -3.828266 9.972458
v -4.329103 -4.041364 -0.947993
v -4.493918 -3.524226 -0.947993
v -5.023944 -3.409982 -0.947993
v -5.368462 -3.814837 -0.947993
v -5.192950 -4.292581 -0.947993
v -4.711679 -4.388157 -0.947993
v -4.820849 -4.206827 3.675564
v -4.942057 -3.867190 3.675564
v -5.332183 -3.790379 3.675564
v -5.559379 -4.129299 3.675564
v -5.395900 -4.492018 3.675564
v -5.023338 -4.483818 3.675564
v -5.196199 -4.361377 7.189466
v -5.287633 -4.182812 7.189466
v -5.479742 -4.199951 7.189466
v -5.586446 -4.353184 7.189466
v -5.490970 -4.518524 7.189466
v -5.299003 -4.528751 7.189466
v -5.466101 -4.416070 8.299120
v -3.922457 -4.257201 -0.447060
v -3.492732 -4.581976 -0.447060
v -3.071354 -4.291247 -0.447060
v -3.155421 -3.754915 -0.447060
v -3.709590 -3.761395 -0.447060
v -4.599574 -5.246407 5.774752
v -4.279952 -5.518013 5.774752
v -3.991983 -5.213564 5.774752
v -4.097615 -4.817669 5.774752
v -4.507216 -4.876883 5.774752
v -5.096807 -5.965660 10.503330
v -4.911044 -6.051792 10.503330
v -4.745727 -5.920304 10.503330
v -4.854663 -5.738614 10.503330
v -5.063188 -5.752074 10.503330
v -5.133782 -6.125215 11.996565
v -2.766517 -5.627354 -0.315203
v -2.911226 -5.190637 -0.315203
v -3.308901 -4.958635 -0.315203
v -3.645242 -5.291139 -0.315203
v -3.566269 -5.722260 -0.315203
v -3.163265 -5.871721 -0.315203
v -3.122877 -5.912932 4.540711
v -3.170073 -5.539077 4.540711
v -3.550699 -5.474081 4.540711
v -3.789681 -5.738805 4.540711
v -3.702475 -6.078302 4.540711
v -3.351967 -6.197308 4.540711
v -3.438215 -6.144956 8.231206
v -3.521070 -5.989965 8.231206
v -3.690150 -5.931382 8.231206
v -3.801797 -6.081859 8.231206
v -3.744769 -6.258026 8.231206
v -3.559946 -6.286131 8.231206
v -3.677160 -6.203197 9.396625
v -2.549147 -5.305953 -1.034726
v -2.880645 -5.655688 -1.034726
v -2.773775 -6.127533 -1.034726
v -2.273409 -6.347324 -1.034726
v -1.967280 -5.903320 -1.034726
v -2.071047 -5.428947 -1.034726
v -2.814345 -5.990274 4.007118
v -3.083822 -6.300654 4.007118
v -2.950528 -6.714148 4.007118
v -2.522305 -6.745812 4.007118
v -2.248791 -6.430921 4.007118
v -2.414816 -6.049446 4.007118
v -2.943099 -6.631426 7.838920
v -3.036264 -6.797629 7.838920
v -2.958322 -6.961631 7.838920
v -2.764017 -6.999852 7.838920
v -2.669536 -6.823768 7.838920
v -2.730512 -6.624864 7.838920
v -2.915023 -6.951051 9.048962
v -1.652002 -6.271789 -0.509895
v -1.403731 -6.840959 -0.509895
v -0.787310 -6.770281 -0.509895
v -0.618443 -6.149105 -0.509895
v -1.197048 -5.823629 -0.509895
v -1.650584 -6.910240 4.541919
v -1.402814 -7.322350 4.541919
v -0.916299 -7.239219 4.541919
v -0.876222 -6.738264 4.541919
v -1.327983 -6.548368 4.541919
v -1.527955 -7.381190 8.381296
v -1.377138 -7.559290 8.381296
v -1.171029 -7.494233 8.381296
v -1.169901 -7.280785 8.381296
v -1.381702 -7.175364 8.381296
v -1.341739 -7.521311 9.593732
v -0.282787 -4.231695 -0.597777
v -0.639790 -4.979139 -0.597777
v -0.033893 -5.497125 -0.597777
v 0.665165 -5.146382 -0.597777
v 0.471238 -4.413114 -0.597777
v -0.215853 -5.934763 5.844690
v -0.368465 -6.476867 5.844690
v 0.056407 -6.872601 5.844690
v 0.549701 -6.514683 5.844690
v 0.401922 -5.908817 5.844690
v -0.088516 -7.275289 10.740965
v -0.140429 -7.568039 10.740965
v 0.097483 -7.755548 10.740965
v 0.339805 -7.548169 10.740965
v 0.219517 -7.263692 10.740965
v 0.084740 -7.839472 12.287158
v 0.637275 -4.410102 -0.661649
v 0.561829 -4.936896 -0.661649
v 1.035939 -5.264126 -0.661649
v 1.559144 -4.989779 -0.661649
v 1.511959 -4.435142 -0.661649
v 1.079203 -4.118071 -0.661649
v 0.739588 -4.924602 5.104752
v 0.789536 -5.380711 5.104752
v 1.188529 -5.509518 5.104752
v 1.548003 -5.316440 5.104752
v 1.492321 -4.904163 5.104752
v 1.133429 -4.748393 5.104752
v 1.061231 -5.405420 9.487217
v 1.087744 -5.596191 9.487217
v 1.269718 -5.668868 9.487217
v 1.449866 -5.555144 9.487217
v 1.400140 -5.343845 9.487217
v 1.203889 -5.249952 9.487217
v 1.263755 -5.582917 10.871153
v 2.507700 -4.686682 -0.373202
v 2.083450 -4.710843 -0.373202
v 1.870900 -5.061463 -0.373202
v 2.053533 -5.454461 -0.373202
v 2.500965 -5.451985 -0.373202
v 2.699139 -5.070219 -0.373202
v 2.990427 -5.945639 6.171529
v 2.644598 -6.024560 6.171529
v 2.482954 -6.324788 6.171529
v 2.704094 -6.579702 6.171529
v 3.039871 -6.574705 6.171529
v 3.167527 -6.256497 6.171529
v 3.307492 -7.069743 11.145524
v 3.151179 -7.098958 11.145524
v 3.101898 -7.247993 11.145524
v 3.202406 -7.366277 11.145524
v 3.368774 -7.353848 11.145524
v 3.402868 -7.192283 11.145524
v 3.386717 -7.513500 12.716259
v 3.550136 -4.135893 -0.459109
v 3.117511 -4.510468 -0.459109
v 3.056135 -5.058053 -0.459109
v 3.569367 -5.372500 -0.459109
v 4.071911 -5.041877 -0.459109
v 4.100829 -4.433040 -0.459109
v 4.016664 -4.955736 5.314100
v 3.624113 -5.259363 5.314100
v 3.679545 -5.753931 5.314100
v 4.135698 -5.898841 5.314100
v 4.525954 -5.638582 5.314100
v 4.421873 -5.190607 5.314100
v 4.432479 -5.783260 9.701739
v 4.289260 -5.918081 9.701739
v 4.320127 -6.116434 9.701739
v 4.522112 -6.205550 9.701739
v 4.676803 -6.044126 9.701739
v 4.636968 -5.831316 9.701739
v 4.598480 -6.144666 11.087309
v 2.539819 -3.814603 -0.516606
v 2.862164 -4.399332 -0.516606
v 3.515714 -4.246597 -0.516606
v 3.900106 -3.662930 -0.516606
v 3.428243 -3.105952 -0.516606
v 2.761727 -3.222503 -0.516606
v 2.862312 -4.233434 6.969893
v 3.275678 -4.648865 6.969893
v 3.797961 -4.483746 6.969893
v 3.952459 -3.988462 6.969893
v 3.614017 -3.564930 6.969893
v 3.102145 -3.728768 6.969893
v 3.395557 -4.459596 12.659632
v 3.623227 -4.596957 12.659632
v 3.854337 -4.538517 12.659632
v 3.892365 -4.303385 12.659632
v 3.735959 -4.090349 12.659632
v 3.488380 -4.202647 12.659632
v 3.744875 -4.457582 14.456392
v 3.042781 -2.967526 -0.551565
v 2.866346 -3.648970 -0.551565
v 3.417246 -4.011348 -0.551565
v 4.024537 -3.658583 -0.551565
v 3.734784 -3.012930 -0.551565
v 3.358619 -3.391141 6.649632
v 3.272868 -3.935017 6.649632
v 3.734355 -4.149112 6.649632
v 4.086844 -3.823002 6.649632
v 3.895960 -3.367091 6.649632
v 3.729177 -3.805061 12.122542
v 3.723171 -4.052105 12.122542
v 3.939815 -4.179206 12.122542
v 4.137562 -3.982334 12.122542
v 3.985539 -3.752334 12.122542
v 3.959357 -4.021819 13.850830
v 5.479562 -3.316598 -0.327868
v 5.440005 -2.897571 -0.327868
v 5.036029 -2.765223 -0.327868
v 4.708514 -3.023588 -0.327868
v 4.775260 -3.439578 -0.327868
v 5.166544 -3.571719 -0.327868
v 5.927610 -3.564432 5.489045
v 5.835402 -3.229081 5.489045
v 5.510216 -3.184915 5.489045
v 5.286118 -3.398471 5.489045
v 5.354495 -3.718369 5.489045
v 5.688358 -3.827493 5.489045
v 6.133958 -3.737932 9.909898
v 6.072101 -3.577533 9.909898
v 5.901869 -3.542881 9.909898
v 5.784744 -3.678146 9.909898
v 5.851100 -3.843587 9.909898
v 6.013763 -3.845616 9.909898
v 6.080578 -3.781720 11.305957
v 5.476176 -1.475071 -0.943907
v 4.946473 -1.674099 -0.943907
v 4.938294 -2.255061 -0.943907
v 5.410428 -2.539828 -0.943907
v 5.936333 -2.330104 -0.943907
v 5.920232 -1.766201 -0.943907
v 6.357163 -1.903732 4.537903
v 5.922856 -2.113135 4.537903
v 5.988724 -2.598668 4.537903
v 6.399442 -2.777849 4.537903
v 6.772983 -2.550621 4.537903
v 6.757292 -2.103947 4.537903
v 7.058346 -2.375948 8.704080
v 6.895667 -2.529276 8.704080
v 6.903247 -2.752323 8.704080
v 7.120810 -2.846660 8.704080
v 7.286861 -2.690842 8.704080
v 7.285260 -2.458568 8.704080
v 7.313728 -2.691850 10.019714
v 4.327350 -0.814068 -0.875182
v 4.684176 -1.189833 -0.875182
v 5.157592 -0.996576 -0.875182
v 5.330217 -0.506142 -0.875182
v 4.928861 -0.124144 -0.875182
v 4.413499 -0.304369 -0.875182
v 5.250437 -0.949852 6.642334
v 5.587732 -1.197286 6.642334
v 5.976285 -1.036402 6.642334
v 5.980047 -0.634555 6.642334
v 5.678515 -0.416087 6.642334
v 5.274217 -0.514456 6.642334
v 6.082094 -0.970679 12.355647
v 6.260841 -1.093975 12.355647
v 6.418572 -0.964665 12.355647
v 6.450690 -0.773360 12.355647
v 6.274483 -0.669021 12.355647
v 6.088026 -0.759409 12.355647
v 6.467621 -0.898908 14.159851
v 5.355141 -0.064532 -0.919769
v 5.004388 -0.367679 -0.919769
v 5.105431 -0.799433 -0.919769
v 5.596996 -0.855163 -0.919769
v 5.755844 -0.365704 -0.919769
v 6.083223 -0.218031 5.595360
v 5.816248 -0.488736 5.595360
v 5.938118 -0.845313 5.595360
v 6.330222 -0.810507 5.595360
v 6.429620 -0.424180 5.595360
v 6.666928 -0.443283 10.546858
v 6.540911 -0.588427 10.546858
v 6.629111 -0.744826 10.546858
v 6.810192 -0.723517 10.546858
v 6.830630 -0.540413 10.546858
v 6.879634 -0.627998 12.110489
v 5.112860 1.349408 -0.726726
v 5.297750 0.956360 -0.726726
v 5.737872 0.883826 -0.726726
v 5.939292 1.264323 -0.726726
v 5.774622 1.615661 -0.726726
v 5.373391 1.697800 -0.726726
v 6.352570 1.578708 5.464898
v 6.577827 1.316650 5.464898
v 6.889066 1.307444 5.464898
v 7.067107 1.584000 5.464898
v 6.895171 1.875831 5.464898
v 6.561972 1.864419 5.464898
v 7.471416 1.778126 10.170533
v 7.563001 1.660229 10.170533
v 7.725466 1.648087 10.170533
v 7.794675 1.807626 10.170533
v 7.694410 1.944810 10.170533
v 7.533351 1.920283 10.170533
v 7.906730 1.858528 11.656523
v 4.183550 2.234261 -0.218431
v 4.046041 1.569414 -0.218431
v 4.510282 1.082926 -0.218431
v 5.170735 1.265973 -0.218431
v 5.368550 1.937513 -0.218431
v 4.825550 2.306706 -0.218431
v 5.267148 2.438184 5.593787
v 5.261327 1.950965 5.593787
v 5.601530 1.597985 5.593787
v 6.109129 1.776947 5.593787
v 6.192940 2.324645 5.593787
v 5.751638 2.646951 5.593787
v 6.238259 2.526610 10.011072
v 6.237147 2.301552 10.011072
v 6.416682 2.141341 10.011072
v 6.648301 2.256711 10.011072
v 6.636828 2.502100 10.011072
v 6.447493 2.667105 10.011072
v 6.670519 2.488271 11.406004
v 5.039365 2.151403 -0.211102
v 4.963960 2.673964 -0.211102
v 4.455724 2.892148 -0.211102
v 4.111021 2.494303 -0.211102
v 4.205289 2.043489 -0.211102
v 4.645749 1.783653 -0.211102
v 6.260371 2.940455 7.296978
v 6.171228 3.297602 7.296978
v 5.792676 3.438002 7.296978
v 5.516604 3.125484 7.296978
v 5.655948 2.763455 7.296978
v 6.032978 2.601621 7.296978
v 7.142784 3.524170 13.003119
v 7.066680 3.707780 13.003119
v 6.869047 3.751702 13.003119
v 6.744813 3.588486 13.003119
v 6.820958 3.406282 13.003119
v 7.013759 3.371143 13.003119
v 7.269420 3.723443 14.805059
v 4.808440 2.914315 -0.781527
v 5.309690 2.665792 -0.781527
v 5.819106 2.931047 -0.781527
v 5.793898 3.523432 -0.781527
v 5.277996 3.720958 -0.781527
v 4.764586 3.498362 -0.781527
v 5.399548 3.227135 4.656104
v 5.747454 3.075026 4.656104
v 6.081256 3.300628 4.656104
v 6.047908 3.734109 4.656104
v 5.638409 3.848672 4.656104
v 5.270340 3.627881 4.656104
v 5.828926 3.485290 8.788704
v 6.046317 3.428920 8.788704
v 6.191337 3.581996 8.788704
v 6.147452 3.780382 8.788704
v 5.951486 3.845887 8.788704
v 5.815026 3.698391 8.788704
v 6.093986 3.700173 10.093735
v 4.862664 4.150143 -1.016701
v 4.238813 4.152690 -1.016701
v 3.903212 3.634644 -1.016701
v 4.396309 3.259601 -1.016701
v 4.891887 3.525433 -1.016701
v 5.348138 4.596461 4.292279
v 4.823203 4.640030 4.292279
v 4.708688 4.145128 4.292279
v 5.073229 3.800320 4.292279
v 5.494036 4.110803 4.292279
v 5.660783 4.809033 8.327103
v 5.440097 4.800052 8.327103
v 5.367177 4.578099 8.327103
v 5.570515 4.465266 8.327103
v 5.762914 4.599210 8.327103
v 5.709785 4.778140 9.601258
v 2.862394 4.672528 -0.525342
v 3.123714 4.285853 -0.525342
v 3.619809 4.277959 -0.525342
v 3.820120 4.744902 -0.525342
v 3.517833 5.105563 -0.525342
v 3.068447 5.085572 -0.525342
v 3.490007 5.419106 6.013849
v 3.743367 5.100840 6.013849
v 4.151180 5.177622 6.013849
v 4.293244 5.569778 6.013849
v 4.004119 5.842281 6.013849
v 3.621672 5.794884 6.013849
v 4.124256 6.039796 10.983634
v 4.254232 5.903111 10.983634
v 4.448669 5.944988 10.983634
v 4.501509 6.143809 10.983634
v 4.344811 6.251202 10.983634
v 4.157173 6.232301 10.983634
v 4.435700 6.277334 12.553040
v 2.848671 4.018420 -0.315373
v 3.273647 4.320864 -0.315373
v 3.197847 4.838661 -0.315373
v 2.724099 5.024948 -0.315373
v 2.295194 4.735079 -0.315373
v 2.335923 4.187849 -0.315373
v 3.173986 4.581605 5.184346
v 3.431073 4.891498 5.184346
v 3.380808 5.286527 5.184346
v 2.980486 5.396494 5.184346
v 2.664939 5.120507 5.184346
v 2.756761 4.697265 5.184346
v 3.358571 5.161876 9.364133
v 3.482131 5.316192 9.364133
v 3.422014 5.497092 9.364133
v 3.228345 5.559184 9.364133
v 3.096058 5.397214 9.364133
v 3.174054 5.220272 9.364133
v 3.364598 5.468345 10.684066
v 1.492921 5.568237 -1.078487
v 1.508917 5.172463 -1.078487
v 1.872314 5.063185 -1.078487
v 2.195599 5.242049 -1.078487
v 2.182875 5.646110 -1.078487
v 1.809807 5.763708 -1.078487
v 2.047605 6.854742 5.647312
v 2.072738 6.562697 5.647312
v 2.372234 6.437198 5.647312
v 2.593172 6.671154 5.647312
v 2.516845 6.954250 5.647312
v 2.244361 7.071295 5.647312
v 2.498459 7.841997 10.758920
v 2.549193 7.689287 10.758920
v 2.703556 7.646062 10.758920
v 2.791349 7.770010 10.758920
v 2.772373 7.921946 10.758920
v 2.614181 7.953867 10.758920
v 2.769375 8.129558 12.373112
v 0.328235 4.689404 -0.385450
v 0.698368 4.327023 -0.385450
v 1.132782 4.554787 -0.385450
v 1.120636 5.074673 -0.385450
v 0.600616 5.117418 -0.385450
v 0.582805 5.516990 7.004706
v 0.888745 5.233610 7.004706
v 1.220145 5.474325 7.004706
v 1.125278 5.846655 7.004706
v 0.720152 5.914079 7.004706
v 0.854664 6.188920 12.621225
v 1.022993 6.079274 12.621225
v 1.204663 6.187404 12.621225
v 1.126423 6.392711 12.621225
v 0.922101 6.378640 12.621225
v 1.054697 6.449021 14.394863
v -1.997065 5.912359 -1.109476
v -2.542757 6.105323 -1.109476
v -3.013323 5.766099 -1.109476
v -2.920358 5.184314 -1.109476
v -2.360482 4.849258 -1.109476
v -1.858353 5.305473 -1.109476
v -2.377107 6.463816 3.571243
v -2.850321 6.631043 3.571243
v -3.249209 6.273142 3.571243
v -3.102163 5.749827 3.571243
v -2.601200 5.671867 3.571243
v -2.199365 5.983167 3.571243
v -2.750057 6.760537 7.128589
v -2.989947 6.780864 7.128589
v -3.137356 6.609918 7.128589
v -3.073743 6.383561 7.128589
v -2.837357 6.346336 7.128589
v -2.696762 6.527060 7.128589
v -2.977111 6.707524 8.251961
v -2.852965 6.878299 -0.460561
v -3.409658 6.892657 -0.460561
v -3.704184 6.434817 -0.460561
v -3.472555 5.931891 -0.460561
v -2.952573 5.987320 -0.460561
v -2.634096 6.374769 -0.460561
v -3.348844 7.483939 3.079566
v -3.743137 7.471756 3.079566
v -3.897396 7.116835 3.079566
v -3.713621 6.765211 3.079566
v -3.286990 6.771781 3.079566
v -3.164594 7.156403 3.079566
v -3.735538 7.851997 5.770064
v -3.905181 7.828963 5.770064
v -4.008180 7.664806 5.770064
v -3.879901 7.496819 5.770064
v -3.672981 7.530481 5.770064
v -3.594039 7.722131 5.770064
v -3.886731 7.869432 6.619694
v -3.848200 3.793096 -0.378118
v -3.359534 3.723920 -0.378118
v -3.104141 4.128225 -0.378118
v -3.250537 4.588155 -0.378118
v -3.753031 4.647935 -0.378118
v -4.027102 4.240455 -0.378118
v -4.638669 4.982505 4.728064
v -4.284706 4.928745 4.728064
v -4.067048 5.258335 4.728064
v -4.305692 5.544855 4.728064
v -4.667280 5.608548 4.728064
v -4.808039 5.266488 4.728064
v -5.253637 5.910933 8.608762
v -5.074409 5.942368 8.608762
v -5.002949 6.095560 8.608762
v -5.098572 6.231121 8.608762
v -5.279034 6.243923 8.608762
v -5.325989 6.072067 8.608762
v -5.390345 6.342541 9.834246
v -4.630510 3.898526 -0.279468
v -4.142741 3.720047 -0.279468
v -3.902507 4.161992 -0.279468
v -4.157113 4.605355 -0.279468
v -4.664789 4.412214 -0.279468
v -5.053608 4.415857 4.995099
v -4.667131 4.357681 4.995099
v -4.472321 4.694013 4.995099
v -4.737747 5.020149 4.995099
v -5.126928 4.824332 4.995099
v -5.294882 4.916707 9.003770
v -5.120116 4.896780 9.003770
v -5.024386 5.064629 9.003770
v -5.178079 5.208286 9.003770
v -5.362460 5.100342 9.003770
v -5.319345 5.146348 10.269666
v -5.279771 4.258488 -0.871407
v -4.792241 3.765082 -0.871407
v -4.178165 4.011717 -0.871407
v -4.063216 4.597121 -0.871407
v -4.465265 5.034411 -0.871407
v -5.093977 4.909964 -0.871407
v -5.659946 4.739340 3.131200
v -5.217251 4.420394 3.131200
v -4.725558 4.620211 3.131200
v -4.704644 5.122542 3.131200
v -5.069443 5.453436 3.131200
v -5.521268 5.245085 3.131200
v -5.773798 5.213294 6.173181
v -5.555175 5.076344 6.173181
v -5.351834 5.206429 6.173181
v -5.302507 5.449785 6.173181
v -5.525161 5.588668 6.173181
v -5.732986 5.457302 6.173181
v -5.666099 5.451516 7.133807
v -5.596322 2.972912 -0.562834
v -5.702342 2.497584 -0.562834
v -5.317835 2.214292 -0.562834
v -4.874408 2.354615 -0.562834
v -4.801271 2.815272 -0.562834
v -5.151244 3.106267 -0.562834
v -6.569839 3.388038 4.990640
v -6.636531 3.047323 4.990640
v -6.328790 2.883473 4.990640
v -6.025275 3.016888 4.990640
v -5.942966 3.381463 4.990640
v -6.280598 3.527938 4.990640
v -7.269269 3.706579 9.211281
v -7.262040 3.536322 9.211281
v -7.116619 3.450428 9.211281
v -6.969585 3.537118 9.211281
v -6.984101 3.700127 9.211281
v -7.119623 3.785712 9.211281
v -7.375065 3.751823 10.544114
v -4.802495 2.650649 -0.410978
v -5.056191 2.912558 -0.410978
v -5.397881 2.787804 -0.410978
v -5.503254 2.437254 -0.410978
v -5.235146 2.141318 -0.410978
v -4.857512 2.282781 -0.410978
v -5.607982 3.026182 5.491872
v -5.843677 3.176701 5.491872
v -6.093610 3.074689 5.491872
v -6.183155 2.779198 5.491872
v -5.906542 2.646428 5.491872
v -5.647684 2.741568 5.491872
v -6.310991 3.253038 9.978038
v -6.427752 3.344858 9.978038
v -6.561407 3.268060 9.978038
v -6.555278 3.122990 9.978038
v -6.438212 3.040902 9.978038
v -6.299525 3.104602 9.978038
v -6.609369 3.275333 11.394722
v -6.522802 1.571209 -0.530248
v -6.494011 1.126287 -0.530248
v -6.041085 0.958974 -0.530248
v -5.726571 1.299930 -0.530248
v -5.794678 1.738202 -0.530248
v -6.226996 1.899114 -0.530248
v -7.384190 1.727532 3.968092
v -7.253547 1.382107 3.968092
v -6.914985 1.335544 3.968092
v -6.693177 1.574192 3.968092
v -6.796354 1.880842 3.968092
v -7.117505 1.978310 3.968092
v -7.850137 1.824567 7.386831
v -7.790422 1.656697 7.386831
v -7.619760 1.657755 7.386831
v -7.525833 1.780594 7.386831
v -7.575348 1.934754 7.386831
v -7.742932 1.958403 7.386831
v -7.888907 1.850647 8.466433
v -5.146985 0.450686 -0.900334
v -5.849439 0.624994 -0.900334
v -6.251621 0.122520 -0.900334
v -5.952321 -0.527902 -0.900334
v -5.289571 -0.254893 -0.900334
v -6.536688 0.375670 5.009466
v -7.027404 0.527675 5.009466
v -7.366675 0.083365 5.009466
v -6.980346 -0.310389 5.009466
v -6.446608 -0.165395 5.009466
v -7.569701 0.291971 9.500914
v -7.856712 0.350977 9.500914
v -7.977430 0.091505 9.500914
v -7.787747 -0.102453 9.500914
v -7.522880 0.002106 9.500914
v -8.024573 0.127086 10.919266
v -5.728003 -0.390897 -0.975139
v -5.415233 0.140219 -0.975139
v -5.718587 0.622404 -0.975139
v -6.279969 0.705533 -0.975139
v -6.568346 0.206271 -0.975139
v -6.328347 -0.306631 -0.975139
v -7.005124 -0.154761 5.303413
v -6.773232 0.234894 5.303413
v -7.011085 0.664362 5.303413
v -7.483014 0.580446 5.303413
v -7.735767 0.184042 5.303413
v -7.456613 -0.210949 5.303413
v -8.024112 0.040404 10.075113
v -7.953423 0.267890 10.075113
v -8.084328 0.464128 10.075113
v -8.312716 0.412282 10.075113
v -8.412770 0.204852 10.075113
v -8.260264 0.032709 10.075113
v -8.471986 0.245789 11.581965
v -6.580691 -1.162750 -0.881031
v -5.953688 -1.203553 -0.881031
v -5.598864 -0.627115 -0.881031
v -5.998536 -0.104698 -0.881031
v -6.646954 -0.057924 -0.881031
v -6.928032 -0.654488 -0.881031
v -7.209747 -1.197868 3.305503
v -6.705866 -1.110022 3.305503
v -6.466416 -0.643040 3.305503
v -6.817614 -0.252001 3.305503
v -7.292403 -0.345143 3.305503
v -7.447158 -0.771850 3.305503
v -7.621623 -0.984357 6.487269
v -7.377851 -0.962451 6.487269
v -7.344279 -0.724347 6.487269
v -7.475869 -0.528410 6.487269
v -7.710420 -0.596606 6.487269
v -7.807436 -0.825097 6.487269
v -7.724725 -0.787253 7.492038
v -6.571528 -2.741254 -0.624111
v -6.133674 -2.533747 -0.624111
v -6.092709 -2.007835 -0.624111
v -6.651850 -1.876733 -0.624111
v -6.902170 -2.356958 -0.624111
v -7.472991 -3.019010 3.314018
v -7.086618 -2.832233 3.314018
v -7.184338 -2.414573 3.314018
v -7.575064 -2.396177 3.314018
v -7.773786 -2.733798 3.314018
v -8.163150 -3.109265 6.306997
v -7.988835 -2.994152 6.306997
v -8.036081 -2.783651 6.306997
v -8.244901 -2.793655 6.306997
v -8.321779 -2.976937 6.306997
v -8.384456 -3.013976 7.252148
v -5.468923 -2.585778 -0.374424
v -5.593608 -2.115045 -0.374424
v -6.092160 -2.176634 -0.374424
v -6.222221 -2.643379 -0.374424
v -5.810023 -2.887165 -0.374424
v -6.402060 -2.894631 3.711186
v -6.559218 -2.602086 3.711186
v -6.896943 -2.645582 3.711186
v -6.970428 -3.004596 3.711186
v -6.632443 -3.151089 3.711186
v -7.178776 -3.138608 6.816251
v -7.278625 -3.000980 6.816251
v -7.451934 -3.028341 6.816251
v -7.475391 -3.222672 6.816251
v -7.291389 -3.275402 6.816251
v -7.533107 -3.216531 7.796797
v -6.077767 -4.700080 -0.731611
v -5.560640 -4.555989 -0.731611
v -5.453040 -4.037530 -0.731611
v -5.827678 -3.681692 -0.731611
v -6.321112 -3.826792 -0.731611
v -6.447647 -4.326541 -0.731611
v -6.566252 -4.994926 4.199419
v -6.188983 -4.823242 4.199419
v -6.128046 -4.417355 4.199419
v -6.456659 -4.161896 4.199419
v -6.850122 -4.316029 4.199419
v -6.897262 -4.736057 4.199419
v -6.947331 -5.090086 7.947001
v -6.743587 -4.999825 7.947001
v -6.735846 -4.771607 7.947001
v -6.926273 -4.644357 7.947001
v -7.123491 -4.755886 7.947001
v -7.133540 -4.976830 7.947001
v -7.071734 -4.970065 9.130449
v -4.697725 -5.470945 -0.432365
v -4.832336 -5.090618 -0.432365
v -5.204349 -4.938383 -0.432365
v -5.476093 -5.239957 -0.432365
v -5.422917 -5.650496 -0.432365
v -5.019091 -5.711748 -0.432365
v -5.355184 -5.954860 4.219412
v -5.429294 -5.661167 4.219412
v -5.742641 -5.605001 4.219412
v -5.970442 -5.843867 4.219412
v -5.841755 -6.148797 4.219412
v -5.536299 -6.178964 4.219412
v -5.899724 -6.338906 7.754763
v -5.940166 -6.189423 7.754763
v -6.100062 -6.188351 7.754763
v -6.187974 -6.311474 7.754763
v -6.131307 -6.458023 7.754763
v -5.979290 -6.452581 7.754763
v -6.164244 -6.458907 8.871189
v -3.352100 -5.065205 -0.673801
v -2.768220 -4.823600 -0.673801
v -2.884807 -4.252503 -0.673801
v -3.430955 -4.042873 -0.673801
v -3.721189 -4.580126 -0.673801
v -4.131470 -6.093593 6.086458
v -3.745662 -5.919454 6.086458
v -3.840001 -5.494038 6.086458
v -4.293945 -5.381479 6.086458
v -4.473959 -5.830120 6.086458
v -4.753132 -6.885079 11.224255
v -4.551917 -6.752901 11.224255
v -4.617143 -6.521455 11.224255
v -4.841544 -6.533595 11.224255
v -4.915380 -6.728342 11.224255
v -4.951224 -6.972589 12.846718
v -2.519482 -6.372429 -0.784736
v -2.993861 -6.179521 -0.784736
v -3.403577 -6.520141 -0.784736
v -3.260853 -7.013422 -0.784736
v -2.799383 -7.194506 -0.784736
v -2.466366 -6.845654 -0.784736
v -3.083598 -7.466142 3.545672
v -3.466592 -7.386680 3.545672
v -3.687436 -7.679728 3.545672
v -3.588099 -8.009988 3.545672
v -3.239145 -8.123750 3.545672
v -2.957481 -7.846248 3.545672
v -3.593686 -8.424638 6.836782
v -3.769934 -8.388914 6.836782
v -3.883638 -8.535210 6.836782
v -3.825903 -8.721214 6.836782
v -3.630072 -8.736145 6.836782
v -3.500634 -8.589451 6.836782
v -3.810450 -8.815355 7.876080
v -3.075549 -6.811312 -0.982152
v -2.663862 -6.823451 -0.982152
v -2.396558 -6.526302 -0.982152
v -2.588326 -6.188873 -0.982152
v -2.942071 -6.133034 -0.982152
v -3.178923 -6.415615 -0.982152
v -3.305343 -7.515327 2.977047
v -3.018981 -7.536822 2.977047
v -2.814990 -7.288116 2.977047
v -2.994974 -7.013777 2.977047
v -3.300054 -7.013718 2.977047
v -3.485246 -7.267638 2.977047
v -3.489775 -8.019722 5.986039
v -3.344457 -8.016913 5.986039
v -3.267927 -7.884416 5.986039
v -3.350510 -7.745929 5.986039
v -3.508701 -7.764384 5.986039
v -3.589990 -7.901520 5.986039
v -3.509501 -8.087023 6.936247
v -0.491111 -5.054710 -0.818204
v -0.956967 -4.917896 -0.818204
v -1.280201 -5.275465 -0.818204
v -1.124152 -5.695899 -0.818204
v -0.711776 -5.810103 -0.818204
v -0.408415 -5.503095 -0.818204
v -0.668306 -5.566875 4.625048
v -1.035664 -5.506620 4.625048
v -1.285377 -5.799065 4.625048
v -1.140735 -6.164407 4.625048
v -0.769764 -6.175855 4.625048
v -0.560737 -5.905181 4.625048
v -0.856447 -6.064948 8.761919
v -1.030446 -6.046655 8.761919
v -1.103259 -6.197579 8.761919
v -1.043756 -6.347499 8.761919
v -0.878703 -6.351553 8.761919
v -0.761798 -6.218710 8.761919
v -0.967612 -6.317887 10.068299
v -0.263550 -6.464453 -0.563959
v -0.512097 -6.746559 -0.563959
v -0.365303 -7.117155 -0.563959
v 0.034524 -7.160140 -0.563959
v 0.234516 -6.835677 -0.563959
v 0.109519 -6.482604 -0.563959
v -0.266650 -7.172903 4.177520
v -0.403524 -7.405250 4.177520
v -0.290570 -7.673594 4.177520
v 0.024916 -7.688333 4.177520
v 0.169524 -7.410293 4.177520
v 0.017269 -7.151075 4.177520
v -0.221330 -7.758822 7.781044
v -0.298268 -7.886400 7.781044
v -0.202473 -7.999630 7.781044
v -0.058701 -7.997355 7.781044
v -0.002427 -7.864230 7.781044
v -0.087175 -7.760212 7.781044
v -0.144982 -8.022215 8.918999
v 0.573173 -5.282661 -0.372409
v -0.158587 -5.016850 -0.372409
v -0.567234 -5.708905 -0.372409
v -0.063802 -6.273340 -0.372409
v 0.685360 -6.052701 -0.372409
v 0.500116 -6.759853 5.310905
v -0.155356 -6.616856 5.310905
v -0.428360 -7.237934 5.310905
v 0.044049 -7.653785 5.310905
v 0.564899 -7.368321 5.310905
v 0.290432 -8.084407 9.630224
v -0.014402 -8.024024 9.630224
v -0.136591 -8.336833 9.630224
v 0.121499 -8.533450 9.630224
v 0.373141 -8.360126 9.630224
v 0.144824 -8.620581 10.994219
v 0.877599 -7.731727 -1.018534
v 1.342545 -7.599145 -1.018534
v 1.461155 -7.165792 -1.018534
v 1.188704 -6.787739 -1.018534
v 0.754449 -6.940463 -1.018534
v 0.580679 -7.349086 -1.018534
v 1.099614 -8.569335 2.924696
v 1.441319 -8.463613 2.924696
v 1.485857 -8.120447 2.924696
v 1.241999 -7.895877 2.924696
v 0.883575 -7.962512 2.924696
v 0.801270 -8.343704 2.924696
v 1.258122 -9.115735 5.921551
v 1.402445 -9.052510 5.921551
v 1.440291 -8.889700 5.921551
v 1.301463 -8.770132 5.921551
v 1.130255 -8.846297 5.921551
v 1.113889 -9.027256 5.921551
v 1.311025 -9.190453 6.867926
v 2.608545 -5.345871 -0.268641
v 1.806055 -5.105600 -0.268641
v 1.468838 -5.837761 -0.268641
v 1.914499 -6.513825 -0.268641
v 2.618547 -6.114263 -0.268641
v 2.795563 -6.467322 6.029659
v 2.189796 -6.327506 6.029659
v 1.965510 -6.916970 6.029659
v 2.390383 -7.384637 6.029659
v 2.970596 -7.062344 6.029659
v 2.914561 -7.394205 10.816367
v 2.604650 -7.396322 10.816367
v 2.525887 -7.668884 10.816367
v 2.733986 -7.866629 10.816367
v 3.008137 -7.705911 10.816367
v 2.834475 -7.855846 12.327959
v 3.446967 -6.307234 -0.283524
v 3.687311 -5.794423 -0.283524
v 3.404001 -5.345839 -0.283524
v 2.854649 -5.302139 -0.283524
v 2.550332 -5.804573 -0.283524
v 2.858192 -6.311007 -0.283524
v 3.680743 -6.662283 3.911433
v 3.834440 -6.301179 3.911433
v 3.595924 -5.995944 3.911433
v 3.215809 -6.041111 3.911433
v 3.074183 -6.392023 3.911433
v 3.275164 -6.744840 3.911433
v 3.797381 -6.906259 7.099600
v 3.889800 -6.719670 7.099600
v 3.741981 -6.552579 7.099600
v 3.531983 -6.607375 7.099600
v 3.474284 -6.804993 7.099600
v 3.603479 -6.969025 7.099600
v 3.742943 -6.896122 8.106390
v 3.443827 -5.016082 -0.603631
v 3.930276 -5.270936 -0.603631
v 4.305422 -4.863999 -0.603631
v 4.238133 -4.340581 -0.603631
v 3.729266 -4.173432 -0.603631
v 3.345833 -4.521905 -0.603631
v 4.373537 -6.000839 5.541236
v 4.771584 -6.109428 5.541236
v 5.037760 -5.798281 5.541236
v 4.922041 -5.419160 5.541236
v 4.536414 -5.324639 5.541236
v 4.197185 -5.599288 5.541236
v 5.155110 -6.633207 10.211334
v 5.355932 -6.672845 10.211334
v 5.479833 -6.507600 10.211334
v 5.418502 -6.302418 10.211334
v 5.212220 -6.307475 10.211334
v 5.097777 -6.450306 10.211334
v 5.477472 -6.720907 11.686102
v 4.424853 -5.028124 -0.546249
v 4.821429 -5.003410 -0.546249
v 4.912129 -4.607917 -0.546249
v 4.560516 -4.369121 -0.546249
v 4.205358 -4.655320 -0.546249
v 5.431645 -5.959834 5.237634
v 5.757858 -5.920074 5.237634
v 5.795804 -5.576666 5.237634
v 5.476878 -5.406753 5.237634
v 5.283089 -5.691433 5.237634
v 6.213968 -6.591080 9.633385
v 6.376390 -6.553631 9.633385
v 6.379895 -6.381549 9.633385
v 6.223244 -6.338208 9.633385
v 6.131185 -6.459499 9.633385
v 6.486859 -6.697865 11.021517
v 5.749304 -3.108738 -0.702508
v 5.303257 -3.208604 -0.702508
v 5.309507 -3.638110 -0.702508
v 5.671551 -3.784422 -0.702508
v 5.936538 -3.494721 -0.702508
v 6.792622 -3.899282 4.252334
v 6.459861 -3.979575 4.252334
v 6.474230 -4.340132 4.252334
v 6.802462 -4.405700 4.252334
v 6.996796 -4.150311 4.252334
v 7.595946 -4.533630 8.018013
v 7.456569 -4.620078 8.018013
v 7.449643 -4.785957 8.018013
v 7.624091 -4.815546 8.018013
v 7.700595 -4.667776 8.018013
v 7.832721 -4.848236 9.207175
v 5.064613 -3.051872 -0.503399
v 5.004740 -2.565378 -0.503399
v 4.536202 -2.297961 -0.503399
v 4.080645 -2.650530 -0.503399
v 4.197626 -3.191673 -0.503399
v 4.683118 -3.369041 -0.503399
v 6.175154 -3.715341 5.805408
v 6.118511 -3.312370 5.805408
v 5.703436 -3.187396 5.805408
v 5.368306 -3.485701 5.805408
v 5.531661 -3.881323 5.805408
v 5.924247 -4.065646 5.805408
v 6.917687 -4.215267 10.600102
v 6.859614 -4.014713 10.600102
v 6.645298 -3.961832 10.600102
v 6.519304 -4.137128 10.600102
v 6.581590 -4.333450 10.600102
v 6.784406 -4.368070 10.600102
v 7.005667 -4.354604 12.114216
v 6.242749 -2.397580 -1.122936
v 6.873556 -2.071989 -1.122936
v 6.949593 -1.368541 -1.122936
v 6.225427 -1.188019 -1.122936
v 5.764827 -1.783802 -1.122936
v 7.429493 -2.561428 4.522342
v 7.883118 -2.261500 4.522342
v 7.826393 -1.771413 4.522342
v 7.300268 -1.613068 4.522342
v 7.041563 -2.131096 4.522342
v 8.323382 -2.535934 8.812753
v 8.549100 -2.381206 8.812753
v 8.502101 -2.117096 8.812753
v 8.232799 -2.100816 8.812753
v 8.111811 -2.345639 8.812753
v 8.607824 -2.365165 10.167620
v 6.789354 -0.728428 -0.369236
v 7.102339 -1.172515 -0.369236
v 7.667814 -0.978200 -0.369236
v 7.571455 -0.404657 -0.369236
v 7.050007 -0.275005 -0.369236
v 7.533691 -0.837426 3.482433
v 7.872694 -1.149253 3.482433
v 8.232541 -0.914991 3.482433
v 8.197345 -0.481555 3.482433
v 7.741486 -0.425983 3.482433
v 8.278462 -0.867067 6.409702
v 8.450233 -0.999715 6.409702
v 8.640321 -0.887526 6.409702
v 8.582695 -0.665964 6.409702
v 8.355546 -0.658544 6.409702
v 8.628472 -0.834687 7.334103
v 5.026139 -0.586519 -0.781968
v 5.353435 -1.041263 -0.781968
v 5.901535 -1.010873 -0.781968
v 6.085224 -0.521835 -0.781968
v 5.833241 -0.079130 -0.781968
v 5.289021 -0.085291 -0.781968
v 5.588562 -0.652133 4.059766
v 5.821320 -0.971092 4.059766
v 6.231750 -0.910823 4.059766
v 6.338703 -0.522594 4.059766
v 6.103267 -0.204884 4.059766
v 5.673263 -0.240447 4.059766
v 6.047651 -0.664877 7.739484
v 6.182924 -0.820914 7.739484
v 6.398341 -0.775814 7.739484
v 6.460230 -0.557505 7.739484
v 6.295818 -0.411404 7.739484
v 6.097038 -0.470140 7.739484
v 6.327279 -0.623520 8.901500
v 5.892822 0.529562 -1.036191
v 6.411181 0.689604 -1.036191
v 6.623132 1.180653 -1.036191
v 6.241839 1.562414 -1.036191
v 5.768532 1.420368 -1.036191
v 5.538797 0.963409 -1.036191
v 6.425265 0.746160 5.306255
v 6.817160 0.871083 5.306255
v 6.856418 1.257151 5.306255
v 6.600668 1.546043 5.306255
v 6.251806 1.386750 5.306255
v 6.098679 1.016321 5.306255
v 6.820316 1.013618 10.126513
v 6.998251 1.089615 10.126513
v 7.026057 1.281051 10.126513
v 6.868633 1.376778 10.126513
v 6.697785 1.320826 10.126513
v 6.680632 1.138525 10.126513
v 6.951045 1.225277 11.648700
v 6.956788 1.930511 -0.930014
v 6.491163 2.144175 -0.930014
v 6.179852 1.766816 -0.930014
v 6.377990 1.298610 -0.930014
v 6.862193 1.449328 -0.930014
v 7.261950 2.005105 3.136791
v 6.921711 2.159416 3.136791
v 6.713481 1.839459 3.136791
v 6.911377 1.507541 3.136791
v 7.255700 1.661734 3.136791
v 7.480075 2.022870 6.227563
v 7.304602 2.069898 6.227563
v 7.193756 1.912652 6.227563
v 7.328427 1.783346 6.227563
v 7.483625 1.849911 6.227563
v 7.471155 1.952903 7.203596
v 4.970574 3.131946 -1.116994
v 5.336474 2.812581 -1.116994
v 5.845051 2.923848 -1.116994
v 5.967572 3.468274 -1.116994
v 5.545080 3.851013 -1.116994
v 5.014162 3.655311 -1.116994
v 5.643244 3.472909 3.253471
v 6.018081 3.268060 3.253471
v 6.367556 3.442861 3.253471
v 6.384764 3.817802 3.253471
v 6.087945 4.057700 3.253471
v 5.737421 3.885006 3.253471
v 6.364458 3.857463 6.575025
v 6.524170 3.735104 6.575025
v 6.715123 3.838401 6.575025
v 6.684218 4.040100 6.575025
v 6.526147 4.160542 6.575025
v 6.338214 4.058351 6.575025
v 6.674248 4.039484 7.623937
v 4.590468 3.179461 -0.843793
v 4.428584 2.309368 -0.843793
v 5.172764 1.992442 -0.843793
v 5.808246 2.468072 -0.843793
v 5.440430 3.202671 -0.843793
v 5.955889 3.549949 4.294744
v 5.905555 2.992278 4.294744
v 6.440684 2.667066 4.294744
v 6.892914 3.178830 4.294744
v 6.543262 3.762405 4.294744
v 7.010210 3.870861 8.200032
v 7.006249 3.543195 8.200032
v 7.315574 3.442975 8.200032
v 7.508043 3.701632 8.200032
v 7.310752 3.933094 8.200032
v 7.524093 3.853367 9.433281
v 5.299397 3.204242 -0.190280
v 5.600432 3.960200 -0.190280
v 5.065755 4.480531 -0.190280
v 4.359608 4.171762 -0.190280
v 4.537272 3.433678 -0.190280
v 6.258468 4.164486 5.999619
v 6.509507 4.779935 5.999619
v 5.982633 5.202734 5.999619
v 5.507236 4.799250 5.999619
v 5.609448 4.200321 5.999619
v 6.854858 5.021651 10.703943
v 6.932961 5.295798 10.703943
v 6.696008 5.485498 10.703943
v 6.440771 5.289073 10.703943
v 6.579175 5.026070 10.703943
v 6.942559 5.397442 12.189518
v 3.621655 4.778643 -1.077421
v 3.048064 4.435994 -1.077421
v 3.164738 3.784208 -1.077421
v 3.876878 3.621306 -1.077421
v 4.174610 4.325224 -1.077421
v 4.713909 6.071466 5.780576
v 4.221973 5.734110 5.780576
v 4.436000 5.201960 5.780576
v 4.969535 5.205344 5.780576
v 5.173037 5.716671 5.780576
v 5.570386 6.851380 10.992655
v 5.337727 6.671917 10.992655
v 5.465235 6.411719 10.992655
v 5.741684 6.429472 10.992655
v 5.826812 6.708229 10.992655
v 5.865898 6.939010 12.638574
v 3.803935 5.439575 -0.752201
v 3.212709 5.792053 -0.752201
v 2.742872 5.268133 -0.752201
v 3.069554 4.686241 -0.752201
v 3.703775 4.805022 -0.752201
v 3.892806 5.780269 5.667904
v 3.439979 5.933445 5.667904
v 3.153053 5.563494 5.667904
v 3.401385 5.142636 5.667904
v 3.929235 5.252345 5.667904
v 3.905804 5.970108 10.547184
v 3.644619 6.045487 10.547184
v 3.515137 5.816782 10.547184
v 3.672504 5.625755 10.547184
v 3.910767 5.706683 10.547184
v 3.783468 5.914624 12.088009
v 3.142168 5.662004 -0.787825
v 3.141188 6.132261 -0.787825
v 2.797523 6.469440 -0.787825
v 2.326616 6.260703 -0.787825
v 2.282904 5.755188 -0.787825
v 2.688666 5.480655 -0.787825
v 3.692637 7.021550 4.348497
v 3.677498 7.433867 4.348497
v 3.327863 7.578949 4.348497
v 3.037523 7.399475 4.348497
v 2.960723 7.019703 4.348497
v 3.328125 6.829404 4.348497
v 3.959134 8.114199 8.252101
v 3.942032 8.318042 8.252101
v 3.757875 8.393538 8.252101
v 3.590717 8.287485 8.252101
v 3.615368 8.090920 8.252101
v 3.789337 8.019650 8.252101
v 3.914920 8.507359 9.484818
v 2.389285 6.097916 -1.090136
v 2.762599 6.251293 -1.090136
v 2.696142 6.650603 -1.090136
v 2.374180 6.877246 -1.090136
v 1.988937 6.678195 -1.090136
v 2.033714 6.250837 -1.090136
v 2.646871 6.727489 2.771303
v 2.896807 6.939122 2.771303
v 2.836570 7.239463 2.771303
v 2.566234 7.347269 2.771303
v 2.284564 7.193812 2.771303
v 2.357098 6.872708 2.771303
v 2.805669 7.359523 5.705997
v 2.920451 7.469352 5.705997
v 2.873125 7.609223 5.705997
v 2.741347 7.656953 5.705997
v 2.630097 7.562559 5.705997
v 2.659177 7.415207 5.705997
v 2.824674 7.661136 6.632743
v 0.236707 7.423006 -1.136123
v 0.331507 6.975561 -1.136123
v 0.752355 6.774979 -1.136123
v 1.039090 7.115963 -1.136123
v 1.007347 7.524017 -1.136123
v 0.606683 7.688535 -1.136123
v 0.427276 8.086347 3.777670
v 0.516950 7.771750 3.777670
v 0.835515 7.675657 3.777670
v 1.070182 7.918432 3.777670
v 1.002211 8.263189 3.777670
v 0.657234 8.324563 3.777670
v 0.630097 8.601131 7.512153
v 0.683223 8.433785 7.512153
v 0.862753 8.396792 7.512153
v 0.951154 8.545400 7.512153
v 0.896056 8.688804 7.512153
v 0.737289 8.738670 7.512153
v 0.815219 8.751481 8.691463
v -0.199728 6.099607 -0.428807
v -0.409189 5.356535 -0.428807
v 0.197962 4.929212 -0.428807
v 0.799527 5.359302 -0.428807
v 0.591613 6.098152 -0.428807
v -0.106207 7.110422 5.264331
v -0.152719 6.554251 5.264331
v 0.289750 6.277813 5.264331
v 0.746648 6.627159 5.264331
v 0.445808 7.094899 5.264331
v 0.110571 7.775276 9.591115
v 0.049132 7.502801 9.591115
v 0.313018 7.413055 9.591115
v 0.522450 7.596309 9.591115
v 0.363492 7.826369 9.591115
v 0.280980 7.909094 10.957468
v -1.114054 6.490047 -0.692945
v -0.778763 6.952995 -0.692945
v -1.080078 7.419638 -0.692945
v -1.642565 7.289620 -0.692945
v -1.628730 6.722813 -0.692945
v -1.271065 7.595483 3.321213
v -1.050599 8.019274 3.321213
v -1.328245 8.394005 3.321213
v -1.750508 8.197281 3.321213
v -1.738204 7.738754 3.321213
v -1.474178 8.580628 6.371974
v -1.360296 8.801374 6.371974
v -1.539747 8.943182 6.371974
v -1.734608 8.856624 6.371974
v -1.696329 8.644839 6.371974
v -1.612506 9.015151 7.335372
v -4.539370 7.140119 -0.662542
v -4.496017 6.842472 -0.662542
v -4.193746 6.722158 -0.662542
v -3.965498 6.955612 -0.662542
v -4.041486 7.254278 -0.662542
v -4.330051 7.353834 -0.662542
v -4.657486 7.340198 2.793298
v -4.558790 7.119814 2.793298
v -4.334646 7.068213 2.793298
v -4.151859 7.237136 2.793298
v -4.244720 7.474546 2.793298
v -4.485850 7.520658 2.793298
v -4.643396 7.484859 5.419737
v -4.591493 7.371271 5.419737
v -4.467943 7.354112 5.419737
v -4.403099 7.456499 5.419737
v -4.451791 7.558485 5.419737
v -4.568112 7.587046 5.419737
v -4.552280 7.527058 6.249139
v -3.766981 4.615316 -0.602367
v -3.109677 4.932432 -0.602367
v -3.205650 5.579385 -0.602367
v -3.809121 5.754321 -0.602367
v -4.192733 5.207916 -0.602367
v -4.651461 6.257903 4.887260
v -4.189247 6.483824 4.887260
v -4.270232 7.014146 4.887260
v -4.787673 7.046890 4.887260
v -4.997579 6.608439 4.887260
v -5.352744 7.569150 9.059376
v -5.126783 7.686754 9.059376
v -5.200627 7.942979 9.059376
v -5.456390 7.947912 9.059376
v -5.550462 7.714690 9.059376
v -5.578201 8.114127 10.376887
v -4.592410 5.301473 -0.666158
v -4.907840 5.600199 -0.666158
v -5.315451 5.395212 -0.666158
v -5.201014 4.955057 -0.666158
v -4.759977 4.892416 -0.666158
v -5.247824 5.889459 2.724873
v -5.498418 6.063103 2.724873
v -5.782217 5.901757 2.724873
v -5.655596 5.595227 2.724873
v -5.312875 5.550187 2.724873
v -5.779356 6.306650 5.302056
v -5.928489 6.397127 5.302056
v -6.043665 6.279828 5.302056
v -5.985809 6.136293 5.302056
v -5.823856 6.141224 5.302056
v -6.048437 6.388740 6.115904
v -4.854982 3.658896 -0.269021
v -5.214417 3.954780 -0.269021
v -5.688568 3.853647 -0.269021
v -5.802636 3.351080 -0.269021
v -5.396462 3.098707 -0.269021
v -4.916260 3.158130 -0.269021
v -6.059644 4.408302 6.000484
v -6.385359 4.583746 6.000484
v -6.685302 4.437345 6.000484
v -6.726780 4.107117 6.000484
v -6.453778 3.898608 6.000484
v -6.140565 4.045873 6.000484
v -7.100496 4.894649 10.765308
v -7.259788 5.005509 10.765308
v -7.418179 4.897173 10.765308
v -7.432882 4.709742 10.765308
v -7.265546 4.644075 10.765308
v -7.096858 4.704769 10.765308
v -7.529493 4.980531 12.269990
v -6.575568 4.487894 -1.008609
v -6.927066 4.228595 -1.008609
v -6.921084 3.780925 -1.008609
v -6.501120 3.579864 -1.008609
v -6.125122 3.849298 -1.008609
v -6.199433 4.280381 -1.008609
v -7.159089 4.729754 3.240265
v -7.438009 4.506477 3.240265
v -7.328849 4.182206 3.240265
v -7.031096 4.070651 3.240265
v -6.802883 4.287657 3.240265
v -6.825158 4.619898 3.240265
v -7.559941 4.813147 6.469410
v -7.680173 4.689952 6.469410
v -7.642229 4.515008 6.469410
v -7.465779 4.479930 6.469410
v -7.368580 4.610988 6.469410
v -7.395355 4.768693 6.469410
v -7.645973 4.729782 7.489140
v -5.732496 2.235488 -0.397046
v -5.830470 2.922291 -0.397046
v -6.523937 2.988223 -0.397046
v -6.871090 2.365842 -0.397046
v -6.316347 1.965221 -0.397046
v -6.893942 2.761140 3.382295
v -7.114778 3.261358 3.382295
v -7.615230 3.280506 3.382295
v -7.796140 2.797164 3.382295
v -7.379170 2.426260 3.382295
v -7.982487 3.203443 6.254594
v -8.105040 3.446197 6.254594
v -8.355711 3.428051 6.254594
v -8.443775 3.175940 6.254594
v -8.205345 3.027112 6.254594
v -8.489201 3.371237 7.161636
v -8.688771 0.729262 -0.490717
v -8.074167 0.707270 -0.490717
v -7.845901 1.238559 -0.490717
v -8.058913 1.764078 -0.490717
v -8.629466 1.722700 -0.490717
v -8.935631 1.263811 -0.490717
v -9.111226 0.906701 3.802447
v -8.680615 0.999663 3.802447
v -8.499783 1.367594 3.802447
v -8.737700 1.706821 3.802447
v -9.196989 1.737805 3.802447
v -9.374361 1.291462 3.802447
v -9.397711 1.194183 7.065253
v -9.187700 1.228873 7.065253
v -9.097051 1.432245 7.065253
v -9.240071 1.621828 7.065253
v -9.469490 1.567507 7.065253
v -9.515819 1.360175 7.065253
v -9.454334 1.412538 8.095612
v -6.856460 0.262649 -1.002944
v -6.588066 -0.012515 -1.002944
v -6.188604 0.129998 -1.002944
v -6.296840 0.541950 -1.002944
v -6.698844 0.643633 -1.002944
v -7.454201 0.268422 3.605989
v -7.194631 0.049080 3.605989
v -6.890790 0.229005 3.605989
v -7.013030 0.542186 3.605989
v -7.339356 0.592626 3.605989
v -7.790778 0.320556 7.108779
v -7.664259 0.239375 7.108779
v -7.544425 0.327692 7.108779
v -7.588964 0.478388 7.108779
v -7.759896 0.484656 7.108779
v -7.822143 0.371525 8.214923
v -6.676200 -0.904478 -0.155047
v -6.493910 -0.438915 -0.155047
v -6.873820 -0.108729 -0.155047
v -7.375296 -0.186263 -0.155047
v -7.461596 -0.684265 -0.155047
v -7.132398 -1.024178 -0.155047
v -7.093497 -0.829162 4.413211
v -6.996129 -0.456688 4.413211
v -7.317088 -0.257077 4.413211
v -7.637093 -0.381529 4.413211
v -7.703905 -0.721733 4.413211
v -7.434735 -0.962355 4.413211
v -7.501753 -0.727401 7.885087
v -7.479310 -0.537667 7.885087
v -7.639991 -0.431663 7.885087
v -7.822925 -0.505174 7.885087
v -7.808406 -0.693368 7.885087
v -7.669515 -0.792280 7.885087
v -7.744391 -0.628235 8.981469
v -7.005742 -1.479856 -0.621017
v -6.650430 -1.805940 -0.621017
v -6.231485 -1.523105 -0.621017
v -6.384987 -1.059455 -0.621017
v -6.868510 -1.023287 -0.621017
v -7.206993 -1.544723 3.373752
v -6.926759 -1.756541 3.373752
v -6.663776 -1.511106 3.373752
v -6.767694 -1.149097 3.373752
v -7.174145 -1.172756 3.373752
v -7.337466 -1.565080 6.409777
v -7.167174 -1.630865 6.409777
v -7.054886 -1.511598 6.409777
v -7.119481 -1.354205 6.409777
v -7.298884 -1.379627 6.409777
v -7.264869 -1.505680 7.368522
v -6.725849 -3.530446 -1.064108
v -6.627808 -2.879950 -1.064108
v -7.178186 -2.478882 -1.064108
v -7.618030 -2.986742 -1.064108
v -7.436310 -3.647257 -1.064108
v -7.258257 -3.602341 2.028739
v -7.228415 -3.091518 2.028739
v -7.689347 -2.851794 2.028739
v -8.063509 -3.254307 2.028739
v -7.758656 -3.678301 2.028739
v -7.761857 -3.606543 4.379303
v -7.777796 -3.336766 4.379303
v -8.023428 -3.235734 4.379303
v -8.186500 -3.456129 4.379303
v -8.024677 -3.661716 4.379303
v -8.069577 -3.510320 5.121586
v -6.135505 -2.356487 -0.942492
v -6.539204 -1.944966 -0.942492
v -7.090693 -2.163103 -0.942492
v -7.167933 -2.725129 -0.942492
v -6.763915 -3.175334 -0.942492
v -6.181765 -2.935301 -0.942492
v -7.542792 -2.834038 4.460161
v -7.964237 -2.632365 4.460161
v -8.421897 -2.764561 4.460161
v -8.388493 -3.245643 4.460161
v -8.025563 -3.499009 4.460161
v -7.648979 -3.286838 4.460161
v -8.798223 -3.314260 8.566177
v -9.020259 -3.210064 8.566177
v -9.218097 -3.331980 8.566177
v -9.196571 -3.551179 8.566177
v -9.014438 -3.659420 8.566177
v -8.800688 -3.565815 8.566177
v -9.340329 -3.567935 9.862813
v -6.137012 -3.188419 -0.717481
v -5.676548 -3.642865 -0.717481
v -5.085303 -3.335100 -0.717481
v -5.183360 -2.642793 -0.717481
v -5.866624 -2.608636 -0.717481
v -7.149642 -3.839398 3.997935
v -6.751912 -4.234642 3.997935
v -6.298513 -3.868877 3.997935
v -6.458212 -3.339777 3.997935
v -7.039706 -3.289158 3.997935
v -7.800084 -4.268852 7.581651
v -7.592311 -4.411144 7.581651
v -7.375576 -4.250621 7.581651
v -7.481410 -3.993797 7.581651
v -7.755988 -4.011830 7.581651
v -7.879504 -4.342221 8.713351
v -6.100792 -5.352909 -0.592301
v -5.727372 -5.124122 -0.592301
v -5.907626 -4.723287 -0.592301
v -6.355439 -4.678853 -0.592301
v -6.432178 -5.120411 -0.592301
v -6.742044 -5.842089 2.471969
v -6.464742 -5.618058 2.471969
v -6.629856 -5.287181 2.471969
v -6.971738 -5.354058 2.471969
v -7.014852 -5.670836 2.471969
v -7.255844 -6.130927 4.800814
v -7.143037 -5.992480 4.800814
v -7.225397 -5.834264 4.800814
v -7.405989 -5.872388 4.800814
v -7.409755 -6.047638 4.800814
v -7.449956 -6.109631 5.536239
v -4.715403 -3.764782 -1.027376
v -5.317688 -3.968968 -1.027376
v -5.486534 -4.602645 -1.027376
v -4.969575 -4.994393 -1.027376
v -4.375150 -4.808122 -1.027376
v -4.283903 -4.204426 -1.027376
v -5.833813 -4.864647 3.598276
v -6.244341 -5.065096 3.598276
v -6.294134 -5.516863 3.598276
v -5.924418 -5.827357 3.598276
v -5.465710 -5.617961 3.598276
v -5.442669 -5.126611 3.598276
v -6.659195 -5.767957 7.113772
v -6.890036 -5.902063 7.113772
v -6.877158 -6.158214 7.113772
v -6.664713 -6.306885 7.113772
v -6.447340 -6.163734 7.113772
v -6.446260 -5.915282 7.113772
v -6.909760 -6.261443 8.223928
v -3.542341 -7.004828 -0.561908
v -3.500266 -6.605265 -0.561908
v -3.772025 -6.357811 -0.561908
v -4.146047 -6.440637 -0.561908
v -4.258028 -6.836038 -0.561908
v -3.949799 -7.124040 -0.561908
v -3.800620 -7.276983 3.838713
v -3.803968 -6.967548 3.838713
v -4.032089 -6.803017 3.838713
v -4.308439 -6.897644 3.838713
v -4.332984 -7.194726 3.838713
v -4.098185 -7.360660 3.838713
v -4.107244 -7.431452 7.183185
v -4.096361 -7.289726 7.183185
v -4.219134 -7.193954 7.183185
v -4.349664 -7.280150 7.183185
v -4.354048 -7.426916 7.183185
v -4.230042 -7.511116 7.183185
v -4.275277 -7.446044 8.239334
v -3.403308 -7.555167 -0.406301
v -3.418356 -6.963022 -0.406301
v -3.888775 -6.598886 -0.406301
v -4.405937 -6.904924 -0.406301
v -4.479563 -7.504552 -0.406301
v -3.950552 -7.791633 -0.406301
v -3.588071 -7.712580 3.190341
v -3.633987 -7.195350 3.190341
v -4.090983 -6.944667 3.190341
v -4.441444 -7.284079 3.190341
v -4.499403 -7.764636 3.190341
v -4.029636 -7.996609 3.190341
v -3.961084 -7.752412 5.923790
v -4.000450 -7.540526 5.923790
v -4.197754 -7.446071 5.923790
v -4.368021 -7.589052 5.923790
v -4.327001 -7.796828 5.923790
v -4.129068 -7.927024 5.923790
v -4.199122 -7.731726 6.786984
v -2.273408 -7.197307 -0.334215
v -1.898865 -7.515365 -0.334215
v -1.494678 -7.254027 -0.334215
v -1.379455 -6.782251 -0.334215
v -1.811982 -6.540882 -0.334215
v -2.286756 -6.697451 -0.334215
v -2.365005 -7.831689 4.629615
v -2.009710 -7.957899 4.629615
v -1.694820 -7.797719 4.629615
v -1.709319 -7.434472 4.629615
v -2.025613 -7.203532 4.629615
v -2.312788 -7.458096 4.629615
v -2.299743 -8.206036 8.402127
v -2.120300 -8.290162 8.402127
v -1.981781 -8.161886 8.402127
v -1.993502 -7.983559 8.402127
v -2.161869 -7.894497 8.402127
v -2.312792 -8.014494 8.402127
v -2.180526 -8.239346 9.593446
v -0.989360 -8.016223 -0.935659
v -1.435439 -7.671158 -0.935659
v -1.959037 -7.943383 -0.935659
v -1.994663 -8.536834 -0.935659
v -1.486343 -8.782739 -0.935659
v -1.006230 -8.553244 -0.935659
v -1.313996 -9.011569 2.741759
v -1.658462 -8.826996 2.741759
v -2.005947 -9.039586 2.741759
v -2.022394 -9.483664 2.741759
v -1.606015 -9.642313 2.741759
v -1.254708 -9.411189 2.741759
v -1.594928 -9.822772 5.536597
v -1.790509 -9.767578 5.536597
v -1.955392 -9.879784 5.536597
v -1.908907 -10.072259 5.536597
v -1.733899 -10.147703 5.536597
v -1.576826 -10.029131 5.536597
v -1.803373 -10.186987 6.419177
v -0.589140 -7.106411 -0.626864
v -0.548068 -7.638000 -0.626864
v -0.094185 -7.912211 -0.626864
v 0.301544 -7.592062 -0.626864
v 0.336558 -7.098058 -0.626864
v -0.120815 -6.821247 -0.626864
v -0.505337 -8.042801 3.168544
v -0.445073 -8.452590 3.168544
v -0.066568 -8.593000 3.168544
v 0.273649 -8.362273 3.168544
v 0.195790 -7.957260 3.168544
v -0.174764 -7.792852 3.168544
v -0.317378 -8.773794 6.053055
v -0.285291 -8.976648 6.053055
v -0.088042 -9.017239 6.053055
v 0.063982 -8.894104 6.053055
v 0.021295 -8.695804 6.053055
v -0.174116 -8.628686 6.053055
v -0.131703 -9.032956 6.963953
v 0.916542 -7.102543 -0.587561
v 0.346254 -7.469837 -0.587561
v 0.493399 -8.134721 -0.587561
v 1.130360 -8.099830 -0.587561
v 1.421768 -7.550809 -0.587561
v 0.898498 -7.592451 2.547505
v 0.546025 -7.946447 2.547505
v 0.707801 -8.360132 2.547505
v 1.143438 -8.343044 2.547505
v 1.326977 -7.901201 2.547505
v 0.924931 -8.148424 4.930156
v 0.772469 -8.295968 4.930156
v 0.850910 -8.502421 4.930156
v 1.081438 -8.475262 4.930156
v 1.123183 -8.248527 4.930156
v 0.956840 -8.418230 5.682572
v 0.880669 -6.882126 -1.061794
v 1.304137 -7.373587 -1.061794
v 1.852668 -7.183843 -1.061794
v 1.950788 -6.560416 -1.061794
v 1.299091 -6.326169 -1.061794
v 1.185137 -7.549267 2.905872
v 1.508369 -7.924088 2.905872
v 1.938993 -7.712956 2.905872
v 1.880683 -7.269030 2.905872
v 1.439518 -7.129939 2.905872
v 1.508766 -8.015083 5.921298
v 1.672366 -8.194960 5.921298
v 1.876494 -8.066247 5.921298
v 1.837681 -7.841854 5.921298
v 1.601668 -7.790415 5.921298
v 1.734356 -8.129395 6.873538
v 2.465325 -6.154315 -0.662544
v 2.075290 -6.378964 -0.662544
v 2.147818 -6.794193 -0.662544
v 2.478794 -7.008200 -0.662544
v 2.864661 -6.818255 -0.662544
v 2.841714 -6.378843 -0.662544
v 2.956706 -7.687680 4.127402
v 2.666683 -7.859134 4.127402
v 2.758292 -8.177848 4.127402
v 3.038581 -8.335215 4.127402
v 3.282749 -8.118025 4.127402
v 3.232176 -7.818070 4.127402
v 3.360598 -8.903567 7.767760
v 3.251660 -9.013422 7.767760
v 3.286933 -9.155769 7.767760
v 3.428235 -9.221880 7.767760
v 3.558448 -9.113125 7.767760
v 3.516315 -8.949260 7.767760
v 3.519398 -9.395010 8.917347
v 3.530179 -6.686826 -0.163969
v 3.303772 -7.256128 -0.163969
v 3.708111 -7.680180 -0.163969
v 4.255860 -7.412525 -0.163969
v 4.122681 -6.832996 -0.163969
v 4.050343 -7.763551 4.406372
v 3.917853 -8.168687 4.406372
v 4.241067 -8.473500 4.406372
v 4.634028 -8.212565 4.406372
v 4.515499 -7.745734 4.406372
v 4.482219 -8.586145 7.879832
v 4.435378 -8.822491 7.879832
v 4.625813 -8.969779 7.879832
v 4.815240 -8.809898 7.879832
v 4.714180 -8.607005 7.879832
v 4.729884 -8.970007 8.976714
v 4.482112 -6.633748 -0.225672
v 4.425557 -6.292611 -0.225672
v 4.106069 -6.160983 -0.225672
v 3.839421 -6.380273 -0.225672
v 3.905801 -6.705687 -0.225672
v 4.213021 -6.878686 -0.225672
v 5.051437 -7.592982 4.383255
v 5.017732 -7.321585 4.383255
v 4.744877 -7.279236 4.383255
v 4.536866 -7.452968 4.383255
v 4.618529 -7.717712 4.383255
v 4.873355 -7.766248 4.383255
v 5.431505 -8.326864 7.886039
v 5.388683 -8.207452 7.886039
v 5.264656 -8.186016 7.886039
v 5.186833 -8.281818 7.886039
v 5.213043 -8.413598 7.886039
v 5.348105 -8.420778 7.886039
v 5.463240 -8.549061 8.992181
v 4.769001 -6.098286 -0.193595
v 5.254727 -6.374887 -0.193595
v 5.746271 -6.094553 -0.193595
v 5.764353 -5.509174 -0.193595
v 5.242723 -5.265144 -0.193595
v 4.742212 -5.529250 -0.193595
v 5.075522 -6.234771 2.928710
v 5.463164 -6.468134 2.928710
v 5.762318 -6.139682 2.928710
v 5.752101 -5.726371 2.928710
v 5.347630 -5.516514 2.928710
v 5.026574 -5.826198 2.928710
v 5.358725 -6.265622 5.301661
v 5.570734 -6.346879 5.301661
v 5.727165 -6.186119 5.301661
v 5.700574 -5.960916 5.301661
v 5.480394 -5.911108 5.301661
v 5.337909 -6.057477 5.301661
v 5.560921 -6.160305 6.051015
v 4.619000 -4.389793 -1.043813
v 5.031064 -4.644758 -1.043813
v 5.404644 -4.304923 -1.043813
v 5.184068 -3.853336 -1.043813
v 4.692484 -3.913916 -1.043813
v 5.888139 -5.392659 4.863579
v 6.240460 -5.553560 4.863579
v 6.469301 -5.251013 4.863579
v 6.295517 -4.909733 4.863579
v 5.927403 -5.022661 4.863579
v 6.950829 -6.069963 9.353197
v 7.110079 -6.133535 9.353197
v 7.199762 -5.988318 9.353197
v 7.114830 -5.827712 9.353197
v 6.925032 -5.888586 9.353197
v 7.346874 -6.229336 10.770972
v 5.335616 -2.930640 -0.793094
v 5.222530 -3.464793 -0.793094
v 5.640473 -3.838537 -0.793094
v 6.232427 -3.698173 -0.793094
v 6.335696 -3.071879 -0.793094
v 5.846634 -2.732489 -0.793094
v 6.059100 -3.415197 4.628632
v 6.086711 -3.878417 4.628632
v 6.432486 -4.181637 4.628632
v 6.866635 -3.965150 4.628632
v 6.905889 -3.483397 4.628632
v 6.499693 -3.278518 4.628632
v 6.809404 -3.890000 8.749143
v 6.827528 -4.121608 8.749143
v 7.021230 -4.224532 8.749143
v 7.199293 -4.110283 8.749143
v 7.226385 -3.886345 8.749143
v 7.017377 -3.811183 8.749143
v 7.193045 -4.107812 10.050357
v 8.045524 -2.815956 -0.764573
v 7.704200 -2.422477 -0.764573
v 7.183321 -2.559214 -0.764573
v 6.983185 -3.092855 -0.764573
v 7.435051 -3.400227 -0.764573
v 7.966654 -3.353308 -0.764573
v 8.683798 -3.069993 1.657644
v 8.342819 -2.849391 1.657644
v 7.940451 -2.944829 1.657644
v 7.894776 -3.371476 1.657644
v 8.214123 -3.653914 1.657644
v 8.597180 -3.478316 1.657644
v 9.009526 -3.351018 3.498529
v 8.845527 -3.252415 3.498529
v 8.648004 -3.311326 3.498529
v 8.627267 -3.535000 3.498529
v 8.814888 -3.660055 3.498529
v 8.984478 -3.540839 3.498529
v 9.004940 -3.504033 4.079861
v 6.509027 -2.384165 -0.726028
v 6.957839 -2.217615 -0.726028
v 7.014143 -1.700888 -0.726028
v 6.568167 -1.433485 -0.726028
v 6.091170 -1.642680 -0.726028
v 6.098937 -2.156004 -0.726028
v 8.280264 -2.838564 4.965784
v 8.592258 -2.620072 4.965784
v 8.565826 -2.254131 4.965784
v 8.242358 -2.047344 4.965784
v 7.874721 -2.250403 4.965784
v 7.899546 -2.682580 4.965784
v 9.599400 -3.041579 9.291561
v 9.766659 -2.918725 9.291561
v 9.740151 -2.709681 9.291561
v 9.548610 -2.657495 9.291561
v 9.373908 -2.756305 9.291561
v 9.426470 -2.950663 9.291561
v 9.986508 -2.961197 10.657596
v 7.526773 -1.899950 -0.930694
v 7.791255 -1.404533 -0.930694
v 7.548723 -0.869537 -0.930694
v 6.922020 -0.855436 -0.930694
v 6.702973 -1.405863 -0.930694
v 6.982287 -1.853407 -0.930694
v 8.358014 -1.946758 3.128775
v 8.503857 -1.520539 3.128775
v 8.259647 -1.155126 3.128775
v 7.805777 -1.196969 3.128775
v 7.637548 -1.617291 3.128775
v 7.879712 -2.023628 3.128775
v 8.875783 -1.873930 6.213972
v 8.922939 -1.650952 6.213972
v 8.794631 -1.462558 6.213972
v 8.581298 -1.537097 6.213972
v 8.505196 -1.733382 6.213972
v 8.637788 -1.922294 6.213972
v 8.917750 -1.730762 7.188245
v 7.537324 -0.339907 -0.923191
v 7.636326 -0.788595 -0.923191
v 8.102772 -0.881730 -0.923191
v 8.312174 -0.430675 -0.923191
v 7.945787 -0.132706 -0.923191
v 8.591657 -0.477085 3.027942
v 8.662576 -0.848995 3.027942
v 9.031411 -0.801742 3.027942
v 9.154339 -0.484950 3.027942
v 8.874820 -0.275030 3.027942
v 9.476008 -0.586690 6.030803
v 9.521711 -0.759056 6.030803
v 9.712273 -0.743720 6.030803
v 9.734240 -0.569698 6.030803
v 9.599408 -0.480736 6.030803
v 9.842179 -0.635131 6.979074
v 6.559086 0.151280 -0.547789
v 6.492779 -0.417653 -0.547789
v 6.905197 -0.718614 -0.547789
v 7.408247 -0.616699 -0.547789
v 7.517063 -0.087333 -0.547789
v 7.111878 0.243331 -0.547789
v 7.218282 -0.028687 4.985334
v 7.188463 -0.436972 4.985334
v 7.508234 -0.736381 4.985334
v 7.880064 -0.506393 4.985334
v 7.979723 -0.081757 4.985334
v 7.595892 0.123074 4.985334
v 7.800781 -0.183168 9.190507
v 7.798897 -0.384007 9.190507
v 7.969910 -0.499168 9.190507
v 8.140901 -0.387805 9.190507
v 8.144319 -0.192802 9.190507
v 7.977150 -0.097934 9.190507
v 8.105783 -0.291984 10.518456
v 7.761788 2.146294 -1.121274
v 8.347718 2.147808 -1.121274
v 8.439543 2.697032 -1.121274
v 8.018548 2.997628 -1.121274
v 7.570768 2.682622 -1.121274
v 9.086346 2.597612 3.169123
v 9.525764 2.675079 3.169123
v 9.623454 3.116979 3.169123
v 9.209582 3.332797 3.169123
v 8.916390 3.000757 3.169123
v 10.139449 3.086799 6.429824
v 10.348308 3.112444 6.429824
v 10.357511 3.330906 6.429824
v 10.163534 3.409900 6.429824
v 10.030961 3.252934 6.429824
v 10.499260 3.331944 7.459519
v 6.298503 1.925936 -0.452435
v 6.412626 1.517453 -0.452435
v 6.874001 1.487704 -0.452435
v 7.055829 1.877308 -0.452435
v 6.898011 2.245975 -0.452435
v 6.478721 2.286578 -0.452435
v 6.839476 2.029990 3.071355
v 7.027679 1.769496 3.071355
v 7.344664 1.773006 3.071355
v 7.488693 2.059796 3.071355
v 7.324970 2.343731 3.071355
v 6.982899 2.338060 3.071355
v 7.395433 2.133564 5.749435
v 7.495640 2.019506 5.749435
v 7.652747 2.021587 5.749435
v 7.715591 2.175251 5.749435
v 7.607240 2.287853 5.749435
v 7.455786 2.279028 5.749435
v 7.671880 2.188216 6.595145
v 5.897614 3.304726 -0.457918
v 6.158664 2.939888 -0.457918
v 6.565394 2.927520 -0.457918
v 6.827903 3.267949 -0.457918
v 6.619857 3.670443 -0.457918
v 6.182608 3.655505 -0.457918
v 6.939820 3.740952 4.245162
v 7.168325 3.473465 4.245162
v 7.512482 3.469403 4.245162
v 7.627752 3.789523 4.245162
v 7.449296 4.050528 4.245162
v 7.096232 4.085624 4.245162
v 7.837536 4.104493 7.819502
v 7.961952 3.979518 7.819502
v 8.123560 4.006143 7.819502
v 8.191067 4.159403 7.819502
v 8.085349 4.298125 7.819502
v 7.917086 4.262682 7.819502
v 8.245653 4.248592 8.948241
v 6.493123 3.599395 -0.711921
v 6.794672 4.161792 -0.711921
v 6.580473 4.732891 -0.711921
v 5.966406 4.761934 -0.711921
v 5.629980 4.276523 -0.711921
v 5.852414 3.716921 -0.711921
v 7.714024 4.725978 4.365090
v 7.938937 5.096925 4.365090
v 7.731733 5.509467 4.365090
v 7.248552 5.510652 4.365090
v 6.972900 5.085516 4.365090
v 7.265917 4.680185 4.365090
v 8.607159 5.567203 8.223619
v 8.697312 5.776264 8.223619
v 8.578462 5.984846 8.223619
v 8.328109 5.958900 8.223619
v 8.218044 5.730398 8.223619
v 8.381590 5.553519 8.223619
v 8.781821 5.964255 9.442102
v 5.746158 5.432374 -0.459444
v 5.361348 5.368759 -0.459444
v 5.283792 4.958826 -0.459444
v 5.670789 4.811895 -0.459444
v 5.952812 5.094777 -0.459444
v 6.654148 6.258219 4.301497
v 6.336766 6.200026 4.301497
v 6.345800 5.861723 4.301497
v 6.665199 5.727488 4.301497
v 6.836229 6.018883 4.301497
v 7.337913 6.815230 7.919811
v 7.192725 6.767054 7.919811
v 7.211726 6.614380 7.919811
v 7.352598 6.584315 7.919811
v 7.446853 6.704706 7.919811
v 7.539697 6.907386 9.062437
v 5.664472 5.391040 -0.362367
v 5.492661 5.967060 -0.362367
v 4.889476 5.842006 -0.362367
v 4.795462 5.291228 -0.362367
v 5.266936 5.042962 -0.362367
v 5.857074 5.724254 4.306006
v 5.644236 6.139212 4.306006
v 5.153629 6.046321 4.306006
v 5.152369 5.564195 4.306006
v 5.559194 5.410574 4.306006
v 5.864854 5.967574 7.853969
v 5.740143 6.147412 7.853969
v 5.543158 6.070835 7.853969
v 5.527225 5.859878 7.853969
v 5.737828 5.787334 7.853969
v 5.743626 6.035528 8.974378
v 5.233454 6.537838 -0.396474
v 4.893065 6.370514 -0.396474
v 4.807142 6.014196 -0.396474
v 5.103392 5.807440 -0.396474
v 5.426057 5.921743 -0.396474
v 5.532935 6.276975 -0.396474
v 5.419618 6.732305 3.784336
v 5.167825 6.578723 3.784336
v 5.123576 6.288248 3.784336
v 5.379318 6.124639 3.784336
v 5.625085 6.272680 3.784336
v 5.646508 6.545627 3.784336
v 5.575901 6.788235 6.961752
v 5.448849 6.709184 6.961752
v 5.450119 6.560150 6.961752
v 5.581143 6.486633 6.961752
v 5.716245 6.560937 6.961752
v 5.709028 6.715691 6.961752
v 5.635165 6.704681 7.965147
v 2.318396 6.067994 -0.471007
v 2.723450 5.867260 -0.471007
v 3.002002 6.185592 -0.471007
v 2.825511 6.544108 -0.471007
v 2.424143 6.490216 -0.471007
v 2.701173 6.682266 4.710634
v 2.990963 6.530404 4.710634
v 3.175333 6.804895 4.710634
v 3.024122 7.100849 4.710634
v 2.701564 6.993884 4.710634
v 2.986094 7.169398 8.648682
v 3.150263 7.124285 8.648682
v 3.249465 7.262810 8.648682
v 3.138898 7.382065 8.648682
v 2.981074 7.342177 8.648682
v 3.161775 7.397541 9.892275
v 2.374136 5.828664 -0.426466
v 2.861708 6.273831 -0.426466
v 2.507865 6.824370 -0.426466
v 1.931066 6.689089 -0.426466
v 1.824090 6.109918 -0.426466
v 2.708243 6.862180 4.408996
v 3.024407 7.226444 4.408996
v 2.735254 7.626841 4.408996
v 2.293335 7.471451 4.408996
v 2.208202 6.970960 4.408996
v 2.911507 7.721501 8.083947
v 3.036315 7.920995 8.083947
v 2.895386 8.126574 8.083947
v 2.643022 8.035359 8.083947
v 2.673120 7.774793 8.083947
v 2.914429 8.121906 9.244458
v 0.865291 8.301935 -0.283244
v 0.888416 7.700621 -0.283244
v 1.402510 7.500123 -0.283244
v 1.777451 7.921698 -0.283244
v 1.473986 8.425292 -0.283244
v 1.103957 9.256159 3.571040
v 1.153741 8.777542 3.571040
v 1.585090 8.689413 3.571040
v 1.858856 9.040806 3.571040
v 1.572681 9.434642 3.571040
v 1.417190 9.929493 6.500295
v 1.453935 9.705016 6.500295
v 1.684167 9.639262 6.500295
v 1.789514 9.860876 6.500295
v 1.624969 10.017125 6.500295
v 1.632561 10.091548 7.425323
v 1.320777 6.992910 -0.974938
v 1.024755 7.539699 -0.974938
v 0.446175 7.455445 -0.974938
v 0.255344 6.852765 -0.974938
v 0.846714 6.556983 -0.974938
v 1.270873 7.882150 2.716163
v 1.028650 8.295064 2.716163
v 0.529387 8.207452 2.716163
v 0.552753 7.721876 2.716163
v 0.972923 7.479943 2.716163
v 1.143950 8.536381 5.521400
v 0.996526 8.717010 5.521400
v 0.787921 8.644593 5.521400
v 0.771820 8.414597 5.521400
v 1.004735 8.332366 5.521400
v 0.959669 8.732069 6.407264
v -0.347985 7.335573 -0.689650
v -0.514895 7.844810 -0.689650
v -1.098729 7.887077 -0.689650
v -1.216877 7.312530 -0.689650
v -0.767995 6.975149 -0.689650
v -0.494757 8.500870 4.237910
v -0.707031 8.919570 4.237910
v -1.188766 8.885014 4.237910
v -1.284061 8.388549 4.237910
v -0.839931 8.164469 4.237910
v -0.800928 9.399800 7.982855
v -0.901074 9.602314 7.982855
v -1.107893 9.529953 7.982855
v -1.138210 9.326522 7.982855
v -0.944754 9.247129 7.982855
v -1.009771 9.684084 9.165469
v -1.233759 8.019703 -0.227772
v -1.089928 7.686603 -0.227772
v -0.727998 7.613041 -0.227772
v -0.491666 7.911895 -0.227772
v -0.603167 8.303706 -0.227772
v -1.025159 8.358481 -0.227772
v -1.253553 8.386280 3.112220
v -1.096099 8.081951 3.112220
v -0.754716 8.076495 3.112220
v -0.595787 8.363731 3.112220
v -0.742617 8.648446 3.112220
v -1.077547 8.682714 3.112220
v -1.093233 8.677429 5.650613
v -1.009188 8.564063 5.650613
v -0.858908 8.547627 5.650613
v -0.785254 8.692635 5.650613
v -0.877914 8.819787 5.650613
v -1.030155 8.813080 5.650613
v -0.957972 8.782533 6.452211
v -2.277351 7.074218 -0.270645
v -2.753681 6.847511 -0.270645
v -2.674803 6.319324 -0.270645
v -2.176560 6.287628 -0.270645
v -1.973695 6.693552 -0.270645
v -2.753926 8.160791 4.750490
v -3.048622 7.936075 4.750490
v -2.975090 7.580944 4.750490
v -2.585065 7.537416 4.750490
v -2.490338 7.903294 4.750490
v -3.097424 8.883979 8.566552
v -3.232560 8.775432 8.566552
v -3.188483 8.595632 8.566552
v -3.002888 8.616706 8.566552
v -2.941228 8.788398 8.566552
v -3.194622 9.020296 9.771625
v -3.500262 6.847741 -0.798338
v -3.153648 6.437425 -0.798338
v -2.671613 6.607721 -0.798338
v -2.658343 7.132181 -0.798338
v -3.166405 7.265641 -0.798338
v -3.934022 8.176135 4.378067
v -3.692473 7.862294 4.378067
v -3.287739 8.030350 4.378067
v -3.385905 8.441142 4.378067
v -3.782763 8.548455 4.378067
v -4.252617 9.212342 8.312134
v -4.097895 9.092234 8.312134
v -3.913134 9.174106 8.312134
v -3.976413 9.365980 8.312134
v -4.161641 9.387161 8.312134
v -4.225618 9.575222 9.554472
v -5.971112 5.509841 -0.384314
v -5.493439 5.400579 -0.384314
v -5.229908 5.822464 -0.384314
v -5.554297 6.235377 -0.384314
v -6.054428 6.021253 -0.384314
v -6.344671 5.973719 3.390941
v -5.958261 5.984216 3.390941
v -5.797256 6.299990 3.390941
v -6.059910 6.602256 3.390941
v -6.373259 6.362404 3.390941
v -6.545460 6.446834 6.260134
v -6.350934 6.453555 6.260134
v -6.280605 6.629915 6.260134
v -6.434953 6.730197 6.260134
v -6.587463 6.636832 6.260134
v -6.546124 6.692699 7.166195
v -7.735345 4.214499 -0.850920
v -7.823717 4.647442 -0.850920
v -8.259085 4.728434 -0.850920
v -8.555658 4.424703 -0.850920
v -8.466707 3.990216 -0.850920
v -8.027667 3.901113 -0.850920
v -8.700097 4.738352 2.075736
v -8.842778 5.010356 2.075736
v -9.143697 5.090321 2.075736
v -9.336966 4.828653 2.075736
v -9.240597 4.502453 2.075736
v -8.903512 4.493739 2.075736
v -9.523998 5.127395 4.299996
v -9.595998 5.273370 4.299996
v -9.762525 5.289223 4.299996
v -9.851457 5.146162 4.299996
v -9.781880 4.990178 4.299996
v -9.618557 5.003222 4.299996
v -9.895875 5.248111 5.002393
v -8.486717 3.994437 -0.786401
v -8.644384 3.750213 -0.786401
v -8.508368 3.508029 -0.786401
v -8.216820 3.438084 -0.786401
v -8.063362 3.708350 -0.786401
v -8.185902 3.983933 -0.786401
v -8.741434 4.040237 2.233703
v -8.851254 3.837223 2.233703
v -8.734594 3.627450 2.233703
v -8.507403 3.668335 2.233703
v -8.383749 3.855031 2.233703
v -8.509694 4.053676 2.233703
v -8.885872 4.025259 4.528982
v -8.929265 3.920921 4.528982
v -8.857896 3.839790 4.528982
v -8.746215 3.839736 4.528982
v -8.718939 3.946639 4.528982
v -8.774840 4.035188 4.528982
v -8.880248 3.962526 5.253807
v -7.411410 2.865455 -0.502663
v -7.291210 3.544896 -0.502663
v -7.959334 3.877483 -0.502663
v -8.466911 3.306330 -0.502663
v -8.044295 2.745229 -0.502663
v -8.477826 3.393931 3.427511
v -8.492926 3.926194 3.427511
v -9.010922 4.146441 3.427511
v -9.311334 3.661367 3.427511
v -9.007070 3.178409 3.427511
v -9.428066 3.863626 6.414443
v -9.479690 4.119522 6.414443
v -9.729679 4.214734 6.414443
v -9.836811 3.968483 6.414443
v -9.685268 3.758089 6.414443
v -9.879263 4.088492 7.357685
v -7.629025 1.953550 -0.967051
v -7.308740 2.066435 -0.967051
v -7.211641 2.408163 -0.967051
v -7.496816 2.620750 -0.967051
v -7.814251 2.509106 -0.967051
v -7.935062 2.162007 -0.967051
v -8.327606 2.252039 2.578049
v -8.064692 2.345677 2.578049
v -8.073018 2.622189 2.578049
v -8.281137 2.793443 2.578049
v -8.525382 2.667127 2.578049
v -8.597316 2.376654 2.578049
v -8.869791 2.547565 5.272324
v -8.755480 2.618118 5.272324
v -8.742146 2.757458 5.272324
v -8.869207 2.836534 5.272324
v -9.000088 2.760003 5.272324
v -8.987376 2.616534 5.272324
v -9.047730 2.738199 6.123148
v -9.107456 0.860681 -0.540323
v -9.569745 0.877092 -0.540323
v -9.848769 0.510939 -0.540323
v -9.633496 0.106258 -0.540323
v -9.178599 0.042576 -0.540323
v -8.947457 0.433874 -0.540323
v -9.488553 0.747904 1.755309
v -9.824422 0.797559 1.755309
v -9.941581 0.475879 1.755309
v -9.778065 0.216560 1.755309
v -9.450056 0.184622 1.755309
v -9.310583 0.491470 1.755309
v -9.758974 0.643186 3.499989
v -9.933076 0.640651 3.499989
v -9.983960 0.475905 3.499989
v -9.889925 0.346203 3.499989
v -9.733560 0.368101 3.499989
v -9.653083 0.511882 3.499989
v -9.885911 0.496228 4.050941
v -9.132382 -0.098501 -0.162414
v -8.768497 0.339653 -0.162414
v -8.933152 0.851260 -0.162414
v -9.474728 1.070211 -0.162414
v -9.870422 0.607730 -0.162414
v -9.676840 0.072310 -0.162414
v -9.752313 0.034793 3.570210
v -9.515400 0.445460 3.570210
v -9.683112 0.846467 3.570210
v -10.105142 0.881192 3.570210
v -10.368575 0.555826 3.570210
v -10.207683 0.159632 3.570210
v -10.344337 0.342755 6.407004
v -10.227565 0.516538 6.407004
v -10.310784 0.727421 6.407004
v -10.547646 0.734657 6.407004
v -10.656534 0.535874 6.407004
v -10.572211 0.318337 6.407004
v -10.595030 0.533930 7.302833
v -7.607471 -1.181094 -0.755184
v -7.239463 -1.531235 -0.755184
v -6.741149 -1.531949 -0.755184
v -6.554249 -1.042909 -0.755184
v -6.870496 -0.641587 -0.755184
v -7.358641 -0.726478 -0.755184
v -7.804854 -1.259705 3.454973
v -7.545242 -1.582690 3.454973
v -7.169123 -1.432446 3.454973
v -7.084358 -1.083038 3.454973
v -7.324293 -0.823311 3.454973
v -7.707543 -0.870538 3.454973
v -7.887759 -1.273250 6.654692
v -7.734258 -1.392314 6.654692
v -7.566572 -1.324584 6.654692
v -7.519172 -1.149442 6.654692
v -7.660896 -1.029557 6.654692
v -7.852845 -1.071907 6.654692
v -7.783490 -1.222804 7.665130
v -7.395566 -2.549126 -0.315508
v -6.996852 -2.458112 -0.315508
v -7.008176 -2.034162 -0.315508
v -7.394792 -1.927703 -0.315508
v -7.663632 -2.239420 -0.315508
v -7.886862 -2.645795 4.706775
v -7.607835 -2.538707 4.706775
v -7.638154 -2.227726 4.706775
v -7.952074 -2.149476 4.706775
v -8.111111 -2.436648 4.706775
v -8.265009 -2.663137 8.523711
v -8.125579 -2.591615 8.523711
v -8.154195 -2.432591 8.523711
v -8.316173 -2.412093 8.523711
v -8.376527 -2.558452 8.523711
v -8.379115 -2.573849 9.729059
v -8.761740 -3.329464 -0.543223
v -8.363404 -3.452775 -0.543223
v -8.096228 -3.079500 -0.543223
v -8.410742 -2.725793 -0.543223
v -8.790986 -2.933801 -0.543223
v -9.457890 -3.610107 3.310630
v -9.092506 -3.651195 3.310630
v -8.945289 -3.324392 3.310630
v -9.202484 -3.083153 3.310630
v -9.506919 -3.253931 3.310630
v -9.895840 -3.704350 6.239559
v -9.723199 -3.701824 6.239559
v -9.663204 -3.546803 6.239559
v -9.794658 -3.452903 6.239559
v -9.922439 -3.539052 6.239559
v -9.977315 -3.649417 7.164484
v -6.369046 -2.828633 -0.198052
v -6.849906 -2.460407 -0.198052
v -7.394325 -2.743000 -0.198052
v -7.253776 -3.378737 -0.198052
v -6.588016 -3.445688 -0.198052
v -7.449309 -3.222159 3.038496
v -7.879945 -2.961093 3.038496
v -8.260983 -3.257400 3.038496
v -8.090425 -3.699481 3.038496
v -7.573917 -3.751502 3.038496
v -8.424552 -3.605810 5.498273
v -8.635675 -3.474702 5.498273
v -8.794734 -3.653558 5.498273
v -8.708357 -3.863229 5.498273
v -8.482247 -3.831172 5.498273
v -8.845722 -3.791492 6.275044
v -7.061692 -4.976988 -1.128393
v -6.842390 -5.284347 -1.128393
v -6.479209 -5.152106 -1.128393
v -6.516839 -4.787322 -1.128393
v -6.863742 -4.650088 -1.128393
v -7.283867 -5.210619 1.712363
v -7.078706 -5.441697 1.712363
v -6.829121 -5.282739 1.712363
v -6.860145 -5.009149 1.712363
v -7.149778 -4.933502 1.712363
v -7.363742 -5.359527 3.871338
v -7.256401 -5.446638 3.871338
v -7.132041 -5.381594 3.871338
v -7.158152 -5.232276 3.871338
v -7.313119 -5.220350 3.871338
v -7.313727 -5.382552 4.553120
v -6.044046 -5.536102 -0.534042
v -6.258380 -5.943890 -0.534042
v -5.908063 -6.238147 -0.534042
v -5.467138 -6.208978 -0.534042
v -5.352803 -5.774269 -0.534042
v -5.611954 -5.396879 -0.534042
v -6.554422 -6.167601 3.525467
v -6.656566 -6.502669 3.525467
v -6.389400 -6.742240 3.525467
v -6.059944 -6.630138 3.525467
v -6.000577 -6.303220 3.525467
v -6.237128 -6.087293 3.525467
v -6.857172 -6.699927 6.610694
v -6.881165 -6.875926 6.610694
v -6.741540 -6.978680 6.610694
v -6.586466 -6.913706 6.610694
v -6.545120 -6.742188 6.610694
v -6.693335 -6.648187 6.610694
v -6.845830 -6.941202 7.584976
v -5.797147 -5.996999 -0.509259
v -6.104172 -5.995133 -0.509259
v -6.181276 -6.304295 -0.509259
v -5.995068 -6.555116 -0.509259
v -5.675448 -6.497561 -0.509259
v -5.619276 -6.200395 -0.509259
v -6.047374 -6.259421 2.196151
v -6.265977 -6.315690 2.196151
v -6.313071 -6.538711 2.196151
v -6.144932 -6.674606 2.196151
v -5.945855 -6.616548 2.196151
v -5.862615 -6.402909 2.196151
v -6.241658 -6.533396 4.252262
v -6.353798 -6.568015 4.252262
v -6.367559 -6.687272 4.252262
v -6.276238 -6.766632 4.252262
v -6.172563 -6.711831 4.252262
v -6.163735 -6.606709 4.252262
v -6.308679 -6.697736 4.901561
v -4.904271 -5.681519 -1.081932
v -4.633496 -6.163375 -1.081932
v -4.113311 -6.121071 -1.081932
v -3.798109 -5.704371 -1.081932
v -4.089471 -5.264497 -1.081932
v -4.613855 -5.211208 -1.081932
v -5.474361 -6.687878 3.699106
v -5.272512 -7.063646 3.699106
v -4.851745 -6.980017 3.699106
v -4.694433 -6.618009 3.699106
v -4.923658 -6.311448 3.699106
v -5.344487 -6.279412 3.699106
v -5.841922 -7.417546 7.332695
v -5.708622 -7.572163 7.332695
v -5.506572 -7.540578 7.332695
v -5.449038 -7.348913 7.332695
v -5.562745 -7.173341 7.332695
v -5.782770 -7.210355 7.332695
v -5.815059 -7.612451 8.480144
v -4.755855 -8.257427 -0.923460
v -4.404825 -8.102046 -0.923460
v -4.368448 -7.716101 -0.923460
v -4.752487 -7.626482 -0.923460
v -4.976662 -7.929441 -0.923460
v -4.982547 -8.662013 2.160821
v -4.692265 -8.536218 2.160821
v -4.735404 -8.220826 2.160821
v -5.046569 -8.154606 2.160821
v -5.211425 -8.436538 2.160821
v -5.157621 -8.886578 4.504875
v -5.038568 -8.812808 4.504875
v -5.051912 -8.663900 4.504875
v -5.208700 -8.651593 4.504875
v -5.281367 -8.793363 4.504875
v -5.211234 -8.879434 5.245102
v -2.398626 -6.587833 -0.665539
v -2.137457 -7.128637 -0.665539
v -1.563480 -7.038792 -0.665539
v -1.470662 -6.489641 -0.665539
v -1.956886 -6.159974 -0.665539
v -2.698448 -7.929730 3.430446
v -2.414936 -8.349841 3.430446
v -1.942320 -8.234663 3.430446
v -1.907544 -7.755217 3.430446
v -2.344856 -7.584036 3.430446
v -2.727724 -8.939285 6.543394
v -2.596958 -9.146857 6.543394
v -2.355052 -9.065473 6.543394
v -2.369027 -8.821757 6.543394
v -2.589256 -8.756947 6.543394
v -2.616722 -9.246147 7.526430
v -2.543618 -7.641259 -1.009391
v -2.570786 -7.962390 -1.009391
v -2.298595 -8.136088 -1.009391
v -1.978670 -8.016481 -1.009391
v -1.983879 -7.670931 -1.009391
v -2.257428 -7.480100 -1.009391
v -2.597735 -8.002303 1.721434
v -2.594023 -8.266931 1.721434
v -2.354431 -8.390535 1.721434
v -2.152660 -8.231909 1.721434
v -2.133259 -7.970994 1.721434
v -2.381280 -7.823640 1.721434
v -2.559685 -8.300404 3.796861
v -2.543227 -8.435664 3.796861
v -2.416832 -8.486568 3.796861
v -2.311263 -8.403296 3.796861
v -2.340395 -8.280017 3.796861
v -2.451077 -8.226503 3.796861
v -2.455782 -8.425194 4.452259
v -0.368212 -7.464519 -0.237259
v -0.817914 -7.207712 -0.237259
v -1.237007 -7.565595 -0.237259
v -1.106511 -8.067058 -0.237259
v -0.650238 -8.240863 -0.237259
v -0.240099 -7.943917 -0.237259
v -0.560188 -8.475733 3.366748
v -0.940319 -8.310630 3.366748
v -1.168016 -8.651430 3.366748
v -1.076370 -9.001389 3.366748
v -0.722326 -9.095569 3.366748
v -0.472659 -8.830989 3.366748
v -0.753363 -9.322110 6.105793
v -0.959069 -9.303605 6.105793
v -1.083363 -9.454958 6.105793
v -1.016361 -9.639016 6.105793
v -0.828330 -9.656831 6.105793
v -0.689886 -9.522139 6.105793
v -0.913027 -9.723629 6.970754
v -1.251960 -7.778413 -0.181222
v -0.856212 -8.047018 -0.181222
v -0.371207 -7.890461 -0.181222
v -0.324019 -7.354379 -0.181222
v -0.760150 -7.038568 -0.181222
v -1.223657 -7.283729 -0.181222
v -1.284783 -8.972931 4.895448
v -0.933523 -9.116564 4.895448
v -0.637167 -8.934327 4.895448
v -0.601268 -8.564485 4.895448
v -0.944569 -8.381669 4.895448
v -1.298293 -8.565761 4.895448
v -1.207164 -9.792946 8.753718
v -1.016251 -9.865077 8.753718
v -0.845606 -9.755830 8.753718
v -0.896651 -9.570221 8.753718
v -1.053334 -9.490320 8.753718
v -1.199604 -9.595630 8.753718
v -1.066129 -9.955238 9.972118
v -0.396006 -7.306203 -0.488616
v -0.089611 -7.787795 -0.488616
v 0.433016 -7.882654 -0.488616
v 0.777840 -7.444229 -0.488616
v 0.545851 -6.935452 -0.488616
v 0.013979 -6.909368 -0.488616
v -0.200811 -7.891115 3.006466
v -0.011731 -8.307647 3.006466
v 0.431547 -8.247418 3.006466
v 0.675059 -7.897287 3.006466
v 0.430358 -7.554236 3.006466
v 0.002604 -7.492226 3.006466
v 0.008177 -8.304292 5.662728
v 0.143869 -8.491786 5.662728
v 0.369242 -8.471719 5.662728
v 0.464037 -8.269326 5.662728
v 0.333795 -8.095625 5.662728
v 0.126791 -8.117445 5.662728
v 0.245991 -8.410172 6.501547
v 0.255821 -7.310075 -0.413387
v 0.852149 -7.301970 -0.413387
v 1.114970 -6.802218 -0.413387
v 0.685215 -6.354152 -0.413387
v 0.184714 -6.705622 -0.413387
v 0.508126 -8.347643 3.749283
v 0.975831 -8.385063 3.749283
v 1.107110 -7.921076 3.749283
v 0.727824 -7.675146 3.749283
v 0.366037 -7.927139 3.749283
v 0.713413 -9.065162 6.912913
v 0.950096 -9.077458 6.912913
v 1.004669 -8.827865 6.912913
v 0.788690 -8.700254 6.912913
v 0.629428 -8.869828 6.912913
v 0.831283 -9.184989 7.911954
v 2.017275 -8.548556 -0.783754
v 2.491882 -8.270973 -0.783754
v 2.487268 -7.747615 -0.783754
v 2.057459 -7.419981 -0.783754
v 1.609972 -7.719055 -0.783754
v 1.563341 -8.238065 -0.783754
v 2.377393 -9.574632 3.734345
v 2.741460 -9.402939 3.734345
v 2.671550 -8.995823 3.734345
v 2.323998 -8.858366 3.734345
v 1.988633 -9.040034 3.734345
v 1.999768 -9.453452 3.734345
v 2.615444 -10.316128 7.168101
v 2.781734 -10.221713 7.168101
v 2.738831 -10.025922 7.168101
v 2.561723 -9.978972 7.168101
v 2.390171 -10.071823 7.168101
v 2.424098 -10.281272 7.168101
v 2.663804 -10.442514 8.252445
v 3.279339 -7.000104 -1.073536
v 2.908400 -7.217530 -1.073536
v 2.897997 -7.627702 -1.073536
v 3.238988 -7.832376 -1.073536
v 3.557076 -7.635185 -1.073536
v 3.652361 -7.239607 -1.073536
v 3.754085 -8.336192 3.325934
v 3.487330 -8.473997 3.325934
v 3.528983 -8.775955 3.325934
v 3.790001 -8.918944 3.325934
v 4.032867 -8.745674 3.325934
v 4.007112 -8.459168 3.325934
v 4.138472 -9.349379 6.669531
v 4.008828 -9.446088 6.669531
v 4.041061 -9.601945 6.669531
v 4.184655 -9.665308 6.669531
v 4.295016 -9.559880 6.669531
v 4.270984 -9.420254 6.669531
v 4.284700 -9.788272 7.725404
v 4.503092 -7.449813 -1.132341
v 4.241521 -7.892217 -1.132341
v 4.579153 -8.281784 -1.132341
v 5.081294 -8.264781 -1.132341
v 5.298296 -7.793162 -1.132341
v 4.980757 -7.406429 -1.132341
v 4.675266 -7.809366 1.423937
v 4.541341 -8.201203 1.423937
v 4.827821 -8.482678 1.423937
v 5.186104 -8.383578 1.423937
v 5.344640 -8.035471 1.423937
v 5.079170 -7.724561 1.423937
v 4.950115 -8.206120 3.366708
v 4.903257 -8.377626 3.366708
v 5.031278 -8.514723 3.366708
v 5.211238 -8.454373 3.366708
v 5.245560 -8.276573 3.366708
v 5.120794 -8.143364 3.366708
v 5.116972 -8.392541 3.980214
v 5.774685 -6.456772 -1.106853
v 5.414045 -6.520442 -1.106853
v 5.409727 -6.876350 -1.106853
v 5.714690 -7.011653 -1.106853
v 6.003705 -6.767903 -1.106853
v 6.310970 -7.228165 2.743900
v 6.051821 -7.300975 2.743900
v 6.037479 -7.593065 2.743900
v 6.322701 -7.666800 2.743900
v 6.480438 -7.435441 2.743900
v 6.718730 -7.868029 5.670473
v 6.597009 -7.915930 5.670473
v 6.613220 -8.046288 5.670473
v 6.738589 -8.073817 5.670473
v 6.823442 -7.961587 5.670473
v 6.837227 -8.143005 6.594654
v 6.165396 -6.931619 -0.467342
v 6.482663 -6.497711 -0.467342
v 6.251601 -6.035370 -0.467342
v 5.745284 -6.164141 -0.467342
v 5.687454 -6.669663 -0.467342
v 6.803508 -7.465995 2.178210
v 7.029336 -7.116001 2.178210
v 6.796914 -6.780980 2.178210
v 6.435923 -6.934544 2.178210
v 6.427921 -7.307999 2.178210
v 7.231336 -7.782332 4.188829
v 7.318510 -7.608374 4.188829
v 7.198783 -7.468553 4.188829
v 7.026672 -7.539698 4.188829
v 7.037783 -7.730907 4.188829
v 7.313128 -7.781288 4.823762
v 6.229455 -5.598417 -1.128783
v 6.701146 -5.201588 -1.128783
v 6.541705 -4.590103 -1.128783
v 5.947384 -4.441166 -1.128783
v 5.475390 -4.843113 -1.128783
v 5.634705 -5.456800 -1.128783
v 7.044959 -6.112835 3.209613
v 7.339992 -5.761239 3.209613
v 7.208591 -5.299434 3.209613
v 6.717253 -5.212513 3.209613
v 6.452476 -5.604759 3.209613
v 6.607990 -6.015224 3.209613
v 7.582898 -6.372402 6.506793
v 7.697311 -6.200778 6.506793
v 7.631631 -5.988887 6.506793
v 7.412768 -6.004051 6.506793
v 7.276810 -6.162441 6.506793
v 7.379986 -6.345495 6.506793
v 7.686844 -6.340491 7.548008
v 6.683848 -5.124053 -0.331813
v 6.931981 -5.377697 -0.331813
v 7.257409 -5.226395 -0.331813
v 7.357404 -4.874106 -0.331813
v 7.054204 -4.658193 -0.331813
v 6.702811 -4.766925 -0.331813
v 7.275531 -5.546870 2.391515
v 7.537486 -5.660141 2.391515
v 7.795724 -5.568154 2.391515
v 7.811181 -5.277914 2.391515
v 7.568004 -5.136947 2.391515
v 7.291635 -5.236547 2.391515
v 7.844996 -5.791454 4.461243
v 7.979736 -5.861847 4.461243
v 8.109824 -5.784223 4.461243
v 8.108476 -5.630299 4.461243
v 7.972411 -5.572807 4.461243
v 7.865326 -5.651204 4.461243
v 8.109731 -5.807191 5.114842
v 7.129861 -3.316236 -0.223560
v 7.069172 -2.621990 -0.223560
v 6.400263 -2.503888 -0.223560
v 5.965445 -3.078674 -0.223560
v 6.497760 -3.574354 -0.223560
v 7.379521 -3.359430 4.452775
v 7.295658 -2.829341 4.452775
v 6.744699 -2.769422 4.452775
v 6.475668 -3.282788 4.452775
v 6.918589 -3.721203 4.452775
v 7.486280 -3.385722 8.006789
v 7.410931 -3.090323 8.006789
v 7.128798 -3.127174 8.006789
v 7.040188 -3.363569 8.006789
v 7.242409 -3.549179 8.006789
v 7.334262 -3.340623 9.129110
v 9.037412 -2.601349 -0.873586
v 9.405147 -2.189033 -0.873586
v 9.188751 -1.647429 -0.873586
v 8.581750 -1.762743 -0.873586
v 8.547985 -2.339450 -0.873586
v 9.306185 -2.551763 1.842709
v 9.597474 -2.195404 1.842709
v 9.324235 -1.836116 1.842709
v 8.890459 -1.942767 1.842709
v 8.865854 -2.408821 1.842709
v 9.444341 -2.381328 3.907094
v 9.565644 -2.217424 3.907094
v 9.432579 -2.050337 3.907094
v 9.233651 -2.128151 3.907094
v 9.251240 -2.334968 3.907094
v 9.443866 -2.240655 4.559005
v 7.236562 -0.394412 -0.378588
v 7.046211 -0.811062 -0.378588
v 7.315851 -1.190813 -0.378588
v 7.813661 -1.181936 -0.378588
v 8.034107 -0.703148 -0.378588
v 7.710099 -0.295493 -0.378588
v 7.923287 -0.552432 3.506395
v 7.783762 -0.916519 3.506395
v 8.061799 -1.195533 3.506395
v 8.421982 -1.095965 3.506395
v 8.572831 -0.741058 3.506395
v 8.298685 -0.442553 3.506395
v 8.557829 -0.761038 6.458981
v 8.503603 -0.938288 6.458981
v 8.642425 -1.082479 6.458981
v 8.832964 -1.014690 6.458981
v 8.865980 -0.825236 6.458981
v 8.724771 -0.716292 6.458981
v 8.849036 -0.897184 7.391377
v 7.069534 -0.212295 -0.596444
v 7.129339 -0.629027 -0.596444
v 7.567699 -0.664740 -0.596444
v 7.748822 -0.262630 -0.596444
v 7.409849 -0.012398 -0.596444
v 8.235507 -0.308856 4.715663
v 8.377349 -0.620298 4.715663
v 8.693124 -0.613906 4.715663
v 8.805443 -0.305867 4.715663
v 8.527349 -0.119041 4.715663
v 9.282542 -0.413459 8.752865
v 9.344488 -0.550744 8.752865
v 9.502343 -0.545895 8.752865
v 9.532141 -0.386494 8.752865
v 9.396289 -0.318501 8.752865
v 9.685408 -0.453810 10.027771
v 8.454357 1.561692 -1.099340
v 8.371387 1.171461 -1.099340
v 8.721380 0.981854 -1.099340
v 8.966871 1.257480 -1.099340
v 8.844763 1.603516 -1.099340
v 9.408930 1.628297 2.414086
v 9.408347 1.334354 2.414086
v 9.659166 1.235435 2.414086
v 9.856847 1.432844 2.414086
v 9.706568 1.685217 2.414086
v 10.208424 1.637454 5.084290
v 10.209102 1.486653 5.084290
v 10.352893 1.435311 5.084290
v 10.436999 1.560700 5.084290
v 10.350065 1.675166 5.084290
v 10.534827 1.594839 5.927512
v 7.057149 0.889858 -0.521793
v 7.161033 1.386399 -0.521793
v 6.807874 1.705824 -0.521793
v 6.315709 1.633598 -0.521793
v 6.231636 1.138910 -0.521793
v 6.565531 0.806957 -0.521793
v 7.965343 1.204396 3.876868
v 8.000581 1.574554 3.876868
v 7.720066 1.793116 3.876868
v 7.377685 1.676652 3.876868
v 7.325826 1.312647 3.876868
v 7.602001 1.029248 3.876868
v 8.570386 1.476646 7.219851
v 8.572322 1.664174 7.219851
v 8.422518 1.766306 7.219851
v 8.248277 1.693880 7.219851
v 8.236170 1.500195 7.219851
v 8.396274 1.390640 7.219851
v 8.644674 1.629172 8.275530
v 8.161651 1.597562 -0.315856
v 8.033606 2.036654 -0.315856
v 7.563953 2.027251 -0.315856
v 7.445181 1.587025 -0.315856
v 7.807057 1.377226 -0.315856
v 8.640812 1.782678 3.872978
v 8.494996 2.052812 3.872978
v 8.170148 2.051936 3.872978
v 8.091648 1.701478 3.872978
v 8.405498 1.583533 3.872978
v 8.956044 1.913409 7.056493
v 8.861688 2.047209 7.056493
v 8.711227 2.017346 7.056493
v 8.696963 1.864761 7.056493
v 8.838684 1.787733 7.056493
v 8.946129 1.959184 8.061813
v 6.291124 2.950730 -0.918298
v 6.890452 2.885557 -0.918298
v 7.194336 3.364844 -0.918298
v 6.992731 3.864045 -0.918298
v 6.435984 3.984445 -0.918298
v 6.026583 3.519232 -0.918298
v 7.162542 3.424577 3.254386
v 7.631061 3.391417 3.254386
v 7.879629 3.804005 3.254386
v 7.650839 4.229935 3.254386
v 7.171576 4.228215 3.254386
v 6.872496 3.825609 3.254386
v 7.845830 3.877080 6.425625
v 8.084297 3.912093 6.425625
v 8.212505 4.118391 6.425625
v 8.052295 4.292293 6.425625
v 7.820681 4.309452 6.425625
v 7.750957 4.089668 6.425625
v 8.134502 4.193569 7.427069
v 6.259211 3.938089 -0.159036
v 5.916435 4.388340 -0.159036
v 5.420677 4.190848 -0.159036
v 5.380425 3.652988 -0.159036
v 5.908750 3.514423 -0.159036
v 6.748113 4.393613 4.457978
v 6.454920 4.723102 4.457978
v 6.101353 4.509910 4.457978
v 6.084273 4.083532 4.457978
v 6.513227 4.055538 4.457978
v 7.015753 4.702143 7.966909
v 6.863131 4.853856 7.966909
v 6.690496 4.737128 7.966909
v 6.708827 4.525136 7.966909
v 6.925735 4.515541 7.966909
v 6.986780 4.767158 9.074992
v 7.024511 4.780549 -0.384433
v 7.108195 5.323830 -0.384433
v 6.622307 5.559037 -0.384433
v 6.111195 5.384702 -0.384433
v 6.080134 4.810908 -0.384433
v 6.564115 4.603340 -0.384433
v 7.199492 5.067412 2.399196
v 7.179867 5.475523 2.399196
v 6.818079 5.623525 2.399196
v 6.509089 5.421956 2.399196
v 6.533202 5.058486 2.399196
v 6.856567 4.841638 2.399196
v 7.213578 5.317367 4.514755
v 7.187714 5.524331 4.514755
v 6.993912 5.604318 4.514755
v 6.861480 5.462434 4.514755
v 6.858862 5.271007 4.514755
v 7.044806 5.223296 4.514755
v 7.080230 5.441428 5.182826
v 5.745843 5.011710 -0.568212
v 6.173922 4.926669 -0.568212
v 6.447392 5.267835 -0.568212
v 6.317599 5.696008 -0.568212
v 5.885674 5.713493 -0.568212
v 5.555654 5.423148 -0.568212
v 6.809176 5.930293 3.241833
v 7.156489 5.857339 3.241833
v 7.340737 6.176171 3.241833
v 7.180484 6.489633 3.241833
v 6.830183 6.514030 3.241833
v 6.670535 6.218073 3.241833
v 7.645367 6.711983 6.137467
v 7.805221 6.709593 6.137467
v 7.868371 6.852211 6.137467
v 7.809348 7.010419 6.137467
v 7.628165 7.001804 6.137467
v 7.536603 6.845189 6.137467
v 7.952371 7.054602 7.051877
v 4.545063 6.119325 -0.421731
v 4.067627 6.360190 -0.421731
v 3.643484 6.105259 -0.421731
v 3.660338 5.640055 -0.421731
v 4.039982 5.341725 -0.421731
v 4.470817 5.597178 -0.421731
v 4.758935 6.617260 3.405933
v 4.384783 6.810748 3.405933
v 4.058343 6.553156 3.405933
v 4.126475 6.178545 3.405933
v 4.449256 6.034458 3.405933
v 4.781104 6.212244 3.405933
v 4.858494 6.916309 6.314957
v 4.664172 6.991211 6.314957
v 4.515856 6.852864 6.314957
v 4.534781 6.649103 6.314957
v 4.727961 6.611559 6.314957
v 4.859905 6.724487 6.314957
v 4.786851 6.911566 7.233596
v 4.669717 7.994225 -0.601191
v 4.248941 8.183742 -0.601191
v 3.984990 7.832043 -0.601191
v 4.178821 7.444877 -0.601191
v 4.620151 7.542204 -0.601191
v 4.926243 8.616842 1.975482
v 4.600027 8.715164 1.975482
v 4.411368 8.439520 1.975482
v 4.605958 8.167774 1.975482
v 4.935224 8.269911 1.975482
v 5.075826 9.031238 3.933754
v 4.906025 9.067727 3.933754
v 4.817625 8.919008 3.933754
v 4.936509 8.807878 3.933754
v 5.090407 8.858492 3.933754
v 5.050465 9.087779 4.552155
v 4.284056 5.876819 -1.076063
v 4.269236 6.543465 -1.076063
v 3.618311 6.673001 -1.076063
v 3.191221 6.127245 -1.076063
v 3.691087 5.659745 -1.076063
v 4.854639 7.071984 3.871376
v 4.823997 7.597758 3.871376
v 4.301795 7.599898 3.871376
v 4.094617 7.179213 3.871376
v 4.425896 6.794740 3.871376
v 5.191847 7.995602 7.631430
v 5.131990 8.236238 7.631430
v 4.881236 8.250230 7.631430
v 4.767825 8.009573 7.631430
v 4.985101 7.843762 7.631430
v 5.157966 8.329953 8.818815
v 3.117212 7.215893 -0.581726
v 3.167962 7.759103 -0.581726
v 2.746766 8.082655 -0.581726
v 2.230197 7.901674 -0.581726
v 2.191749 7.358904 -0.581726
v 2.605508 7.039098 -0.581726
v 3.079912 7.633687 1.946844
v 3.138228 8.023907 1.946844
v 2.780242 8.250492 1.946844
v 2.418922 8.037257 1.946844
v 2.433561 7.639811 1.946844
v 2.759914 7.422427 1.946844
v 3.025833 7.932559 3.868558
v 2.994985 8.126347 3.868558
v 2.829508 8.223895 3.868558
v 2.658796 8.116489 3.868558
v 2.664667 7.908678 3.868558
v 2.853384 7.820063 3.868558
v 2.863848 8.088837 4.475415
v 2.470584 6.471755 -0.921976
v 2.541055 6.861615 -0.921976
v 2.206930 7.103499 -0.921976
v 1.917385 6.805458 -0.921976
v 2.076081 6.453913 -0.921976
v 2.696230 7.241318 3.585298
v 2.696960 7.565940 3.585298
v 2.420154 7.719307 3.585298
v 2.226435 7.469183 3.585298
v 2.371301 7.207208 3.585298
v 2.764366 7.896678 7.010827
v 2.761937 8.051759 7.010827
v 2.614820 8.121642 7.010827
v 2.522212 7.983385 7.010827
v 2.607853 7.842646 7.010827
v 2.713243 8.149703 8.092573
v 1.661138 8.494364 -0.285329
v 1.470230 9.001894 -0.285329
v 0.918679 9.045489 -0.285329
v 0.613512 8.601675 -0.285329
v 0.793032 8.064611 -0.285329
v 1.360839 8.059404 -0.285329
v 1.641328 9.234845 2.073627
v 1.450478 9.614669 2.073627
v 1.033214 9.571999 2.073627
v 0.847588 9.228555 2.073627
v 1.006306 8.831067 2.073627
v 1.465612 8.836583 2.073627
v 1.530535 9.772404 3.866434
v 1.389489 9.939479 3.866434
v 1.179080 9.926612 3.866434
v 1.094907 9.732422 3.866434
v 1.215030 9.561155 3.866434
v 1.415829 9.591543 3.866434
v 1.324741 9.915679 4.432583
v 0.015088 7.824078 -0.490790
v 0.511189 7.893082 -0.490790
v 0.683392 8.355754 -0.490790
v 0.384255 8.738212 -0.490790
v -0.102825 8.678730 -0.490790
v -0.258613 8.223213 -0.490790
v 0.119493 9.050997 3.703819
v 0.523484 9.147464 3.703819
v 0.595992 9.540439 3.703819
v 0.339828 9.835470 3.703819
v -0.019724 9.703886 3.703819
v -0.112280 9.359751 3.703819
v 0.219145 10.155968 6.891721
v 0.379048 10.218480 6.891721
v 0.428042 10.389108 6.891721
v 0.288339 10.515336 6.891721
v 0.116716 10.445708 6.891721
v 0.077805 10.267817 6.891721
v 0.259113 10.606457 7.898427
v -1.767760 8.899547 -1.059760
v -1.411565 8.796812 -1.059760
v -1.174921 9.095508 -1.059760
v -1.300370 9.444272 -1.059760
v -1.682733 9.568150 -1.059760
v -1.964353 9.243682 -1.059760
v -1.767064 9.379616 1.520806
v -1.481338 9.326012 1.520806
v -1.297388 9.579038 1.520806
v -1.453336 9.839040 1.520806
v -1.740902 9.866021 1.520806
v -1.896803 9.624404 1.520806
v -1.740385 9.813378 3.482036
v -1.587608 9.795522 3.482036
v -1.540583 9.937629 3.482036
v -1.594008 10.071696 3.482036
v -1.747681 10.067686 3.482036
v -1.824281 9.935342 3.482036
v -1.688280 10.041911 4.101372
v -2.620783 6.828141 -1.142511
v -2.145571 6.791090 -1.142511
v -1.856351 7.181849 -1.142511
v -2.118933 7.557161 -1.142511
v -2.560960 7.663661 -1.142511
v -2.772845 7.254673 -1.142511
v -2.976823 8.407887 3.329141
v -2.631141 8.369718 3.329141
v -2.453560 8.697921 3.329141
v -2.673065 8.973431 3.329141
v -3.032076 9.017386 3.329141
v -3.175573 8.675743 3.329141
v -3.259324 9.639550 6.727597
v -3.092199 9.668611 6.727597
v -3.019964 9.819592 6.727597
v -3.124593 9.950143 6.727597
v -3.296744 9.944541 6.727597
v -3.348836 9.781835 6.727597
v -3.304140 10.151791 7.800793
v -3.623511 8.206193 -1.050437
v -3.985206 8.622086 -1.050437
v -4.518349 8.458195 -1.050437
v -4.708258 7.921212 -1.050437
v -4.284295 7.527311 -1.050437
v -3.725723 7.657780 -1.050437
v -3.774711 8.387900 0.956622
v -4.140572 8.669489 0.956622
v -4.524283 8.473021 0.956622
v -4.644663 8.053566 0.956622
v -4.289326 7.727908 0.956622
v -3.832276 7.913093 0.956622
v -4.085564 8.421635 2.481987
v -4.252531 8.562384 2.481987
v -4.466515 8.466677 2.481987
v -4.465531 8.237851 2.481987
v -4.284663 8.123542 2.481987
v -4.071684 8.198475 2.481987
v -4.287586 8.368345 2.963682
v -3.768615 8.421115 -0.936376
v -4.207179 8.598996 -0.936376
v -4.526157 8.253062 -0.936376
v -4.272074 7.870794 -0.936376
v -3.857565 7.978441 -0.936376
v -4.390598 9.454063 2.848374
v -4.737453 9.524425 2.848374
v -4.957887 9.257942 2.848374
v -4.743445 8.956799 2.848374
v -4.439797 9.114037 2.848374
v -4.937114 10.156854 5.724784
v -5.104617 10.187836 5.724784
v -5.189097 10.044892 5.724784
v -5.081820 9.907526 5.724784
v -4.923264 9.984748 5.724784
v -5.174628 10.310020 6.633124
v -4.435488 7.407389 -0.325731
v -4.931553 7.019167 -0.325731
v -4.664051 6.436273 -0.325731
v -4.069174 6.528229 -0.325731
v -3.967635 7.075417 -0.325731
v -4.881886 7.946486 3.682124
v -5.201649 7.585672 3.682124
v -4.965422 7.176763 3.682124
v -4.508748 7.272084 3.682124
v -4.454984 7.733700 3.682124
v -5.169466 8.229096 6.728094
v -5.293243 8.034494 6.728094
v -5.175696 7.849615 6.728094
v -4.949889 7.903732 6.728094
v -4.946367 8.140915 6.728094
v -5.209633 8.183394 7.689979
v -5.966183 6.909001 -0.471876
v -5.823621 6.563838 -0.471876
v -5.451454 6.463589 -0.471876
v -5.232593 6.780136 -0.471876
v -5.354741 7.123359 -0.471876
v -5.732667 7.234670 -0.471876
v -6.632359 7.744270 3.550592
v -6.481574 7.464771 3.550592
v -6.157243 7.416633 3.550592
v -6.015248 7.704789 3.550592
v -6.152744 7.958567 3.550592
v -6.462725 8.033660 3.550592
v -6.996192 8.390176 6.607667
v -6.933779 8.251847 6.607667
v -6.777172 8.262439 6.607667
v -6.705471 8.395907 6.607667
v -6.784855 8.521950 6.607667
v -6.927082 8.510659 6.607667
v -7.028650 8.604311 7.573059
v 8.815956 4.104187 -1.144067
v 8.730021 3.665853 -1.144067
v 9.142504 3.479915 -1.144067
v 9.471650 3.793772 -1.144067
v 9.253164 4.206957 -1.144067
v 9.089543 4.324505 0.742055
v 9.078953 4.005809 0.742055
v 9.381092 3.891192 0.742055
v 9.579936 4.149557 0.742055
v 9.406032 4.442563 0.742055
v 9.341639 4.479414 2.175508
v 9.351373 4.292752 2.175508
v 9.525835 4.259993 2.175508
v 9.608492 4.399647 2.175508
v 9.510318 4.524359 2.175508
v 9.529090 4.466738 2.628177
v 10.109646 0.011780 -0.727877
v 9.974759 0.352649 -0.727877
v 9.634465 0.272950 -0.727877
v 9.554623 -0.042663 -0.727877
v 9.843723 -0.197334 -0.727877
v 10.711890 0.056272 0.536146
v 10.579025 0.306756 0.536146
v 10.301885 0.236546 0.536146
v 10.288017 -0.033656 0.536146
v 10.525122 -0.127415 0.536146
v 11.094710 0.081313 1.496804
v 11.023303 0.195286 1.496804
v 10.905541 0.142240 1.496804
v 10.892272 0.017293 1.496804
v 11.019876 -0.029521 1.496804
v 11.144666 0.084029 1.800170
v -9.209810 3.101454 -0.400494
v -9.595080 2.951496 -0.400494
v -9.613652 2.529989 -0.400494
v -9.206948 2.444317 -0.400494
v -8.991113 2.762126 -0.400494
v -10.044983 3.153252 0.650014
v -10.340359 3.027257 0.650014
v -10.307135 2.691009 0.650014
v -9.972992 2.638436 0.650014
v -9.833164 2.926607 0.650014
v -10.670726 3.144101 1.448400
v -10.806356 3.050013 1.448400
v -10.778679 2.892861 1.448400
v -10.615299 2.875703 1.448400
v -10.546237 3.026899 1.448400
v -10.872667 3.029615 1.700521
v -3.543161 10.277029 -1.144172
v -3.723055 10.676243 -1.144172
v -4.170480 10.613965 -1.144172
v -4.253331 10.162815 -1.144172
v -3.853992 10.022163 -1.144172
v -3.808898 11.136564 -0.298347
v -3.979422 11.409668 -0.298347
v -4.305339 11.337128 -0.298347
v -4.337071 10.987555 -0.298347
v -4.008124 10.877868 -0.298347
v -4.095915 11.774579 0.344480
v -4.173937 11.914509 0.344480
v -4.336093 11.853925 0.344480
v -4.316464 11.694902 0.344480
v -4.166883 11.631237 0.344480
v -4.259526 11.967048 0.547478
v -6.954797 -5.106755 -0.540911
v -6.912870 -4.853911 -0.540911
v -7.138209 -4.779225 -0.540911
v -7.305593 -4.926632 -0.540911
v -7.199467 -5.138729 -0.540911
v -7.217035 -5.422652 1.756848
v -7.203484 -5.255418 1.756848
v -7.365419 -5.197166 1.756848
v -7.492138 -5.331068 1.756848
v -7.376440 -5.475753 1.756848
v -7.432785 -5.665301 3.503144
v -7.428126 -5.577210 3.503144
v -7.519305 -5.551122 3.503144
v -7.573721 -5.631015 3.503144
v -7.512326 -5.706048 3.503144
v -7.542771 -5.718727 4.054606
v -4.932307 -10.679274 -1.037379
v -5.281687 -10.256058 -1.037379
v -5.785965 -10.413302 -1.037379
v -5.769518 -10.934556 -1.037379
v -5.277490 -11.114224 -1.037379
v -5.320836 -11.132137 -0.061205
v -5.603363 -10.781449 -0.061205
v -6.015392 -10.983785 -0.061205
v -5.962783 -11.426415 -0.061205
v -5.536826 -11.498032 -0.061205
v -5.730444 -11.516586 0.680687
v -5.863248 -11.362259 0.680687
v -6.032472 -11.478963 0.680687
v -6.017185 -11.688907 0.680687
v -5.797623 -11.704841 0.680687
v -5.949141 -11.665386 0.914969
v 0.987279 -9.219756 -0.564487
v 0.774267 -9.361312 -0.564487
v 0.800280 -9.603772 -0.564487
v 1.046154 -9.633563 -0.564487
v 1.182878 -9.412958 -0.564487
v 0.994146 -10.012762 1.029239
v 0.823060 -10.136245 1.029239
v 0.886133 -10.323419 1.029239
v 1.080079 -10.338177 1.029239
v 1.161716 -10.148134 1.029239
v 1.009191 -10.682105 2.240470
v 0.929412 -10.740976 2.240470
v 0.971310 -10.826316 2.240470
v 1.059083 -10.822957 2.240470
v 1.081986 -10.738475 2.240470
v 1.020876 -10.943363 2.622964
v -2.829373 -10.292636 -1.008931
v -2.925640 -9.892595 -1.008931
v -3.359206 -9.894912 -1.008931
v -3.501363 -10.310131 -1.008931
v -3.140817 -10.548526 -1.008931
v -3.073268 -10.949173 0.470733
v -3.223449 -10.636581 0.470733
v -3.535400 -10.704996 0.470733
v -3.615017 -11.002436 0.470733
v -3.337370 -11.146980 0.470733
v -3.422613 -11.432807 1.595278
v -3.481757 -11.298481 1.595278
v -3.632319 -11.331551 1.595278
v -3.640347 -11.476944 1.595278
v -3.512469 -11.544388 1.595278
v -3.591327 -11.586587 1.950397
v 5.782260 8.075478 -0.445092
v 5.626170 7.704508 -0.445092
v 5.961738 7.473810 -0.445092
v 6.264591 7.705394 -0.445092
v 6.146647 8.043507 -0.445092
v 5.975131 8.680645 1.421045
v 5.946353 8.385648 1.421045
v 6.175841 8.243993 1.421045
v 6.427412 8.412800 1.421045
v 6.269289 8.666320 1.421045
v 6.205592 9.069809 2.839308
v 6.201097 8.930805 2.839308
v 6.315797 8.873246 2.839308
v 6.412362 8.965233 2.839308
v 6.353181 9.096931 2.839308
v 6.341574 9.141585 3.287181
v 4.985239 -7.047629 -1.057652
v 5.325003 -6.880230 -1.057652
v 5.179786 -6.536180 -1.057652
v 4.814076 -6.464157 -1.057652
v 4.699895 -6.834641 -1.057652
v 5.434497 -7.336320 0.995957
v 5.662840 -7.160935 0.995957
v 5.560295 -6.882021 0.995957
v 5.253081 -6.889737 0.995957
v 5.173457 -7.192566 0.995957
v 5.758773 -7.487555 2.556701
v 5.867371 -7.379215 2.556701
v 5.790118 -7.263863 2.556701
v 5.655520 -7.268271 2.556701
v 5.638772 -7.406106 2.556701
v 5.841371 -7.438711 3.049567
v 7.533872 -5.419305 -1.296499
v 7.378522 -5.191720 -1.296499
v 7.129753 -5.259281 -1.296499
v 7.077567 -5.528271 -1.296499
v 7.346414 -5.633847 -1.296499
v 8.128012 -5.776210 0.792723
v 7.982655 -5.618890 0.792723
v 7.770631 -5.668528 0.792723
v 7.781284 -5.898753 0.792723
v 7.992520 -5.945132 0.792723
v 8.517874 -6.061422 2.380532
v 8.443108 -5.976463 2.380532
v 8.338599 -6.023450 2.380532
v 8.362723 -6.126911 2.380532
v 8.465669 -6.165722 2.380532
v 8.577675 -6.163586 2.881946
v -7.263154 6.524963 -0.959805
v -6.900311 6.499597 -0.959805
v -6.699610 6.790180 -0.959805
v -6.955843 7.060082 -0.959805
v -7.308307 6.915693 -0.959805
v -7.689011 7.097367 0.352338
v -7.411743 7.040655 0.352338
v -7.288841 7.322316 0.352338
v -7.522678 7.526991 0.352338
v -7.761566 7.354222 0.352338
v -8.017179 7.554763 1.349567
v -7.883955 7.562973 1.349567
v -7.844396 7.683637 1.349567
v -7.946886 7.775238 1.349567
v -8.044344 7.682371 1.349567
v -8.074066 7.772976 1.664481
v -0.080321 -9.510203 -0.662777
v -0.131832 -9.234288 -0.662777
v -0.408593 -9.243680 -0.662777
v -0.549685 -9.495435 -0.662777
v -0.305028 -9.670761 -0.662777
v -0.142766 -9.709054 0.420091
v -0.205502 -9.498964 0.420091
v -0.418632 -9.531974 0.420091
v -0.497898 -9.734207 0.420091
v -0.302619 -9.857452 0.420091
v -0.237962 -9.858830 1.243070
v -0.288466 -9.766687 1.243070
v -0.397744 -9.770541 1.243070
v -0.410714 -9.881571 1.243070
v -0.317434 -9.928711 1.243070
v -0.334387 -9.898799 1.502958
v 2.177438 -10.605941 -0.445399
v 1.942295 -10.660143 -0.445399
v 1.935478 -10.908562 -0.445399
v 2.168478 -10.996825 -0.445399
v 2.296740 -10.797991 -0.445399
v 2.280096 -11.408314 0.473677
v 2.105918 -11.459403 0.473677
v 2.140877 -11.635540 0.473677
v 2.305406 -11.690802 0.473677
v 2.382713 -11.536186 0.473677
v 2.360819 -12.052113 1.172175
v 2.280265 -12.084609 1.172175
v 2.303283 -12.166990 1.172175
v 2.387899 -12.194242 1.172175
v 2.431679 -12.107163 1.172175
v 2.382856 -12.301343 1.392754
v 10.283699 -0.476153 -0.813575
v 9.782724 -0.781411 -0.813575
v 9.870573 -1.319603 -0.813575
v 10.431313 -1.461415 -0.813575
v 10.630125 -0.930607 -0.813575
v 10.903067 -0.615870 0.846937
v 10.510357 -0.878959 0.846937
v 10.634881 -1.325609 0.846937
v 11.063965 -1.303552 0.846937
v 11.220545 -0.931288 0.846937
v 11.395293 -0.859629 2.108926
v 11.241250 -0.994655 2.108926
v 11.297707 -1.192508 2.108926
v 11.500856 -1.170522 2.108926
v 11.551757 -0.987052 2.108926
v 11.564809 -1.047332 2.507449
v -5.996586 -7.300287 -0.654666
v -5.755328 -7.763554 -0.654666
v -5.223467 -7.660484 -0.654666
v -5.145537 -7.106583 -0.654666
v -5.663965 -6.883046 -0.654666
v -6.310198 -7.643205 1.183554
v -6.107227 -7.995069 1.183554
v -5.704346 -7.852659 1.183554
v -5.694986 -7.426416 1.183554
v -6.114212 -7.270483 1.183554
v -6.511608 -7.884173 2.580601
v -6.359171 -8.050748 2.580601
v -6.155459 -7.965095 2.580601
v -6.180588 -7.750569 2.580601
v -6.387415 -7.698594 2.580601
v -6.418368 -7.938677 3.021774
v -9.135238 -0.742680 -0.549967
v -9.467408 -0.348291 -0.549967
v -9.936378 -0.553566 -0.549967
v -9.901732 -1.061775 -0.549967
v -9.412110 -1.156734 -0.549967
v -10.033753 -0.758514 1.062767
v -10.288606 -0.479832 1.062767
v -10.649001 -0.666268 1.062767
v -10.570349 -1.071690 1.062767
v -10.179362 -1.089607 1.062767
v -10.745525 -0.798736 2.288446
v -10.901613 -0.670908 2.288446
v -11.057433 -0.789398 2.288446
v -10.997588 -0.956987 2.288446
v -10.823351 -0.972573 2.288446
v -11.091241 -0.853648 2.675502
v 3.268754 8.289728 -1.258350
v 2.909555 8.053354 -1.258350
v 2.988166 7.636012 -1.258350
v 3.434712 7.571268 -1.258350
v 3.602593 7.995503 -1.258350
v 3.389854 9.036428 0.986644
v 3.106310 8.831264 0.986644
v 3.220684 8.495849 0.986644
v 3.568373 8.510218 0.986644
v 3.684047 8.841439 0.986644
v 3.502519 9.518320 2.692840
v 3.381287 9.402422 2.692840
v 3.451725 9.261381 2.692840
v 3.607598 9.270768 2.692840
v 3.647826 9.430048 2.692840
v 3.555656 9.571756 3.231639
v -8.147034 4.765732 -1.049086
v -8.367374 4.913517 -1.049086
v -8.577851 4.756178 -1.049086
v -8.469277 4.538757 -1.049086
v -8.225219 4.508572 -1.049086
v -8.875999 4.932454 0.096593
v -9.043879 5.010514 0.096593
v -9.165867 4.888347 0.096593
v -9.102755 4.718525 0.096593
v -8.903249 4.733597 0.096593
v -9.454181 5.034386 0.967308
v -9.544093 5.069612 0.967308
v -9.608161 5.000080 0.967308
v -9.556491 4.925689 0.967308
v -9.468065 4.938872 0.967308
v -9.686048 5.032886 1.242271
v 5.971339 6.479218 -0.628477
v 6.122993 6.768615 -0.628477
v 5.897641 6.982593 -0.628477
v 5.627526 6.855420 -0.628477
v 5.667792 6.560614 -0.628477
v 6.115345 6.868301 0.365012
v 6.208053 7.113549 0.365012
v 6.013219 7.290255 0.365012
v 5.818168 7.135014 0.365012
v 5.874760 6.919327 0.365012
v 6.160241 7.238434 1.120064
v 6.211953 7.346957 1.120064
v 6.105356 7.412971 1.120064
v 6.019266 7.339132 1.120064
v 6.051996 7.235863 1.120064
v 6.140971 7.390500 1.358502
v 9.974218 -0.295829 -0.638204
v 10.056697 -0.698332 -0.638204
v 10.436263 -0.814300 -0.638204
v 10.650694 -0.456389 -0.638204
v 10.366739 -0.181394 -0.638204
v 10.314261 -0.400587 0.111796
v 10.369316 -0.710974 0.111796
v 10.692250 -0.754967 0.111796
v 10.827510 -0.454359 0.111796
v 10.585504 -0.232729 0.111796
v 10.639667 -0.486984 0.681796
v 10.673456 -0.623930 0.681796
v 10.821267 -0.632247 0.681796
v 10.866936 -0.491869 0.681796
v 10.752774 -0.404336 0.681796
v 10.810741 -0.531407 0.861796
v -8.295426 -3.305371 -0.990623
v -8.404502 -3.578781 -0.990623
v -8.151336 -3.733266 -0.990623
v -7.892015 -3.575222 -0.990623
v -7.992996 -3.264979 -0.990623
v -8.925716 -3.480237 0.125068
v -8.970309 -3.724958 0.125068
v -8.757040 -3.821784 0.125068
v -8.595574 -3.671566 0.125068
v -8.674289 -3.444431 0.125068
v -9.339133 -3.668341 0.972994
v -9.347525 -3.796811 0.972994
v -9.233309 -3.849679 0.972994
v -9.154691 -3.754809 0.972994
v -9.215336 -3.654278 0.972994
v -9.405650 -3.778088 1.240760
v -2.618771 -9.737972 -1.114376
v -2.226479 -9.970619 -1.114376
v -1.813077 -9.749880 -1.114376
v -1.982007 -9.285557 -1.114376
v -2.484038 -9.248844 -1.114376
v -2.652036 -10.551623 0.431751
v -2.314478 -10.748340 0.431751
v -2.021054 -10.487746 0.431751
v -2.204312 -10.169018 0.431751
v -2.561237 -10.179894 0.431751
v -2.568016 -11.096826 1.606808
v -2.414556 -11.181292 1.606808
v -2.302586 -11.046799 1.606808
v -2.375632 -10.885882 1.606808
v -2.545162 -10.932482 1.606808
v -2.473203 -11.221711 1.977878
v -7.725562 -3.320624 -1.081240
v -7.159775 -3.337855 -1.081240
v -7.028144 -2.757813 -1.081240
v -7.521732 -2.482723 -1.081240
v -7.919009 -2.836613 -1.081240
v -8.274645 -3.585193 0.401130
v -7.854468 -3.514066 0.401130
v -7.802073 -3.091258 0.401130
v -8.189779 -2.867821 0.401130
v -8.492781 -3.210519 0.401130
v -8.655575 -3.657295 1.527731
v -8.467004 -3.607180 1.527731
v -8.460579 -3.414271 1.527731
v -8.641952 -3.333074 1.527731
v -8.771058 -3.493621 1.527731
v -8.747252 -3.578803 1.883499
v -10.490756 -2.300815 -0.558747
v -10.451818 -1.803348 -0.558747
v -10.917999 -1.655673 -0.558747
v -11.295528 -2.015343 -0.558747
v -10.970772 -2.449313 -0.558747
v -11.236919 -2.382635 0.462561
v -11.312634 -1.977400 0.462561
v -11.672716 -1.882509 0.462561
v -11.924328 -2.199903 0.462561
v -11.652333 -2.544630 0.462561
v -11.991165 -2.351750 1.238756
v -11.992832 -2.158405 1.238756
v -12.193354 -2.136459 1.238756
v -12.290229 -2.307529 1.238756
v -12.147648 -2.436356 1.238756
v -12.299375 -2.316388 1.483870
v 0.345495 11.135700 -0.979097
v -0.041624 11.511887 -0.979097
v -0.526537 11.249389 -0.979097
v -0.422441 10.702663 -0.979097
v 0.120098 10.654588 -0.979097
v 0.182776 11.666484 0.492000
v -0.101752 11.918021 0.492000
v -0.393252 11.674000 0.492000
v -0.295162 11.323200 0.492000
v 0.079933 11.313711 0.492000
v 0.046333 12.041296 1.610034
v -0.124051 12.150447 1.610034
v -0.255856 12.012980 1.610034
v -0.196431 11.841345 1.610034
v -0.016684 11.864198 1.610034
v -0.113531 12.103716 1.963097
v -6.750590 3.896099 -0.974087
v -6.372794 4.004811 -0.974087
v -6.332967 4.356081 -0.974087
v -6.646974 4.524878 -0.974087
v -6.935947 4.266559 -0.974087
v -6.952728 4.187528 1.283870
v -6.637025 4.281636 1.283870
v -6.668358 4.581276 1.283870
v -6.932029 4.707850 1.283870
v -7.123468 4.460578 1.283870
v -7.093510 4.499801 2.999917
v -6.945025 4.556954 2.999917
v -6.965754 4.705831 2.999917
v -7.098996 4.735720 2.999917
v -7.182394 4.624010 2.999917
v -7.122019 4.686835 3.541827
v -10.501360 -0.721852 -1.022909
v -9.996872 -0.830338 -1.022909
v -9.673998 -0.414550 -1.022909
v -10.020270 0.021355 -1.022909
v -10.484320 -0.214321 -1.022909
v -10.610573 -0.681936 -0.214229
v -10.220884 -0.791648 -0.214229
v -10.067104 -0.409727 -0.214229
v -10.337440 -0.132034 -0.214229
v -10.692957 -0.306218 -0.214229
v -10.671089 -0.592925 0.400368
v -10.485341 -0.623447 0.400368
v -10.428743 -0.443188 0.400368
v -10.562151 -0.306413 0.400368
v -10.711438 -0.423302 0.400368
v -10.633381 -0.484821 0.594451
v 10.130227 4.957298 -0.704922
v 9.755905 5.200964 -0.704922
v 9.363935 4.965153 -0.704922
v 9.526928 4.525566 -0.704922
v 9.993076 4.506113 -0.704922
v 10.569791 5.129169 0.677540
v 10.295106 5.287492 0.677540
v 10.056762 5.075374 0.677540
v 10.163021 4.739469 0.677540
v 10.529939 4.791009 0.677540
v 10.876893 5.224264 1.728211
v 10.727091 5.309879 1.728211
v 10.623641 5.174298 1.728211
v 10.693450 5.023473 1.728211
v 10.851840 5.068388 1.728211
v 10.892968 5.201529 2.060002
v -10.067789 4.788809 -0.796040
v -10.447425 4.987694 -0.796040
v -10.754647 4.669308 -0.796040
v -10.535411 4.292892 -0.796040
v -10.119799 4.373293 -0.796040
v -10.822784 5.016292 0.661586
v -11.104602 5.126535 0.661586
v -11.272153 4.878722 0.661586
v -11.125132 4.595739 0.661586
v -10.809324 4.707232 0.661586
v -11.417264 5.152551 1.769381
v -11.574109 5.199486 1.769381
v -11.648700 5.058465 1.769381
v -11.551863 4.948349 1.769381
v -11.401908 4.990440 1.769381
v -11.677237 5.127313 2.119211
v -10.907694 -3.789165 -1.043004
v -10.719895 -3.972552 -1.043004
v -10.529824 -3.791833 -1.043004
v -10.592228 -3.558567 -1.043004
v -10.838799 -3.560337 -1.043004
v -11.696510 -4.056378 -0.293004
v -11.517985 -4.147818 -0.293004
v -11.368352 -4.020530 -0.293004
v -11.450997 -3.840411 -0.293004
v -11.646067 -3.860632 -0.293004
v -12.235920 -4.223090 0.276996
v -12.138975 -4.266532 0.276996
v -12.075419 -4.189391 0.276996
v -12.115310 -4.094317 0.276996
v -12.224485 -4.113953 0.276996
v -12.351447 -4.240452 0.456996
v 10.297268 2.310172 -1.160973
v 10.107476 2.196874 -1.160973
v 10.139216 1.989357 -1.160973
v 10.351671 1.946751 -1.160973
v 10.473608 2.148096 -1.160973
v 10.834522 2.296778 -0.214198
v 10.693810 2.214373 -0.214198
v 10.728457 2.039687 -0.214198
v 10.901368 2.051121 -0.214198
v 10.967813 2.201325 -0.214198
v 11.252612 2.269281 0.505351
v 11.192167 2.217680 0.505351
v 11.215157 2.140599 0.505351
v 11.301239 2.140404 0.505351
v 11.318742 2.222791 0.505351
v 11.389871 2.211078 0.732576
v 4.590882 7.801783 -0.994697
v 4.564088 8.079751 -0.994697
v 4.316256 8.204586 -0.994697
v 4.142040 7.967432 -0.994697
v 4.307452 7.737806 -0.994697
v 4.745359 8.346283 -0.176538
v 4.718950 8.564264 -0.176538
v 4.505889 8.629090 -0.176538
v 4.388131 8.431599 -0.176538
v 4.540626 8.277108 -0.176538
v 4.816118 8.773056 0.445263
v 4.798361 8.887215 0.445263
v 4.692337 8.887736 0.445263
v 4.646135 8.803469 0.445263
v 4.715724 8.731500 0.445263
v 4.775391 8.933892 0.641622
v 1.130135 11.705654 -1.281040
v 1.345067 11.828492 -1.281040
v 1.317348 12.058612 -1.281040
v 1.093997 12.093857 -1.281040
v 0.991721 11.902165 -1.281040
v 1.232909 12.630065 -0.025454
v 1.385463 12.727119 -0.025454
v 1.349052 12.905376 -0.025454
v 1.171259 12.908718 -0.025454
v 1.106632 12.752935 -0.025454
v 1.301393 13.364584 0.928792
v 1.376373 13.416089 0.928792
v 1.345997 13.501926 0.928792
v 1.259596 13.497846 0.928792
v 1.223340 13.415034 0.928792
v 1.318878 13.647182 1.230133
v -4.460923 -7.410220 -0.656231
v -4.656082 -7.749262 -0.656231
v -4.457973 -8.052626 -0.656231
v -4.084812 -7.957989 -0.656231
v -4.092930 -7.570215 -0.656231
v -4.766077 -8.063589 0.482571
v -4.924179 -8.327171 0.482571
v -4.722964 -8.570235 0.482571
v -4.449754 -8.429087 0.482571
v -4.492769 -8.153085 0.482571
v -4.954183 -8.611679 1.348061
v -5.015762 -8.740862 1.348061
v -4.912477 -8.835082 1.348061
v -4.775172 -8.778394 1.348061
v -4.803791 -8.623105 1.348061
v -4.970286 -8.851180 1.621373
v 8.511781 -6.625841 -0.557193
v 8.196175 -6.917720 -0.557193
v 8.374543 -7.305990 -0.557193
v 8.815523 -7.276980 -0.557193
v 8.911362 -6.827421 -0.557193
v 8.734270 -7.219401 1.070543
v 8.516386 -7.443180 1.070543
v 8.694283 -7.693043 1.070543
v 8.998495 -7.650244 1.070543
v 9.013203 -7.335704 1.070543
v 8.933996 -7.713710 2.307622
v 8.832914 -7.830286 2.307622
v 8.932224 -7.948411 2.307622
v 9.082144 -7.913169 2.307622
v 9.085720 -7.749445 2.307622
v 9.028246 -7.945978 2.698279
v 4.224290 7.319645 -0.919394
v 4.317351 7.639703 -0.919394
v 4.009180 7.777209 -0.919394
v 3.761687 7.562212 -0.919394
v 3.908714 7.260474 -0.919394
v 4.320918 8.012681 0.515204
v 4.336263 8.284587 0.515204
v 4.085692 8.393414 0.515204
v 3.915413 8.180977 0.515204
v 4.048935 7.936959 0.515204
v 4.306307 8.597402 1.605498
v 4.305323 8.727876 1.605498
v 4.185842 8.751599 1.605498
v 4.100939 8.660556 1.605498
v 4.182449 8.554823 1.605498
v 4.239455 8.818763 1.949802
v 11.624084 1.921809 -1.076781
v 11.791060 2.201667 -1.076781
v 11.595609 2.462938 -1.076781
v 11.304567 2.328399 -1.076781
v 11.290880 2.000065 -1.076781
v 12.422524 2.024122 0.018556
v 12.523305 2.260577 0.018556
v 12.348442 2.428132 0.018556
v 12.151284 2.310384 0.018556
v 12.153800 2.060891 0.018556
v 12.972283 2.177551 0.851012
v 13.030158 2.283788 0.851012
v 12.928734 2.347655 0.851012
v 12.834832 2.291940 0.851012
v 12.854071 2.174708 0.851012
v 13.113569 2.266165 1.113893
v -3.180648 -9.306692 -1.027674
v -3.683207 -9.280206 -1.027674
v -3.886546 -9.756828 -1.027674
v -3.471813 -10.071130 -1.027674
v -3.017391 -9.804807 -1.027674
v -3.367746 -9.884091 -0.098748
v -3.761170 -9.867709 -0.098748
v -3.845720 -10.265921 -0.098748
v -3.513121 -10.508055 -0.098748
v -3.202275 -10.231053 -0.098748
v -3.514246 -10.367735 0.607236
v -3.708084 -10.415476 0.607236
v -3.761395 -10.607688 0.607236
v -3.575137 -10.694276 0.607236
v -3.435233 -10.556401 0.607236
v -3.619300 -10.649127 0.830178
v -7.556740 -9.683683 -0.981467
v -7.256734 -9.709863 -0.981467
v -7.090520 -9.430536 -0.981467
v -7.355402 -9.250774 -0.981467
v -7.608308 -9.388987 -0.981467
v -8.013474 -10.334353 -0.231467
v -7.754244 -10.347631 -0.231467
v -7.672683 -10.092159 -0.231467
v -7.889085 -9.932580 -0.231467
v -8.077808 -10.101392 -0.231467
v -8.321617 -10.751143 0.338533
v -8.210924 -10.746338 0.338533
v -8.174442 -10.630899 0.338533
v -8.282776 -10.573222 0.338533
v -8.373098 -10.649867 0.338533
v -8.396054 -10.834132 0.518533
v -1.566869 8.347529 -0.593997
v -1.471212 8.822086 -0.593997
v -1.926370 9.013644 -0.593997
v -2.254286 8.665099 -0.593997
v -2.043570 8.203576 -0.593997
v -1.706952 9.174568 0.156003
v -1.676562 9.533953 0.156003
v -2.041320 9.680710 0.156003
v -2.287960 9.354904 0.156003
v -2.034701 9.071572 0.156003
v -1.869018 9.821363 0.726003
v -1.871599 10.021554 0.726003
v -2.070009 10.064446 0.726003
v -2.180305 9.896514 0.726003
v -2.044573 9.760170 0.726003
v -2.028714 10.084712 0.906003
v 11.828555 -1.324642 -1.091120
v 11.853879 -0.914523 -1.091120
v 11.455182 -0.761407 -1.091120
v 11.211477 -1.105216 -1.091120
v 11.445800 -1.430086 -1.091120
v 12.282988 -1.320253 0.586888
v 12.257485 -0.996945 0.586888
v 11.935998 -0.907583 0.586888
v 11.786359 -1.197390 0.586888
v 11.987662 -1.428192 0.586888
v 12.535754 -1.280981 1.862175
v 12.513165 -1.127905 1.862175
v 12.355503 -1.098897 1.862175
v 12.293607 -1.243450 1.862175
v 12.401704 -1.340189 1.862175
v 12.536968 -1.237278 2.264897
v 3.858725 10.056145 -1.254190
v 4.045303 9.777583 -1.254190
v 4.341407 9.905218 -1.254190
v 4.346478 10.206497 -1.254190
v 4.042022 10.349789 -1.254190
v 4.255507 10.847109 0.278548
v 4.410161 10.649389 0.278548
v 4.658714 10.752193 0.278548
v 4.629578 11.025064 0.278548
v 4.373862 11.053014 0.278548
v 4.591218 11.465955 1.443429
v 4.686755 11.385547 1.443429
v 4.797388 11.440824 1.443429
v 4.772605 11.564969 1.443429
v 4.652307 11.572085 1.443429
v 4.776129 11.681979 1.811286
v -0.059616 12.458662 -0.673360
v -0.500177 12.344283 -0.673360
v -0.564430 11.899203 -0.673360
v -0.145554 11.714559 -0.673360
v 0.171525 12.050024 -0.673360
v -0.151012 12.641129 0.076640
v -0.512323 12.567797 0.076640
v -0.472862 12.199457 0.076640
v -0.140292 12.066116 0.076640
v 0.086844 12.369725 0.076640
v -0.211800 12.743992 0.646640
v -0.388224 12.662732 0.646640
v -0.365464 12.479863 0.646640
v -0.187239 12.429359 0.646640
v -0.082878 12.593449 0.646640
v -0.253909 12.645562 0.826640
v -8.294574 3.053520 -0.659775
v -8.253848 3.492573 -0.659775
v -8.658219 3.750719 -0.659775
v -8.974912 3.365606 -0.659775
v -8.732978 2.977635 -0.659775
v -8.644232 3.421471 1.077512
v -8.597856 3.777771 1.077512
v -8.961240 3.893188 1.077512
v -9.169236 3.592370 1.077512
v -8.958822 3.318130 1.077512
v -8.952049 3.709487 2.397850
v -8.978545 3.887779 2.397850
v -9.140347 3.922318 2.397850
v -9.258235 3.783379 2.397850
v -9.121777 3.663987 2.397850
v -9.159178 3.860536 2.814799
v 11.560575 -4.199362 -0.706707
v 11.365776 -3.716463 -0.706707
v 10.851837 -3.756511 -0.706707
v 10.761801 -4.238054 -0.706707
v 11.157678 -4.501607 -0.706707
v 11.779420 -4.435143 0.373480
v 11.587031 -4.124713 0.373480
v 11.247196 -4.187872 0.373480
v 11.212277 -4.521905 0.373480
v 11.510914 -4.687277 0.373480
v 11.857403 -4.626790 1.194422
v 11.765086 -4.468217 1.194422
v 11.587329 -4.521380 1.194422
v 11.564480 -4.710906 1.194422
v 11.746893 -4.768358 1.194422
v 11.785698 -4.690669 1.453667
v -10.522632 -4.905509 -1.011228
v -10.485506 -5.358438 -1.011228
v -10.045195 -5.548957 -1.011228
v -9.724829 -5.121953 -1.011228
v -10.076283 -4.745788 -1.011228
v -11.174910 -5.381772 -0.261228
v -11.152587 -5.771586 -0.261228
v -10.749648 -5.841257 -0.261228
v -10.562032 -5.483898 -0.261228
v -10.845170 -5.228422 -0.261228
v -11.574043 -5.771679 0.308772
v -11.532418 -5.937716 0.308772
v -11.350062 -5.979835 0.308772
v -11.270702 -5.793690 0.308772
v -11.422429 -5.669500 0.308772
v -11.607846 -5.925896 0.488772
v 4.655069 10.459403 -1.161957
v 4.429278 10.191424 -1.161957
v 4.558454 9.852467 -1.161957
v 4.936476 9.924134 -1.161957
v 4.950987 10.276960 -1.161957
v 5.009271 10.720322 -0.411957
v 4.845630 10.502745 -0.411957
v 4.985238 10.254737 -0.411957
v 5.261400 10.345909 -0.411957
v 5.279462 10.631955 -0.411957
v 5.310355 10.865876 0.158043
v 5.228056 10.749882 0.158043
v 5.324079 10.654875 0.158043
v 5.448248 10.691841 0.158043
v 5.445615 10.830297 0.158043
v 5.439774 10.838043 0.338043
v 5.790709 7.755362 -1.227915
v 5.909145 8.238261 -1.227915
v 5.466932 8.474301 -1.227915
v 5.081860 8.147343 -1.227915
v 5.303751 7.689288 -1.227915
v 6.213279 8.240419 -0.477915
v 6.269303 8.606907 -0.477915
v 5.912044 8.771306 -0.477915
v 5.673313 8.468237 -0.477915
v 5.851721 8.125066 -0.477915
v 6.486082 8.625167 0.092085
v 6.471127 8.817066 0.092085
v 6.292533 8.900100 0.092085
v 6.167717 8.729877 0.092085
v 6.300226 8.589440 0.092085
v 6.460299 8.819613 0.272085
v -3.836600 -9.255370 -0.925298
v -3.944620 -9.560343 -0.925298
v -3.728025 -9.822759 -0.925298
v -3.412834 -9.635704 -0.925298
v -3.485816 -9.282125 -0.925298
v -4.057256 -9.680829 0.003571
v -4.154849 -9.942592 0.003571
v -3.922621 -10.106039 0.003571
v -3.716652 -9.934668 0.003571
v -3.788852 -9.684667 0.003571
v -4.163010 -10.062837 0.709512
v -4.204872 -10.185425 0.709512
v -4.087010 -10.256570 0.709512
v -3.994258 -10.164358 0.709512
v -4.046722 -10.058248 0.709512
v -4.151613 -10.226257 0.932440
v -0.708349 -10.092577 -1.006376
v -0.941306 -10.442740 -1.006376
v -0.751581 -10.829716 -1.006376
v -0.345964 -10.673544 -1.006376
v -0.293381 -10.254427 -1.006376
v -0.749564 -10.466076 -0.256376
v -0.951932 -10.750541 -0.256376
v -0.711972 -10.986534 -0.256376
v -0.422341 -10.875931 -0.256376
v -0.449231 -10.572039 -0.256376
v -0.738287 -10.806064 0.313624
v -0.794191 -10.957385 0.313624
v -0.696964 -11.079681 0.313624
v -0.550551 -11.004674 0.313624
v -0.577458 -10.847823 0.313624
v -0.681186 -11.005525 0.493624
v 1.239951 -10.781621 -1.234337
v 1.263958 -11.027318 -1.234337
v 1.515284 -11.086595 -1.234337
v 1.661123 -10.852877 -1.234337
v 1.467858 -10.639734 -1.234337
v 1.354060 -11.029338 0.210960
v 1.421785 -11.237353 0.210960
v 1.628087 -11.258466 0.210960
v 1.689853 -11.069391 0.210960
v 1.550595 -10.925762 0.210960
v 1.550390 -11.251910 1.309385
v 1.574865 -11.341808 1.309385
v 1.677328 -11.350273 1.309385
v 1.704277 -11.249141 1.309385
v 1.623048 -11.188165 1.309385
v 1.650679 -11.329186 1.656256
v -3.364587 8.957955 -0.815211
v -3.506717 8.583041 -0.815211
v -3.204933 8.306343 -0.815211
v -2.800288 8.512459 -0.815211
v -2.957034 8.932897 -0.815211
v -3.524366 9.693179 0.276974
v -3.629560 9.365057 0.276974
v -3.334814 9.174016 0.276974
v -3.084285 9.396887 0.276974
v -3.174078 9.731396 0.276974
v -3.565373 10.179115 1.107036
v -3.601630 10.021954 1.107036
v -3.455551 9.935530 1.107036
v -3.340834 10.056654 1.107036
v -3.412346 10.194499 1.107036
v -3.514135 10.275235 1.369160
v 12.044556 -2.562565 -0.478718
v 12.434718 -2.167843 -0.478718
v 12.071231 -1.726812 -0.478718
v 11.570951 -1.892159 -0.478718
v 11.513444 -2.442315 -0.478718
v 12.480141 -2.589268 0.895973
v 12.745275 -2.219229 0.895973
v 12.416646 -1.908668 0.895973
v 12.044583 -2.081349 0.895973
v 12.044263 -2.512678 0.895973
v 12.738768 -2.491510 1.940738
v 12.844984 -2.297309 1.940738
v 12.678540 -2.153719 1.940738
v 12.486930 -2.249571 1.940738
v 12.514346 -2.474894 1.940738
v 12.753305 -2.354567 2.270663
v 7.611387 4.216971 -0.837760
v 7.082973 4.121786 -0.837760
v 6.959185 3.600044 -0.837760
v 7.446134 3.331233 -0.837760
v 7.867475 3.711754 -0.837760
v 8.213693 4.529969 0.623087
v 7.764217 4.424591 0.623087
v 7.766579 3.984383 0.623087
v 8.161293 3.775821 0.623087
v 8.413902 4.142682 0.623087
v 8.640071 4.629470 1.733330
v 8.440357 4.549311 1.733330
v 8.437299 4.340211 1.733330
v 8.644466 4.262839 1.733330
v 8.780484 4.449360 1.733330
v 8.745996 4.535738 2.083934
v -8.817233 -6.928345 -0.818499
v -8.896673 -7.282220 -0.818499
v -8.589736 -7.456362 -0.818499
v -8.337659 -7.228500 -0.818499
v -8.446201 -6.886169 -0.818499
v -8.943088 -7.325686 0.680608
v -8.989011 -7.586781 0.680608
v -8.744105 -7.679441 0.680608
v -8.553169 -7.501064 0.680608
v -8.678445 -7.244480 0.680608
v -9.001027 -7.639939 1.819930
v -9.002542 -7.767674 1.819930
v -8.885261 -7.809241 1.819930
v -8.793569 -7.712673 1.819930
v -8.874505 -7.600389 1.819930
v -8.954876 -7.782489 2.179716
v 4.531360 -9.326476 -1.055268
v 4.214392 -9.039097 -1.055268
v 3.847111 -9.231040 -1.055268
v 3.914259 -9.640349 -1.055268
v 4.304097 -9.660989 -1.055268
v 4.705811 -9.721363 0.330633
v 4.495217 -9.504848 0.330633
v 4.260572 -9.701557 0.330633
v 4.304189 -10.012973 0.330633
v 4.613819 -9.977271 0.330633
v 4.860968 -10.035354 1.383917
v 4.723462 -9.952974 1.383917
v 4.599087 -10.048817 1.383917
v 4.663634 -10.184432 1.383917
v 4.811464 -10.187621 1.383917
v 4.806756 -10.179744 1.716534
v 10.058843 -5.086565 -0.957013
v 9.943166 -4.809822 -0.957013
v 9.614531 -4.832781 -0.957013
v 9.594474 -5.153311 -0.957013
v 9.852484 -5.286369 -0.957013
v 10.213177 -5.202215 0.481936
v 10.109998 -4.980938 0.481936
v 9.872203 -5.061787 0.481936
v 9.850545 -5.301419 0.481936
v 10.084024 -5.415214 0.481936
v 10.297765 -5.298949 1.575537
v 10.213600 -5.206840 1.575537
v 10.110142 -5.248852 1.575537
v 10.102406 -5.363429 1.575537
v 10.215862 -5.390513 1.575537
v 10.234897 -5.336108 1.920884
v -8.687539 7.580611 -0.909248
v -8.482826 7.847496 -0.909248
v -8.707258 8.104193 -0.909248
v -9.018007 7.991060 -0.909248
v -8.983821 7.674695 -0.909248
v -9.282360 7.952768 -0.159248
v -9.161964 8.164896 -0.159248
v -9.339046 8.340343 -0.159248
v -9.549125 8.223197 -0.159248
v -9.539387 7.967416 -0.159248
v -9.771772 8.277187 0.410752
v -9.725960 8.381786 0.410752
v -9.813831 8.460876 0.410752
v -9.927638 8.402464 0.410752
v -9.891226 8.277314 0.410752
v -9.963557 8.430163 0.590752
v -0.221872 -9.827482 -0.520585
v -0.101331 -9.621227 -0.520585
v -0.298331 -9.460329 -0.520585
v -0.524455 -9.583758 -0.520585
v -0.458197 -9.835730 -0.520585
v -0.231716 -10.252410 1.160436
v -0.194417 -10.076671 1.160436
v -0.333478 -9.978018 1.160436
v -0.499933 -10.073957 1.160436
v -0.423817 -10.261185 1.160436
v -0.287688 -10.526399 2.438012
v -0.262125 -10.433696 2.438012
v -0.348129 -10.394784 2.438012
v -0.424490 -10.451224 2.438012
v -0.382076 -10.542378 2.438012
v -0.343268 -10.577516 2.841457
v -3.050056 -11.572148 -0.618158
v -3.074323 -11.005577 -0.618158
v -3.586770 -10.900218 -0.618158
v -3.884246 -11.298053 -0.618158
v -3.583346 -11.719014 -0.618158
v -3.233073 -12.086284 0.480343
v -3.269226 -11.655334 0.480343
v -3.715992 -11.554218 0.480343
v -3.905678 -11.961665 0.480343
v -3.612472 -12.271725 0.480343
v -3.439345 -12.468600 1.315205
v -3.493465 -12.254153 1.315205
v -3.693787 -12.255762 1.315205
v -3.787324 -12.427187 1.315205
v -3.635651 -12.582925 1.315205
v -3.638023 -12.540406 1.578845
v -2.554900 11.582915 -0.654387
v -2.494038 11.337611 -0.654387
v -2.244952 11.302253 -0.654387
v -2.172860 11.529898 -0.654387
v -2.332585 11.684431 -0.654387
v -2.598228 12.169887 0.095613
v -2.535108 11.972825 0.095613
v -2.338663 11.988522 0.095613
v -2.270739 12.168278 0.095613
v -2.431564 12.261933 0.095613
v -2.561191 12.606328 0.665613
v -2.535738 12.515041 0.665613
v -2.440499 12.531957 0.665613
v -2.409824 12.623840 0.665613
v -2.497167 12.667894 0.665613
v -2.509214 12.739490 0.845613
v -8.700629 5.934801 -0.549237
v -8.628156 6.126394 -0.549237
v -8.792662 6.273463 -0.549237
v -8.970019 6.137058 -0.549237
v -8.918411 5.918845 -0.549237
v -9.201881 6.110391 0.200763
v -9.176998 6.283730 0.200763
v -9.316494 6.365654 0.200763
v -9.442260 6.262006 0.200763
v -9.374368 6.115352 0.200763
v -9.642023 6.299169 0.770763
v -9.632158 6.377262 0.770763
v -9.702945 6.419781 0.770763
v -9.755992 6.356368 0.770763
v -9.724510 6.278353 0.770763
v -9.812325 6.383615 0.950763
v -8.204426 2.556690 -0.819904
v -8.188158 2.221931 -0.819904
v -7.879600 2.108334 -0.819904
v -7.707557 2.379102 -0.819904
v -7.883302 2.629628 -0.819904
v -8.637925 2.562849 1.511968
v -8.640724 2.310310 1.511968
v -8.391071 2.289670 1.511968
v -8.259310 2.486339 1.511968
v -8.424607 2.670067 1.511968
v -8.949263 2.575052 3.284191
v -8.927977 2.446310 3.284191
v -8.798567 2.433310 3.284191
v -8.741205 2.549039 3.284191
v -8.837647 2.629334 3.284191
v -8.971218 2.548500 3.843841
v -7.304776 5.412210 -1.069081
v -7.466718 5.202612 -1.069081
v -7.292354 4.982850 -1.069081
v -7.042447 5.091894 -1.069081
v -7.037644 5.368614 -1.069081
v -7.785339 5.520599 0.627909
v -7.911737 5.342466 0.627909
v -7.740625 5.182957 0.627909
v -7.542506 5.289482 0.627909
v -7.587399 5.498470 0.627909
v -8.124568 5.574231 1.917622
v -8.167499 5.474104 1.917622
v -8.083399 5.397398 1.917622
v -8.002503 5.466729 1.917622
v -8.017418 5.566608 1.917622
v -8.191757 5.535195 2.324900
v 4.717503 7.764348 -0.767006
v 4.353401 7.515733 -0.767006
v 4.407199 7.085116 -0.767006
v 4.868514 7.014605 -0.767006
v 5.051482 7.444676 -0.767006
v 5.093665 8.035103 0.564446
v 4.844856 7.837979 0.564446
v 4.900426 7.497727 0.564446
v 5.275745 7.496808 0.564446
v 5.394010 7.850993 0.564446
v 5.400851 8.185380 1.576350
v 5.285697 8.079710 1.576350
v 5.344103 7.940749 1.576350
v 5.501048 7.942968 1.576350
v 5.544096 8.103644 1.576350
v 5.512072 8.141829 1.895898
v 0.669218 -9.182740 -0.647056
v 0.800818 -9.004237 -0.647056
v 0.688684 -8.823497 -0.647056
v 0.475481 -8.870758 -0.647056
v 0.451080 -9.099165 -0.647056
v 0.725023 -9.963727 0.345274
v 0.833675 -9.819880 0.345274
v 0.713053 -9.685822 0.345274
v 0.551877 -9.745945 0.345274
v 0.545858 -9.928533 0.345274
v 0.742178 -10.520747 1.099445
v 0.786407 -10.451831 1.099445
v 0.729059 -10.381686 1.099445
v 0.646855 -10.424238 1.099445
v 0.664135 -10.508000 1.099445
v 0.726678 -10.661356 1.337604
v -8.719527 -4.364827 -0.974984
v -8.842170 -4.063482 -0.974984
v -9.188691 -4.035637 -0.974984
v -9.300441 -4.398649 -0.974984
v -8.982086 -4.586540 -0.974984
v -9.406039 -4.658064 -0.224984
v -9.541725 -4.432729 -0.224984
v -9.806889 -4.446379 -0.224984
v -9.861446 -4.728206 -0.224984
v -9.608126 -4.830304 -0.224984
v -10.023255 -4.879553 0.345016
v -10.083604 -4.759510 0.345016
v -10.221128 -4.791798 0.345016
v -10.232263 -4.931791 0.345016
v -10.104707 -4.980912 0.345016
v -10.285591 -4.949973 0.525016
v -8.537685 -8.196563 -0.866641
v -8.236529 -8.476108 -0.866641
v -7.852761 -8.266317 -0.866641
v -7.993447 -7.869280 -0.866641
v -8.373692 -7.845019 -0.866641
v -9.051607 -8.720531 0.639370
v -8.790384 -8.943882 0.639370
v -8.530734 -8.709379 0.639370
v -8.626788 -8.378145 0.639370
v -8.982218 -8.393375 0.639370
v -9.381114 -9.079717 1.783938
v -9.232624 -9.167633 1.783938
v -9.122927 -9.045706 1.783938
v -9.180595 -8.898800 1.783938
v -9.343701 -8.916525 1.783938
v -9.391358 -9.142777 2.145380
v 1.039192 -9.635505 -1.156833
v 1.375809 -9.230543 -1.156833
v 1.011252 -8.865296 -1.156833
v 0.495811 -8.967010 -1.156833
v 0.538945 -9.521503 -1.156833
v 1.110763 -9.825686 0.262440
v 1.267214 -9.482808 0.262440
v 1.025868 -9.181621 0.262440
v 0.656714 -9.360225 0.262440
v 0.692978 -9.786125 0.262440
v 1.102781 -9.887897 1.341087
v 1.195802 -9.697391 1.341087
v 1.031103 -9.554839 1.341087
v 0.858635 -9.671309 1.341087
v 0.896250 -9.872257 1.341087
v 1.029599 -9.805731 1.681712
v 8.800724 5.786924 -1.286715
v 8.784227 6.056657 -1.286715
v 8.545661 6.143405 -1.286715
v 8.408509 5.940178 -1.286715
v 8.538280 5.739353 -1.286715
v 9.238382 6.157937 -0.221299
v 9.223358 6.355251 -0.221299
v 9.026201 6.408502 -0.221299
v 8.936123 6.231094 -0.221299
v 9.052656 6.062623 -0.221299
v 9.537647 6.444156 0.588418
v 9.524053 6.539150 0.588418
v 9.430862 6.546724 0.588418
v 9.375489 6.464412 0.588418
v 9.452158 6.386385 0.588418
v 9.582969 6.554011 0.844118
v 5.911557 -6.919917 -0.462408
v 6.092043 -7.323896 -0.462408
v 6.533861 -7.218219 -0.462408
v 6.592884 -6.779216 -0.462408
v 6.196592 -6.632191 -0.462408
v 6.182578 -7.599254 0.729738
v 6.405045 -7.863705 0.729738
v 6.721211 -7.773330 0.729738
v 6.737580 -7.430651 0.729738
v 6.409945 -7.334640 0.729738
v 6.524570 -8.100161 1.635770
v 6.638830 -8.216538 1.635770
v 6.782916 -8.160080 1.635770
v 6.771572 -8.004724 1.635770
v 6.614260 -7.951473 1.635770
v 6.726166 -8.243499 1.921885
v 3.080925 -10.918861 -0.376460
v 3.252844 -10.668436 -0.376460
v 3.108986 -10.399433 -0.376460
v 2.780375 -10.469106 -0.376460
v 2.785780 -10.801438 -0.376460
v 3.152417 -11.691530 0.373540
v 3.298766 -11.479361 0.373540
v 3.132605 -11.272139 0.373540
v 2.888817 -11.372698 0.373540
v 2.895376 -11.638918 0.373540
v 3.166209 -12.215007 0.943540
v 3.221699 -12.114071 0.943540
v 3.140425 -12.032068 0.943540
v 3.034697 -12.080819 0.943540
v 3.056786 -12.192677 0.943540
v 3.139057 -12.328745 1.123540
v -0.579099 8.815203 -0.415202
v -0.940810 8.860200 -0.415202
v -1.073830 8.501687 -0.415202
v -0.775381 8.285490 -0.415202
v -0.471477 8.478092 -0.415202
v -0.690571 9.195876 1.686467
v -0.967402 9.170564 1.686467
v -1.040786 8.904446 1.686467
v -0.805893 8.776429 1.686467
v -0.595390 8.934794 1.686467
v -0.807578 9.407745 3.283737
v -0.935595 9.372956 3.283737
v -0.960407 9.251873 3.283737
v -0.848610 9.196590 3.283737
v -0.760119 9.282341 3.283737
v -0.877901 9.396989 3.788137
v -9.025760 -5.640671 -0.989648
v -9.340123 -6.102279 -0.989648
v -9.007744 -6.546276 -0.989648
v -8.542334 -6.322982 -0.989648
v -8.535862 -5.842378 -0.989648
v -9.498679 -5.954752 0.323850
v -9.692093 -6.273010 0.323850
v -9.428128 -6.550988 0.323850
v -9.069904 -6.394386 0.323850
v -9.127989 -6.005250 0.323850
v -9.831607 -6.189042 1.322109
v -9.896677 -6.368032 1.322109
v -9.761628 -6.482321 1.322109
v -9.609232 -6.396638 1.322109
v -9.637512 -6.214329 1.322109
v -9.866085 -6.368805 1.637348
v 0.341955 -8.416317 -0.371971
v 0.444244 -8.211677 -0.371971
v 0.267226 -8.074601 -0.371971
v 0.083727 -8.179319 -0.371971
v 0.113366 -8.401905 -0.371971
v 0.352842 -8.871486 1.758863
v 0.396007 -8.691472 1.758863
v 0.254520 -8.569127 1.758863
v 0.107354 -8.690279 1.758863
v 0.172441 -8.852201 1.758863
v 0.309615 -9.162992 3.378296
v 0.325519 -9.078603 3.378296
v 0.254443 -9.038525 3.378296
v 0.187745 -9.089432 3.378296
v 0.223965 -9.166676 3.378296
v 0.261998 -9.222591 3.889697
v -4.831568 -7.038928 -1.016426
v -5.104241 -6.894976 -1.016426
v -5.350052 -7.046690 -1.016426
v -5.271063 -7.354792 -1.016426
v -4.934623 -7.362325 -1.016426
v -5.111579 -7.625913 0.786347
v -5.303834 -7.521829 0.786347
v -5.477754 -7.662854 0.786347
v -5.375789 -7.863126 0.786347
v -5.132838 -7.870487 0.786347
v -5.322534 -8.087185 2.156455
v -5.439226 -8.045110 2.156455
v -5.523573 -8.128723 2.156455
v -5.461855 -8.229824 2.156455
v -5.342701 -8.214151 2.156455
v -5.463632 -8.279772 2.589120
v 8.779257 -4.910338 -1.016499
v 8.983894 -4.752470 -1.016499
v 8.857412 -4.521457 -1.016499
v 8.598905 -4.541842 -1.016499
v 8.578477 -4.790223 -1.016499
v 9.555285 -5.155557 0.672742
v 9.700233 -5.014754 0.672742
v 9.585922 -4.837958 0.672742
v 9.391891 -4.891454 0.672742
v 9.364992 -5.093445 0.672742
v 10.125585 -5.302727 1.956565
v 10.174541 -5.221657 1.956565
v 10.120800 -5.154390 1.956565
v 10.036080 -5.176336 1.956565
v 10.036252 -5.267747 1.956565
v 10.282464 -5.291916 2.361983
v 11.240083 -4.427172 -1.033678
v 11.331709 -4.222146 -1.033678
v 11.145299 -4.056046 -1.033678
v 10.947353 -4.210104 -1.033678
v 11.010552 -4.444457 -1.033678
v 11.568067 -4.474800 -0.105125
v 11.633377 -4.302267 -0.105125
v 11.465045 -4.228721 -0.105125
v 11.312213 -4.328645 -0.105125
v 11.386165 -4.515322 -0.105125
v 11.784385 -4.486318 0.600575
v 11.794917 -4.403203 0.600575
v 11.720497 -4.361269 0.600575
v 11.661445 -4.424625 0.600575
v 11.698978 -4.502887 0.600575
v 11.813777 -4.456798 0.823428
v -10.270657 6.528355 -1.296152
v -9.958817 6.148069 -1.296152
v -9.519298 6.279428 -1.296152
v -9.455647 6.772425 -1.296152
v -9.937825 6.887330 -1.296152
v -10.755195 6.986099 -0.467577
v -10.510298 6.671921 -0.467577
v -10.142526 6.838995 -0.467577
v -10.148482 7.256230 -0.467577
v -10.568738 7.343363 -0.467577
v -11.052944 7.362891 0.162139
v -10.913869 7.213493 0.162139
v -10.725824 7.310365 0.162139
v -10.777816 7.502768 0.162139
v -10.957872 7.525354 0.162139
v -11.032069 7.509976 0.360997
v 1.357821 -9.756282 -0.727468
v 1.315219 -10.266648 -0.727468
v 1.805156 -10.373449 -0.727468
v 2.152312 -10.005606 -0.727468
v 1.830167 -9.577878 -0.727468
v 1.433946 -10.635454 0.022532
v 1.523301 -11.034865 0.022532
v 1.906668 -11.161168 0.022532
v 2.066210 -10.793814 0.022532
v 1.836694 -10.465261 0.022532
v 1.649605 -11.373344 0.592532
v 1.695265 -11.574214 0.592532
v 1.886110 -11.586588 0.592532
v 1.984402 -11.418729 0.592532
v 1.833530 -11.288113 0.592532
v 1.829162 -11.648445 0.772532
v -10.062341 -4.550429 -1.075174
v -9.715056 -4.222481 -1.075174
v -9.932695 -3.771461 -1.075174
v -10.442061 -3.850291 -1.075174
v -10.497234 -4.352553 -1.075174
v -10.716490 -4.660769 0.021122
v -10.485424 -4.323123 0.021122
v -10.698779 -3.994388 0.021122
v -11.084301 -4.097969 0.021122
v -11.065948 -4.477497 0.021122
v -11.286644 -4.561842 0.854306
v -11.161720 -4.416052 0.854306
v -11.299538 -4.283743 0.854306
v -11.468769 -4.337603 0.854306
v -11.470085 -4.528775 0.854306
v -11.503474 -4.459774 1.117417
v 9.221961 5.037875 -0.464496
v 9.126411 5.444296 -0.464496
v 8.679924 5.448735 -0.464496
v 8.579752 5.031951 -0.464496
v 8.907445 4.807142 -0.464496
v 9.669944 5.462013 0.412297
v 9.546850 5.720775 0.412297
v 9.262853 5.691763 0.412297
v 9.202677 5.408449 0.412297
v 9.460915 5.224237 0.412297
v 9.956863 5.778356 1.078660
v 9.873190 5.898790 1.078660
v 9.732455 5.879261 1.078660
v 9.723679 5.737131 1.078660
v 9.850259 5.666821 1.078660
v 9.950165 5.883165 1.289091
v -3.578078 9.381728 -0.988694
v -3.864852 9.451636 -0.988694
v -4.031070 9.221669 -0.988694
v -3.867750 8.967007 -0.988694
v -3.592983 9.087441 -0.988694
v -3.736148 9.760989 0.264521
v -4.000807 9.803596 0.264521
v -4.124542 9.574710 0.264521
v -3.948112 9.385432 0.264521
v -3.718283 9.497897 0.264521
v -3.936608 9.954409 1.216965
v -4.047491 9.977006 1.216965
v -4.104527 9.865497 1.216965
v -4.008155 9.779584 1.216965
v -3.894133 9.842356 1.216965
v -4.024949 9.978646 1.517737
v -0.919162 -9.109917 -0.591833
v -0.637567 -9.432648 -0.591833
v -0.250172 -9.262066 -0.591833
v -0.279059 -8.838289 -0.591833
v -0.720093 -8.689996 -0.591833
v -0.848921 -9.791757 1.242132
v -0.618778 -10.021723 1.242132
v -0.290316 -9.875206 1.242132
v -0.378991 -9.515800 1.242132
v -0.727005 -9.486649 1.242132
v -0.733381 -10.277616 2.635946
v -0.612815 -10.378956 2.635946
v -0.461803 -10.294675 2.635946
v -0.510474 -10.116288 2.635946
v -0.694239 -10.114224 2.635946
v -0.615331 -10.400197 3.076097
v 11.517768 -2.006341 -0.712130
v 11.147075 -1.968836 -0.712130
v 11.027242 -2.300139 -0.712130
v 11.271238 -2.541424 -0.712130
v 11.596668 -2.374041 -0.712130
v 11.701600 -2.114389 0.469335
v 11.441658 -2.136510 0.469335
v 11.324791 -2.382597 0.469335
v 11.564523 -2.556400 0.469335
v 11.776882 -2.373108 0.469335
v 11.819189 -2.256628 1.367248
v 11.695234 -2.274465 1.367248
v 11.648537 -2.399380 1.367248
v 11.772787 -2.478233 1.367248
v 11.876317 -2.378131 1.367248
v 11.824424 -2.366376 1.650799
v 3.773900 -9.360828 -1.071504
v 3.441813 -9.575973 -1.071504
v 3.566154 -9.938503 -1.071504
v 3.954501 -9.987637 -1.071504
v 4.045285 -9.614764 -1.071504
v 4.018394 -10.176186 0.570827
v 3.776807 -10.374661 0.570827
v 3.907148 -10.645654 0.570827
v 4.217195 -10.656424 0.570827
v 4.294943 -10.336043 0.570827
v 4.225281 -10.867936 1.818999
v 4.122137 -10.986140 1.818999
v 4.183373 -11.128565 1.818999
v 4.345784 -11.107061 1.818999
v 4.371652 -10.943649 1.818999
v 4.312781 -11.185491 2.213158
v -8.372661 7.807627 -0.489540
v -8.280049 7.615144 -0.489540
v -8.073730 7.643501 -0.489540
v -8.008313 7.856666 -0.489540
v -8.217227 7.981679 -0.489540
v -8.857781 8.300893 0.361807
v -8.774511 8.149849 0.361807
v -8.592577 8.181753 0.361807
v -8.586086 8.366738 0.361807
v -8.747567 8.425643 0.361807
v -9.179837 8.681586 1.008831
v -9.135812 8.613604 1.008831
v -9.061449 8.643328 1.008831
v -9.055908 8.723089 1.008831
v -9.133482 8.743201 1.008831
v -9.239206 8.805454 1.213154
v -9.986670 4.735212 -0.957961
v -10.059538 4.478886 -0.957961
v -9.813004 4.348919 -0.957961
v -9.638172 4.541851 -0.957961
v -9.734449 4.776308 -0.957961
v -10.490291 4.891423 0.541910
v -10.521425 4.699569 0.541910
v -10.333325 4.626774 0.541910
v -10.222296 4.778678 0.541910
v -10.303256 4.957393 0.541910
v -10.845277 5.000166 1.681812
v -10.834148 4.907107 1.681812
v -10.751006 4.875290 1.681812
v -10.691842 4.950346 1.681812
v -10.748407 5.034958 1.681812
v -10.902923 5.000323 2.041781
v -3.469373 -11.473664 -1.193716
v -3.605349 -11.671098 -1.193716
v -3.450471 -11.850192 -1.193716
v -3.210365 -11.785614 -1.193716
v -3.254740 -11.546634 -1.193716
v -3.539018 -12.061384 -0.045010
v -3.610722 -12.238680 -0.045010
v -3.486083 -12.372825 -0.045010
v -3.322839 -12.285702 -0.045010
v -3.349224 -12.103723 -0.045010
v -3.547920 -12.571638 0.828007
v -3.577255 -12.652668 0.828007
v -3.514200 -12.715349 0.828007
v -3.437617 -12.664760 0.828007
v -3.459229 -12.577978 0.828007
v -3.523197 -12.768667 1.103697
o central_spire
usemtl IceCrystal
f 2 1 8 9
f 9 8 15 16
f 15 22 16
f 3 2 9 10
f 10 9 16 17
f 16 22 17
f 4 3 10 11
f 11 10 17 18
f 17 22 18
f 5 4 11 12
f 12 11 18 19
f 18 22 19
f 6 5 12 13
f 13 12 19 20
f 19 22 20
f 7 6 13 14
f 14 13 20 21
f 20 22 21
f 1 7 14 8
f 8 14 21 15
f 21 22 15
f 7 6 5 4 3 2 1
o central_left
usemtl IceCrystal
f 24 23 29 30
f 30 29 35 36
f 35 41 36
f 25 24 30 31
f 31 30 36 37
f 36 41 37
f 26 25 31 32
f 32 31 37 38
f 37 41 38
f 27 26 32 33
f 33 32 38 39
f 38 41 39
f 28 27 33 34
f 34 33 39 40
f 39 41 40
f 23 28 34 29
f 29 34 40 35
f 40 41 35
f 28 27 26 25 24 23
o central_right
usemtl IceCrystal
f 43 42 49 50
f 50 49 56 57
f 56 63 57
f 44 43 50 51
f 51 50 57 58
f 57 63 58
f 45 44 51 52
f 52 51 58 59
f 58 63 59
f 46 45 52 53
f 53 52 59 60
f 59 63 60
f 47 46 53 54
f 54 53 60 61
f 60 63 61
f 48 47 54 55
f 55 54 61 62
f 61 63 62
f 42 48 55 49
f 49 55 62 56
f 62 63 56
f 48 47 46 45 44 43 42
o central_rear
usemtl IceCrystal
f 65 64 70 71
f 71 70 76 77
f 76 82 77
f 66 65 71 72
f 72 71 77 78
f 77 82 78
f 67 66 72 73
f 73 72 78 79
f 78 82 79
f 68 67 73 74
f 74 73 79 80
f 79 82 80
f 69 68 74 75
f 75 74 80 81
f 80 82 81
f 64 69 75 70
f 70 75 81 76
f 81 82 76
f 69 68 67 66 65 64
o body_000
usemtl IceCrystal
f 84 83 88 89
f 89 88 93 94
f 93 98 94
f 85 84 89 90
f 90 89 94 95
f 94 98 95
f 86 85 90 91
f 91 90 95 96
f 95 98 96
f 87 86 91 92
f 92 91 96 97
f 96 98 97
f 83 87 92 88
f 88 92 97 93
f 97 98 93
f 87 86 85 84 83
o body_001
usemtl IceCrystal
f 100 99 105 106
f 106 105 111 112
f 111 117 112
f 101 100 106 107
f 107 106 112 113
f 112 117 113
f 102 101 107 108
f 108 107 113 114
f 113 117 114
f 103 102 108 109
f 109 108 114 115
f 114 117 115
f 104 103 109 110
f 110 109 115 116
f 115 117 116
f 99 104 110 105
f 105 110 116 111
f 116 117 111
f 104 103 102 101 100 99
o body_002
usemtl IceCrystal
f 119 118 123 124
f 124 123 128 129
f 128 133 129
f 120 119 124 125
f 125 124 129 130
f 129 133 130
f 121 120 125 126
f 126 125 130 131
f 130 133 131
f 122 121 126 127
f 127 126 131 132
f 131 133 132
f 118 122 127 123
f 123 127 132 128
f 132 133 128
f 122 121 120 119 118
o body_003
usemtl IceCrystal
f 135 134 140 141
f 141 140 146 147
f 146 152 147
f 136 135 141 142
f 142 141 147 148
f 147 152 148
f 137 136 142 143
f 143 142 148 149
f 148 152 149
f 138 137 143 144
f 144 143 149 150
f 149 152 150
f 139 138 144 145
f 145 144 150 151
f 150 152 151
f 134 139 145 140
f 140 145 151 146
f 151 152 146
f 139 138 137 136 135 134
o body_004
usemtl IceCrystal
f 154 153 158 159
f 159 158 163 164
f 163 168 164
f 155 154 159 160
f 160 159 164 165
f 164 168 165
f 156 155 160 161
f 161 160 165 166
f 165 168 166
f 157 156 161 162
f 162 161 166 167
f 166 168 167
f 153 157 162 158
f 158 162 167 163
f 167 168 163
f 157 156 155 154 153
o body_005
usemtl IceCrystal
f 170 169 174 175
f 175 174 179 180
f 179 184 180
f 171 170 175 176
f 176 175 180 181
f 180 184 181
f 172 171 176 177
f 177 176 181 182
f 181 184 182
f 173 172 177 178
f 178 177 182 183
f 182 184 183
f 169 173 178 174
f 174 178 183 179
f 183 184 179
f 173 172 171 170 169
o body_006
usemtl IceCrystal
f 186 185 191 192
f 192 191 197 198
f 197 203 198
f 187 186 192 193
f 193 192 198 199
f 198 203 199
f 188 187 193 194
f 194 193 199 200
f 199 203 200
f 189 188 194 195
f 195 194 200 201
f 200 203 201
f 190 189 195 196
f 196 195 201 202
f 201 203 202
f 185 190 196 191
f 191 196 202 197
f 202 203 197
f 190 189 188 187 186 185
o body_007
usemtl IceCrystal
f 205 204 209 210
f 210 209 214 215
f 214 219 215
f 206 205 210 211
f 211 210 215 216
f 215 219 216
f 207 206 211 212
f 212 211 216 217
f 216 219 217
f 208 207 212 213
f 213 212 217 218
f 217 219 218
f 204 208 213 209
f 209 213 218 214
f 218 219 214
f 208 207 206 205 204
o body_008
usemtl IceCrystal
f 221 220 225 226
f 226 225 230 231
f 230 235 231
f 222 221 226 227
f 227 226 231 232
f 231 235 232
f 223 222 227 228
f 228 227 232 233
f 232 235 233
f 224 223 228 229
f 229 228 233 234
f 233 235 234
f 220 224 229 225
f 225 229 234 230
f 234 235 230
f 224 223 222 221 220
o body_009
usemtl IceCrystal
f 237 236 242 243
f 243 242 248 249
f 248 254 249
f 238 237 243 244
f 244 243 249 250
f 249 254 250
f 239 238 244 245
f 245 244 250 251
f 250 254 251
f 240 239 245 246
f 246 245 251 252
f 251 254 252
f 241 240 246 247
f 247 246 252 253
f 252 254 253
f 236 241 247 242
f 242 247 253 248
f 253 254 248
f 241 240 239 238 237 236
o body_010
usemtl IceCrystal
f 256 255 260 261
f 261 260 265 266
f 265 270 266
f 257 256 261 262
f 262 261 266 267
f 266 270 267
f 258 257 262 263
f 263 262 267 268
f 267 270 268
f 259 258 263 264
f 264 263 268 269
f 268 270 269
f 255 259 264 260
f 260 264 269 265
f 269 270 265
f 259 258 257 256 255
o body_011
usemtl IceCrystal
f 272 271 277 278
f 278 277 283 284
f 283 289 284
f 273 272 278 279
f 279 278 284 285
f 284 289 285
f 274 273 279 280
f 280 279 285 286
f 285 289 286
f 275 274 280 281
f 281 280 286 287
f 286 289 287
f 276 275 281 282
f 282 281 287 288
f 287 289 288
f 271 276 282 277
f 277 282 288 283
f 288 289 283
f 276 275 274 273 272 271
o body_012
usemtl IceCrystal
f 291 290 296 297
f 297 296 302 303
f 302 308 303
f 292 291 297 298
f 298 297 303 304
f 303 308 304
f 293 292 298 299
f 299 298 304 305
f 304 308 305
f 294 293 299 300
f 300 299 305 306
f 305 308 306
f 295 294 300 301
f 301 300 306 307
f 306 308 307
f 290 295 301 296
f 296 301 307 302
f 307 308 302
f 295 294 293 292 291 290
o body_013
usemtl IceCrystal
f 310 309 314 315
f 315 314 319 320
f 319 324 320
f 311 310 315 316
f 316 315 320 321
f 320 324 321
f 312 311 316 317
f 317 316 321 322
f 321 324 322
f 313 312 317 318
f 318 317 322 323
f 322 324 323
f 309 313 318 314
f 314 318 323 319
f 323 324 319
f 313 312 311 310 309
o body_014
usemtl IceCrystal
f 326 325 330 331
f 331 330 335 336
f 335 340 336
f 327 326 331 332
f 332 331 336 337
f 336 340 337
f 328 327 332 333
f 333 332 337 338
f 337 340 338
f 329 328 333 334
f 334 333 338 339
f 338 340 339
f 325 329 334 330
f 330 334 339 335
f 339 340 335
f 329 328 327 326 325
o body_015
usemtl IceCrystal
f 342 341 347 348
f 348 347 353 354
f 353 359 354
f 343 342 348 349
f 349 348 354 355
f 354 359 355
f 344 343 349 350
f 350 349 355 356
f 355 359 356
f 345 344 350 351
f 351 350 356 357
f 356 359 357
f 346 345 351 352
f 352 351 357 358
f 357 359 358
f 341 346 352 347
f 347 352 358 353
f 358 359 353
f 346 345 344 343 342 341
o body_016
usemtl IceCrystal
f 361 360 365 366
f 366 365 370 371
f 370 375 371
f 362 361 366 367
f 367 366 371 372
f 371 375 372
f 363 362 367 368
f 368 367 372 373
f 372 375 373
f 364 363 368 369
f 369 368 373 374
f 373 375 374
f 360 364 369 365
f 365 369 374 370
f 374 375 370
f 364 363 362 361 360
o body_017
usemtl IceCrystal
f 377 376 381 382
f 382 381 386 387
f 386 391 387
f 378 377 382 383
f 383 382 387 388
f 387 391 388
f 379 378 383 384
f 384 383 388 389
f 388 391 389
f 380 379 384 385
f 385 384 389 390
f 389 391 390
f 376 380 385 381
f 381 385 390 386
f 390 391 386
f 380 379 378 377 376
o body_018
usemtl IceCrystal
f 393 392 398 399
f 399 398 404 405
f 404 410 405
f 394 393 399 400
f 400 399 405 406
f 405 410 406
f 395 394 400 401
f 401 400 406 407
f 406 410 407
f 396 395 401 402
f 402 401 407 408
f 407 410 408
f 397 396 402 403
f 403 402 408 409
f 408 410 409
f 392 397 403 398
f 398 403 409 404
f 409 410 404
f 397 396 395 394 393 392
o body_019
usemtl IceCrystal
f 412 411 417 418
f 418 417 423 424
f 423 429 424
f 413 412 418 419
f 419 418 424 425
f 424 429 425
f 414 413 419 420
f 420 419 425 426
f 425 429 426
f 415 414 420 421
f 421 420 426 427
f 426 429 427
f 416 415 421 422
f 422 421 427 428
f 427 429 428
f 411 416 422 417
f 417 422 428 423
f 428 429 423
f 416 415 414 413 412 411
o body_020
usemtl IceCrystal
f 431 430 435 436
f 436 435 440 441
f 440 445 441
f 432 431 436 437
f 437 436 441 442
f 441 445 442
f 433 432 437 438
f 438 437 442 443
f 442 445 443
f 434 433 438 439
f 439 438 443 444
f 443 445 444
f 430 434 439 435
f 435 439 444 440
f 444 445 440
f 434 433 432 431 430
o body_021
usemtl IceCrystal
f 447 446 452 453
f 453 452 458 459
f 458 464 459
f 448 447 453 454
f 454 453 459 460
f 459 464 460
f 449 448 454 455
f 455 454 460 461
f 460 464 461
f 450 449 455 456
f 456 455 461 462
f 461 464 462
f 451 450 456 457
f 457 456 462 463
f 462 464 463
f 446 451 457 452
f 452 457 463 458
f 463 464 458
f 451 450 449 448 447 446
o body_022
usemtl IceCrystal
f 466 465 471 472
f 472 471 477 478
f 477 483 478
f 467 466 472 473
f 473 472 478 479
f 478 483 479
f 468 467 473 474
f 474 473 479 480
f 479 483 480
f 469 468 474 475
f 475 474 480 481
f 480 483 481
f 470 469 475 476
f 476 475 481 482
f 481 483 482
f 465 470 476 471
f 471 476 482 477
f 482 483 477
f 470 469 468 467 466 465
o body_023
usemtl IceCrystal
f 485 484 489 490
f 490 489 494 495
f 494 499 495
f 486 485 490 491
f 491 490 495 496
f 495 499 496
f 487 486 491 492
f 492 491 496 497
f 496 499 497
f 488 487 492 493
f 493 492 497 498
f 497 499 498
f 484 488 493 489
f 489 493 498 494
f 498 499 494
f 488 487 486 485 484
o body_024
usemtl IceCrystal
f 501 500 506 507
f 507 506 512 513
f 512 518 513
f 502 501 507 508
f 508 507 513 514
f 513 518 514
f 503 502 508 509
f 509 508 514 515
f 514 518 515
f 504 503 509 510
f 510 509 515 516
f 515 518 516
f 505 504 510 511
f 511 510 516 517
f 516 518 517
f 500 505 511 506
f 506 511 517 512
f 517 518 512
f 505 504 503 502 501 500
o body_025
usemtl IceCrystal
f 520 519 525 526
f 526 525 531 532
f 531 537 532
f 521 520 526 527
f 527 526 532 533
f 532 537 533
f 522 521 527 528
f 528 527 533 534
f 533 537 534
f 523 522 528 529
f 529 528 534 535
f 534 537 535
f 524 523 529 530
f 530 529 535 536
f 535 537 536
f 519 524 530 525
f 525 530 536 531
f 536 537 531
f 524 523 522 521 520 519
o body_026
usemtl IceCrystal
f 539 538 543 544
f 544 543 548 549
f 548 553 549
f 540 539 544 545
f 545 544 549 550
f 549 553 550
f 541 540 545 546
f 546 545 550 551
f 550 553 551
f 542 541 546 547
f 547 546 551 552
f 551 553 552
f 538 542 547 543
f 543 547 552 548
f 552 553 548
f 542 541 540 539 538
o body_027
usemtl IceCrystal
f 555 554 560 561
f 561 560 566 567
f 566 572 567
f 556 555 561 562
f 562 561 567 568
f 567 572 568
f 557 556 562 563
f 563 562 568 569
f 568 572 569
f 558 557 563 564
f 564 563 569 570
f 569 572 570
f 559 558 564 565
f 565 564 570 571
f 570 572 571
f 554 559 565 560
f 560 565 571 566
f 571 572 566
f 559 558 557 556 555 554
o body_028
usemtl IceCrystal
f 574 573 579 580
f 580 579 585 586
f 585 591 586
f 575 574 580 581
f 581 580 586 587
f 586 591 587
f 576 575 581 582
f 582 581 587 588
f 587 591 588
f 577 576 582 583
f 583 582 588 589
f 588 591 589
f 578 577 583 584
f 584 583 589 590
f 589 591 590
f 573 578 584 579
f 579 584 590 585
f 590 591 585
f 578 577 576 575 574 573
o body_029
usemtl IceCrystal
f 593 592 598 599
f 599 598 604 605
f 604 610 605
f 594 593 599 600
f 600 599 605 606
f 605 610 606
f 595 594 600 601
f 601 600 606 607
f 606 610 607
f 596 595 601 602
f 602 601 607 608
f 607 610 608
f 597 596 602 603
f 603 602 608 609
f 608 610 609
f 592 597 603 598
f 598 603 609 604
f 609 610 604
f 597 596 595 594 593 592
o body_030
usemtl IceCrystal
f 612 611 616 617
f 617 616 621 622
f 621 626 622
f 613 612 617 618
f 618 617 622 623
f 622 626 623
f 614 613 618 619
f 619 618 623 624
f 623 626 624
f 615 614 619 620
f 620 619 624 625
f 624 626 625
f 611 615 620 616
f 616 620 625 621
f 625 626 621
f 615 614 613 612 611
o body_031
usemtl IceCrystal
f 628 627 632 633
f 633 632 637 638
f 637 642 638
f 629 628 633 634
f 634 633 638 639
f 638 642 639
f 630 629 634 635
f 635 634 639 640
f 639 642 640
f 631 630 635 636
f 636 635 640 641
f 640 642 641
f 627 631 636 632
f 632 636 641 637
f 641 642 637
f 631 630 629 628 627
o body_032
usemtl IceCrystal
f 644 643 649 650
f 650 649 655 656
f 655 661 656
f 645 644 650 651
f 651 650 656 657
f 656 661 657
f 646 645 651 652
f 652 651 657 658
f 657 661 658
f 647 646 652 653
f 653 652 658 659
f 658 661 659
f 648 647 653 654
f 654 653 659 660
f 659 661 660
f 643 648 654 649
f 649 654 660 655
f 660 661 655
f 648 647 646 645 644 643
o body_033
usemtl IceCrystal
f 663 662 668 669
f 669 668 674 675
f 674 680 675
f 664 663 669 670
f 670 669 675 676
f 675 680 676
f 665 664 670 671
f 671 670 676 677
f 676 680 677
f 666 665 671 672
f 672 671 677 678
f 677 680 678
f 667 666 672 673
f 673 672 678 679
f 678 680 679
f 662 667 673 668
f 668 673 679 674
f 679 680 674
f 667 666 665 664 663 662
o body_034
usemtl IceCrystal
f 682 681 687 688
f 688 687 693 694
f 693 699 694
f 683 682 688 689
f 689 688 694 695
f 694 699 695
f 684 683 689 690
f 690 689 695 696
f 695 699 696
f 685 684 690 691
f 691 690 696 697
f 696 699 697
f 686 685 691 692
f 692 691 697 698
f 697 699 698
f 681 686 692 687
f 687 692 698 693
f 698 699 693
f 686 685 684 683 682 681
o body_035
usemtl IceCrystal
f 701 700 705 706
f 706 705 710 711
f 710 715 711
f 702 701 706 707
f 707 706 711 712
f 711 715 712
f 703 702 707 708
f 708 707 712 713
f 712 715 713
f 704 703 708 709
f 709 708 713 714
f 713 715 714
f 700 704 709 705
f 705 709 714 710
f 714 715 710
f 704 703 702 701 700
o body_036
usemtl IceCrystal
f 717 716 722 723
f 723 722 728 729
f 728 734 729
f 718 717 723 724
f 724 723 729 730
f 729 734 730
f 719 718 724 725
f 725 724 730 731
f 730 734 731
f 720 719 725 726
f 726 725 731 732
f 731 734 732
f 721 720 726 727
f 727 726 732 733
f 732 734 733
f 716 721 727 722
f 722 727 733 728
f 733 734 728
f 721 720 719 718 717 716
o body_037
usemtl IceCrystal
f 736 735 740 741
f 741 740 745 746
f 745 750 746
f 737 736 741 742
f 742 741 746 747
f 746 750 747
f 738 737 742 743
f 743 742 747 748
f 747 750 748
f 739 738 743 744
f 744 743 748 749
f 748 750 749
f 735 739 744 740
f 740 744 749 745
f 749 750 745
f 739 738 737 736 735
o body_038
usemtl IceCrystal
f 752 751 756 757
f 757 756 761 762
f 761 766 762
f 753 752 757 758
f 758 757 762 763
f 762 766 763
f 754 753 758 759
f 759 758 763 764
f 763 766 764
f 755 754 759 760
f 760 759 764 765
f 764 766 765
f 751 755 760 756
f 756 760 765 761
f 765 766 761
f 755 754 753 752 751
o body_039
usemtl IceCrystal
f 768 767 772 773
f 773 772 777 778
f 777 782 778
f 769 768 773 774
f 774 773 778 779
f 778 782 779
f 770 769 774 775
f 775 774 779 780
f 779 782 780
f 771 770 775 776
f 776 775 780 781
f 780 782 781
f 767 771 776 772
f 772 776 781 777
f 781 782 777
f 771 770 769 768 767
o body_040
usemtl IceCrystal
f 784 783 789 790
f 790 789 795 796
f 795 801 796
f 785 784 790 791
f 791 790 796 797
f 796 801 797
f 786 785 791 792
f 792 791 797 798
f 797 801 798
f 787 786 792 793
f 793 792 798 799
f 798 801 799
f 788 787 793 794
f 794 793 799 800
f 799 801 800
f 783 788 794 789
f 789 794 800 795
f 800 801 795
f 788 787 786 785 784 783
o body_041
usemtl IceCrystal
f 803 802 807 808
f 808 807 812 813
f 812 817 813
f 804 803 808 809
f 809 808 813 814
f 813 817 814
f 805 804 809 810
f 810 809 814 815
f 814 817 815
f 806 805 810 811
f 811 810 815 816
f 815 817 816
f 802 806 811 807
f 807 811 816 812
f 816 817 812
f 806 805 804 803 802
o body_042
usemtl IceCrystal
f 819 818 824 825
f 825 824 830 831
f 830 836 831
f 820 819 825 826
f 826 825 831 832
f 831 836 832
f 821 820 826 827
f 827 826 832 833
f 832 836 833
f 822 821 827 828
f 828 827 833 834
f 833 836 834
f 823 822 828 829
f 829 828 834 835
f 834 836 835
f 818 823 829 824
f 824 829 835 830
f 835 836 830
f 823 822 821 820 819 818
o body_043
usemtl IceCrystal
f 838 837 843 844
f 844 843 849 850
f 849 855 850
f 839 838 844 845
f 845 844 850 851
f 850 855 851
f 840 839 845 846
f 846 845 851 852
f 851 855 852
f 841 840 846 847
f 847 846 852 853
f 852 855 853
f 842 841 847 848
f 848 847 853 854
f 853 855 854
f 837 842 848 843
f 843 848 854 849
f 854 855 849
f 842 841 840 839 838 837
o body_044
usemtl IceCrystal
f 857 856 862 863
f 863 862 868 869
f 868 874 869
f 858 857 863 864
f 864 863 869 870
f 869 874 870
f 859 858 864 865
f 865 864 870 871
f 870 874 871
f 860 859 865 866
f 866 865 871 872
f 871 874 872
f 861 860 866 867
f 867 866 872 873
f 872 874 873
f 856 861 867 862
f 862 867 873 868
f 873 874 868
f 861 860 859 858 857 856
o body_045
usemtl IceCrystal
f 876 875 880 881
f 881 880 885 886
f 885 890 886
f 877 876 881 882
f 882 881 886 887
f 886 890 887
f 878 877 882 883
f 883 882 887 888
f 887 890 888
f 879 878 883 884
f 884 883 888 889
f 888 890 889
f 875 879 884 880
f 880 884 889 885
f 889 890 885
f 879 878 877 876 875
o body_046
usemtl IceCrystal
f 892 891 896 897
f 897 896 901 902
f 901 906 902
f 893 892 897 898
f 898 897 902 903
f 902 906 903
f 894 893 898 899
f 899 898 903 904
f 903 906 904
f 895 894 899 900
f 900 899 904 905
f 904 906 905
f 891 895 900 896
f 896 900 905 901
f 905 906 901
f 895 894 893 892 891
o body_047
usemtl IceCrystal
f 908 907 912 913
f 913 912 917 918
f 917 922 918
f 909 908 913 914
f 914 913 918 919
f 918 922 919
f 910 909 914 915
f 915 914 919 920
f 919 922 920
f 911 910 915 916
f 916 915 920 921
f 920 922 921
f 907 911 916 912
f 912 916 921 917
f 921 922 917
f 911 910 909 908 907
o body_048
usemtl IceCrystal
f 924 923 929 930
f 930 929 935 936
f 935 941 936
f 925 924 930 931
f 931 930 936 937
f 936 941 937
f 926 925 931 932
f 932 931 937 938
f 937 941 938
f 927 926 932 933
f 933 932 938 939
f 938 941 939
f 928 927 933 934
f 934 933 939 940
f 939 941 940
f 923 928 934 929
f 929 934 940 935
f 940 941 935
f 928 927 926 925 924 923
o body_049
usemtl IceCrystal
f 943 942 948 949
f 949 948 954 955
f 954 960 955
f 944 943 949 950
f 950 949 955 956
f 955 960 956
f 945 944 950 951
f 951 950 956 957
f 956 960 957
f 946 945 951 952
f 952 951 957 958
f 957 960 958
f 947 946 952 953
f 953 952 958 959
f 958 960 959
f 942 947 953 948
f 948 953 959 954
f 959 960 954
f 947 946 945 944 943 942
o body_050
usemtl IceCrystal
f 962 961 967 968
f 968 967 973 974
f 973 979 974
f 963 962 968 969
f 969 968 974 975
f 974 979 975
f 964 963 969 970
f 970 969 975 976
f 975 979 976
f 965 964 970 971
f 971 970 976 977
f 976 979 977
f 966 965 971 972
f 972 971 977 978
f 977 979 978
f 961 966 972 967
f 967 972 978 973
f 978 979 973
f 966 965 964 963 962 961
o body_051
usemtl IceCrystal
f 981 980 986 987
f 987 986 992 993
f 992 998 993
f 982 981 987 988
f 988 987 993 994
f 993 998 994
f 983 982 988 989
f 989 988 994 995
f 994 998 995
f 984 983 989 990
f 990 989 995 996
f 995 998 996
f 985 984 990 991
f 991 990 996 997
f 996 998 997
f 980 985 991 986
f 986 991 997 992
f 997 998 992
f 985 984 983 982 981 980
o body_052
usemtl IceCrystal
f 1000 999 1005 1006
f 1006 1005 1011 1012
f 1011 1017 1012
f 1001 1000 1006 1007
f 1007 1006 1012 1013
f 1012 1017 1013
f 1002 1001 1007 1008
f 1008 1007 1013 1014
f 1013 1017 1014
f 1003 1002 1008 1009
f 1009 1008 1014 1015
f 1014 1017 1015
f 1004 1003 1009 1010
f 1010 1009 1015 1016
f 1015 1017 1016
f 999 1004 1010 1005
f 1005 1010 1016 1011
f 1016 1017 1011
f 1004 1003 1002 1001 1000 999
o body_053
usemtl IceCrystal
f 1019 1018 1023 1024
f 1024 1023 1028 1029
f 1028 1033 1029
f 1020 1019 1024 1025
f 1025 1024 1029 1030
f 1029 1033 1030
f 1021 1020 1025 1026
f 1026 1025 1030 1031
f 1030 1033 1031
f 1022 1021 1026 1027
f 1027 1026 1031 1032
f 1031 1033 1032
f 1018 1022 1027 1023
f 1023 1027 1032 1028
f 1032 1033 1028
f 1022 1021 1020 1019 1018
o body_054
usemtl IceCrystal
f 1035 1034 1039 1040
f 1040 1039 1044 1045
f 1044 1049 1045
f 1036 1035 1040 1041
f 1041 1040 1045 1046
f 1045 1049 1046
f 1037 1036 1041 1042
f 1042 1041 1046 1047
f 1046 1049 1047
f 1038 1037 1042 1043
f 1043 1042 1047 1048
f 1047 1049 1048
f 1034 1038 1043 1039
f 1039 1043 1048 1044
f 1048 1049 1044
f 1038 1037 1036 1035 1034
o body_055
usemtl IceCrystal
f 1051 1050 1055 1056
f 1056 1055 1060 1061
f 1060 1065 1061
f 1052 1051 1056 1057
f 1057 1056 1061 1062
f 1061 1065 1062
f 1053 1052 1057 1058
f 1058 1057 1062 1063
f 1062 1065 1063
f 1054 1053 1058 1059
f 1059 1058 1063 1064
f 1063 1065 1064
f 1050 1054 1059 1055
f 1055 1059 1064 1060
f 1064 1065 1060
f 1054 1053 1052 1051 1050
o body_056
usemtl IceCrystal
f 1067 1066 1072 1073
f 1073 1072 1078 1079
f 1078 1084 1079
f 1068 1067 1073 1074
f 1074 1073 1079 1080
f 1079 1084 1080
f 1069 1068 1074 1075
f 1075 1074 1080 1081
f 1080 1084 1081
f 1070 1069 1075 1076
f 1076 1075 1081 1082
f 1081 1084 1082
f 1071 1070 1076 1077
f 1077 1076 1082 1083
f 1082 1084 1083
f 1066 1071 1077 1072
f 1072 1077 1083 1078
f 1083 1084 1078
f 1071 1070 1069 1068 1067 1066
o body_057
usemtl IceCrystal
f 1086 1085 1091 1092
f 1092 1091 1097 1098
f 1097 1103 1098
f 1087 1086 1092 1093
f 1093 1092 1098 1099
f 1098 1103 1099
f 1088 1087 1093 1094
f 1094 1093 1099 1100
f 1099 1103 1100
f 1089 1088 1094 1095
f 1095 1094 1100 1101
f 1100 1103 1101
f 1090 1089 1095 1096
f 1096 1095 1101 1102
f 1101 1103 1102
f 1085 1090 1096 1091
f 1091 1096 1102 1097
f 1102 1103 1097
f 1090 1089 1088 1087 1086 1085
o body_058
usemtl IceCrystal
f 1105 1104 1109 1110
f 1110 1109 1114 1115
f 1114 1119 1115
f 1106 1105 1110 1111
f 1111 1110 1115 1116
f 1115 1119 1116
f 1107 1106 1111 1112
f 1112 1111 1116 1117
f 1116 1119 1117
f 1108 1107 1112 1113
f 1113 1112 1117 1118
f 1117 1119 1118
f 1104 1108 1113 1109
f 1109 1113 1118 1114
f 1118 1119 1114
f 1108 1107 1106 1105 1104
o body_059
usemtl IceCrystal
f 1121 1120 1126 1127
f 1127 1126 1132 1133
f 1132 1138 1133
f 1122 1121 1127 1128
f 1128 1127 1133 1134
f 1133 1138 1134
f 1123 1122 1128 1129
f 1129 1128 1134 1135
f 1134 1138 1135
f 1124 1123 1129 1130
f 1130 1129 1135 1136
f 1135 1138 1136
f 1125 1124 1130 1131
f 1131 1130 1136 1137
f 1136 1138 1137
f 1120 1125 1131 1126
f 1126 1131 1137 1132
f 1137 1138 1132
f 1125 1124 1123 1122 1121 1120
o body_060
usemtl IceCrystal
f 1140 1139 1144 1145
f 1145 1144 1149 1150
f 1149 1154 1150
f 1141 1140 1145 1146
f 1146 1145 1150 1151
f 1150 1154 1151
f 1142 1141 1146 1147
f 1147 1146 1151 1152
f 1151 1154 1152
f 1143 1142 1147 1148
f 1148 1147 1152 1153
f 1152 1154 1153
f 1139 1143 1148 1144
f 1144 1148 1153 1149
f 1153 1154 1149
f 1143 1142 1141 1140 1139
o body_061
usemtl IceCrystal
f 1156 1155 1160 1161
f 1161 1160 1165 1166
f 1165 1170 1166
f 1157 1156 1161 1162
f 1162 1161 1166 1167
f 1166 1170 1167
f 1158 1157 1162 1163
f 1163 1162 1167 1168
f 1167 1170 1168
f 1159 1158 1163 1164
f 1164 1163 1168 1169
f 1168 1170 1169
f 1155 1159 1164 1160
f 1160 1164 1169 1165
f 1169 1170 1165
f 1159 1158 1157 1156 1155
o body_062
usemtl IceCrystal
f 1172 1171 1176 1177
f 1177 1176 1181 1182
f 1181 1186 1182
f 1173 1172 1177 1178
f 1178 1177 1182 1183
f 1182 1186 1183
f 1174 1173 1178 1179
f 1179 1178 1183 1184
f 1183 1186 1184
f 1175 1174 1179 1180
f 1180 1179 1184 1185
f 1184 1186 1185
f 1171 1175 1180 1176
f 1176 1180 1185 1181
f 1185 1186 1181
f 1175 1174 1173 1172 1171
o body_063
usemtl IceCrystal
f 1188 1187 1193 1194
f 1194 1193 1199 1200
f 1199 1205 1200
f 1189 1188 1194 1195
f 1195 1194 1200 1201
f 1200 1205 1201
f 1190 1189 1195 1196
f 1196 1195 1201 1202
f 1201 1205 1202
f 1191 1190 1196 1197
f 1197 1196 1202 1203
f 1202 1205 1203
f 1192 1191 1197 1198
f 1198 1197 1203 1204
f 1203 1205 1204
f 1187 1192 1198 1193
f 1193 1198 1204 1199
f 1204 1205 1199
f 1192 1191 1190 1189 1188 1187
o body_064
usemtl IceCrystal
f 1207 1206 1212 1213
f 1213 1212 1218 1219
f 1218 1224 1219
f 1208 1207 1213 1214
f 1214 1213 1219 1220
f 1219 1224 1220
f 1209 1208 1214 1215
f 1215 1214 1220 1221
f 1220 1224 1221
f 1210 1209 1215 1216
f 1216 1215 1221 1222
f 1221 1224 1222
f 1211 1210 1216 1217
f 1217 1216 1222 1223
f 1222 1224 1223
f 1206 1211 1217 1212
f 1212 1217 1223 1218
f 1223 1224 1218
f 1211 1210 1209 1208 1207 1206
o body_065
usemtl IceCrystal
f 1226 1225 1230 1231
f 1231 1230 1235 1236
f 1235 1240 1236
f 1227 1226 1231 1232
f 1232 1231 1236 1237
f 1236 1240 1237
f 1228 1227 1232 1233
f 1233 1232 1237 1238
f 1237 1240 1238
f 1229 1228 1233 1234
f 1234 1233 1238 1239
f 1238 1240 1239
f 1225 1229 1234 1230
f 1230 1234 1239 1235
f 1239 1240 1235
f 1229 1228 1227 1226 1225
o body_066
usemtl IceCrystal
f 1242 1241 1247 1248
f 1248 1247 1253 1254
f 1253 1259 1254
f 1243 1242 1248 1249
f 1249 1248 1254 1255
f 1254 1259 1255
f 1244 1243 1249 1250
f 1250 1249 1255 1256
f 1255 1259 1256
f 1245 1244 1250 1251
f 1251 1250 1256 1257
f 1256 1259 1257
f 1246 1245 1251 1252
f 1252 1251 1257 1258
f 1257 1259 1258
f 1241 1246 1252 1247
f 1247 1252 1258 1253
f 1258 1259 1253
f 1246 1245 1244 1243 1242 1241
o body_067
usemtl IceCrystal
f 1261 1260 1265 1266
f 1266 1265 1270 1271
f 1270 1275 1271
f 1262 1261 1266 1267
f 1267 1266 1271 1272
f 1271 1275 1272
f 1263 1262 1267 1268
f 1268 1267 1272 1273
f 1272 1275 1273
f 1264 1263 1268 1269
f 1269 1268 1273 1274
f 1273 1275 1274
f 1260 1264 1269 1265
f 1265 1269 1274 1270
f 1274 1275 1270
f 1264 1263 1262 1261 1260
o body_068
usemtl IceCrystal
f 1277 1276 1281 1282
f 1282 1281 1286 1287
f 1286 1291 1287
f 1278 1277 1282 1283
f 1283 1282 1287 1288
f 1287 1291 1288
f 1279 1278 1283 1284
f 1284 1283 1288 1289
f 1288 1291 1289
f 1280 1279 1284 1285
f 1285 1284 1289 1290
f 1289 1291 1290
f 1276 1280 1285 1281
f 1281 1285 1290 1286
f 1290 1291 1286
f 1280 1279 1278 1277 1276
o body_069
usemtl IceCrystal
f 1293 1292 1297 1298
f 1298 1297 1302 1303
f 1302 1307 1303
f 1294 1293 1298 1299
f 1299 1298 1303 1304
f 1303 1307 1304
f 1295 1294 1299 1300
f 1300 1299 1304 1305
f 1304 1307 1305
f 1296 1295 1300 1301
f 1301 1300 1305 1306
f 1305 1307 1306
f 1292 1296 1301 1297
f 1297 1301 1306 1302
f 1306 1307 1302
f 1296 1295 1294 1293 1292
o body_070
usemtl IceCrystal
f 1309 1308 1314 1315
f 1315 1314 1320 1321
f 1320 1326 1321
f 1310 1309 1315 1316
f 1316 1315 1321 1322
f 1321 1326 1322
f 1311 1310 1316 1317
f 1317 1316 1322 1323
f 1322 1326 1323
f 1312 1311 1317 1318
f 1318 1317 1323 1324
f 1323 1326 1324
f 1313 1312 1318 1319
f 1319 1318 1324 1325
f 1324 1326 1325
f 1308 1313 1319 1314
f 1314 1319 1325 1320
f 1325 1326 1320
f 1313 1312 1311 1310 1309 1308
o body_071
usemtl IceCrystal
f 1328 1327 1332 1333
f 1333 1332 1337 1338
f 1337 1342 1338
f 1329 1328 1333 1334
f 1334 1333 1338 1339
f 1338 1342 1339
f 1330 1329 1334 1335
f 1335 1334 1339 1340
f 1339 1342 1340
f 1331 1330 1335 1336
f 1336 1335 1340 1341
f 1340 1342 1341
f 1327 1331 1336 1332
f 1332 1336 1341 1337
f 1341 1342 1337
f 1331 1330 1329 1328 1327
o body_072
usemtl IceCrystal
f 1344 1343 1348 1349
f 1349 1348 1353 1354
f 1353 1358 1354
f 1345 1344 1349 1350
f 1350 1349 1354 1355
f 1354 1358 1355
f 1346 1345 1350 1351
f 1351 1350 1355 1356
f 1355 1358 1356
f 1347 1346 1351 1352
f 1352 1351 1356 1357
f 1356 1358 1357
f 1343 1347 1352 1348
f 1348 1352 1357 1353
f 1357 1358 1353
f 1347 1346 1345 1344 1343
o body_073
usemtl IceCrystal
f 1360 1359 1365 1366
f 1366 1365 1371 1372
f 1371 1377 1372
f 1361 1360 1366 1367
f 1367 1366 1372 1373
f 1372 1377 1373
f 1362 1361 1367 1368
f 1368 1367 1373 1374
f 1373 1377 1374
f 1363 1362 1368 1369
f 1369 1368 1374 1375
f 1374 1377 1375
f 1364 1363 1369 1370
f 1370 1369 1375 1376
f 1375 1377 1376
f 1359 1364 1370 1365
f 1365 1370 1376 1371
f 1376 1377 1371
f 1364 1363 1362 1361 1360 1359
o body_074
usemtl IceCrystal
f 1379 1378 1383 1384
f 1384 1383 1388 1389
f 1388 1393 1389
f 1380 1379 1384 1385
f 1385 1384 1389 1390
f 1389 1393 1390
f 1381 1380 1385 1386
f 1386 1385 1390 1391
f 1390 1393 1391
f 1382 1381 1386 1387
f 1387 1386 1391 1392
f 1391 1393 1392
f 1378 1382 1387 1383
f 1383 1387 1392 1388
f 1392 1393 1388
f 1382 1381 1380 1379 1378
o body_075
usemtl IceCrystal
f 1395 1394 1400 1401
f 1401 1400 1406 1407
f 1406 1412 1407
f 1396 1395 1401 1402
f 1402 1401 1407 1408
f 1407 1412 1408
f 1397 1396 1402 1403
f 1403 1402 1408 1409
f 1408 1412 1409
f 1398 1397 1403 1404
f 1404 1403 1409 1410
f 1409 1412 1410
f 1399 1398 1404 1405
f 1405 1404 1410 1411
f 1410 1412 1411
f 1394 1399 1405 1400
f 1400 1405 1411 1406
f 1411 1412 1406
f 1399 1398 1397 1396 1395 1394
o body_076
usemtl IceCrystal
f 1414 1413 1419 1420
f 1420 1419 1425 1426
f 1425 1431 1426
f 1415 1414 1420 1421
f 1421 1420 1426 1427
f 1426 1431 1427
f 1416 1415 1421 1422
f 1422 1421 1427 1428
f 1427 1431 1428
f 1417 1416 1422 1423
f 1423 1422 1428 1429
f 1428 1431 1429
f 1418 1417 1423 1424
f 1424 1423 1429 1430
f 1429 1431 1430
f 1413 1418 1424 1419
f 1419 1424 1430 1425
f 1430 1431 1425
f 1418 1417 1416 1415 1414 1413
o body_077
usemtl IceCrystal
f 1433 1432 1438 1439
f 1439 1438 1444 1445
f 1444 1450 1445
f 1434 1433 1439 1440
f 1440 1439 1445 1446
f 1445 1450 1446
f 1435 1434 1440 1441
f 1441 1440 1446 1447
f 1446 1450 1447
f 1436 1435 1441 1442
f 1442 1441 1447 1448
f 1447 1450 1448
f 1437 1436 1442 1443
f 1443 1442 1448 1449
f 1448 1450 1449
f 1432 1437 1443 1438
f 1438 1443 1449 1444
f 1449 1450 1444
f 1437 1436 1435 1434 1433 1432
o body_078
usemtl IceCrystal
f 1452 1451 1457 1458
f 1458 1457 1463 1464
f 1463 1469 1464
f 1453 1452 1458 1459
f 1459 1458 1464 1465
f 1464 1469 1465
f 1454 1453 1459 1460
f 1460 1459 1465 1466
f 1465 1469 1466
f 1455 1454 1460 1461
f 1461 1460 1466 1467
f 1466 1469 1467
f 1456 1455 1461 1462
f 1462 1461 1467 1468
f 1467 1469 1468
f 1451 1456 1462 1457
f 1457 1462 1468 1463
f 1468 1469 1463
f 1456 1455 1454 1453 1452 1451
o body_079
usemtl IceCrystal
f 1471 1470 1475 1476
f 1476 1475 1480 1481
f 1480 1485 1481
f 1472 1471 1476 1477
f 1477 1476 1481 1482
f 1481 1485 1482
f 1473 1472 1477 1478
f 1478 1477 1482 1483
f 1482 1485 1483
f 1474 1473 1478 1479
f 1479 1478 1483 1484
f 1483 1485 1484
f 1470 1474 1479 1475
f 1475 1479 1484 1480
f 1484 1485 1480
f 1474 1473 1472 1471 1470
o body_080
usemtl IceCrystal
f 1487 1486 1492 1493
f 1493 1492 1498 1499
f 1498 1504 1499
f 1488 1487 1493 1494
f 1494 1493 1499 1500
f 1499 1504 1500
f 1489 1488 1494 1495
f 1495 1494 1500 1501
f 1500 1504 1501
f 1490 1489 1495 1496
f 1496 1495 1501 1502
f 1501 1504 1502
f 1491 1490 1496 1497
f 1497 1496 1502 1503
f 1502 1504 1503
f 1486 1491 1497 1492
f 1492 1497 1503 1498
f 1503 1504 1498
f 1491 1490 1489 1488 1487 1486
o body_081
usemtl IceCrystal
f 1506 1505 1511 1512
f 1512 1511 1517 1518
f 1517 1523 1518
f 1507 1506 1512 1513
f 1513 1512 1518 1519
f 1518 1523 1519
f 1508 1507 1513 1514
f 1514 1513 1519 1520
f 1519 1523 1520
f 1509 1508 1514 1515
f 1515 1514 1520 1521
f 1520 1523 1521
f 1510 1509 1515 1516
f 1516 1515 1521 1522
f 1521 1523 1522
f 1505 1510 1516 1511
f 1511 1516 1522 1517
f 1522 1523 1517
f 1510 1509 1508 1507 1506 1505
o body_082
usemtl IceCrystal
f 1525 1524 1530 1531
f 1531 1530 1536 1537
f 1536 1542 1537
f 1526 1525 1531 1532
f 1532 1531 1537 1538
f 1537 1542 1538
f 1527 1526 1532 1533
f 1533 1532 1538 1539
f 1538 1542 1539
f 1528 1527 1533 1534
f 1534 1533 1539 1540
f 1539 1542 1540
f 1529 1528 1534 1535
f 1535 1534 1540 1541
f 1540 1542 1541
f 1524 1529 1535 1530
f 1530 1535 1541 1536
f 1541 1542 1536
f 1529 1528 1527 1526 1525 1524
o body_083
usemtl IceCrystal
f 1544 1543 1549 1550
f 1550 1549 1555 1556
f 1555 1561 1556
f 1545 1544 1550 1551
f 1551 1550 1556 1557
f 1556 1561 1557
f 1546 1545 1551 1552
f 1552 1551 1557 1558
f 1557 1561 1558
f 1547 1546 1552 1553
f 1553 1552 1558 1559
f 1558 1561 1559
f 1548 1547 1553 1554
f 1554 1553 1559 1560
f 1559 1561 1560
f 1543 1548 1554 1549
f 1549 1554 1560 1555
f 1560 1561 1555
f 1548 1547 1546 1545 1544 1543
o body_084
usemtl IceCrystal
f 1563 1562 1567 1568
f 1568 1567 1572 1573
f 1572 1577 1573
f 1564 1563 1568 1569
f 1569 1568 1573 1574
f 1573 1577 1574
f 1565 1564 1569 1570
f 1570 1569 1574 1575
f 1574 1577 1575
f 1566 1565 1570 1571
f 1571 1570 1575 1576
f 1575 1577 1576
f 1562 1566 1571 1567
f 1567 1571 1576 1572
f 1576 1577 1572
f 1566 1565 1564 1563 1562
o body_085
usemtl IceCrystal
f 1579 1578 1584 1585
f 1585 1584 1590 1591
f 1590 1596 1591
f 1580 1579 1585 1586
f 1586 1585 1591 1592
f 1591 1596 1592
f 1581 1580 1586 1587
f 1587 1586 1592 1593
f 1592 1596 1593
f 1582 1581 1587 1588
f 1588 1587 1593 1594
f 1593 1596 1594
f 1583 1582 1588 1589
f 1589 1588 1594 1595
f 1594 1596 1595
f 1578 1583 1589 1584
f 1584 1589 1595 1590
f 1595 1596 1590
f 1583 1582 1581 1580 1579 1578
o body_086
usemtl IceCrystal
f 1598 1597 1602 1603
f 1603 1602 1607 1608
f 1607 1612 1608
f 1599 1598 1603 1604
f 1604 1603 1608 1609
f 1608 1612 1609
f 1600 1599 1604 1605
f 1605 1604 1609 1610
f 1609 1612 1610
f 1601 1600 1605 1606
f 1606 1605 1610 1611
f 1610 1612 1611
f 1597 1601 1606 1602
f 1602 1606 1611 1607
f 1611 1612 1607
f 1601 1600 1599 1598 1597
o body_087
usemtl IceCrystal
f 1614 1613 1619 1620
f 1620 1619 1625 1626
f 1625 1631 1626
f 1615 1614 1620 1621
f 1621 1620 1626 1627
f 1626 1631 1627
f 1616 1615 1621 1622
f 1622 1621 1627 1628
f 1627 1631 1628
f 1617 1616 1622 1623
f 1623 1622 1628 1629
f 1628 1631 1629
f 1618 1617 1623 1624
f 1624 1623 1629 1630
f 1629 1631 1630
f 1613 1618 1624 1619
f 1619 1624 1630 1625
f 1630 1631 1625
f 1618 1617 1616 1615 1614 1613
o body_088
usemtl IceCrystal
f 1633 1632 1638 1639
f 1639 1638 1644 1645
f 1644 1650 1645
f 1634 1633 1639 1640
f 1640 1639 1645 1646
f 1645 1650 1646
f 1635 1634 1640 1641
f 1641 1640 1646 1647
f 1646 1650 1647
f 1636 1635 1641 1642
f 1642 1641 1647 1648
f 1647 1650 1648
f 1637 1636 1642 1643
f 1643 1642 1648 1649
f 1648 1650 1649
f 1632 1637 1643 1638
f 1638 1643 1649 1644
f 1649 1650 1644
f 1637 1636 1635 1634 1633 1632
o body_089
usemtl IceCrystal
f 1652 1651 1657 1658
f 1658 1657 1663 1664
f 1663 1669 1664
f 1653 1652 1658 1659
f 1659 1658 1664 1665
f 1664 1669 1665
f 1654 1653 1659 1660
f 1660 1659 1665 1666
f 1665 1669 1666
f 1655 1654 1660 1661
f 1661 1660 1666 1667
f 1666 1669 1667
f 1656 1655 1661 1662
f 1662 1661 1667 1668
f 1667 1669 1668
f 1651 1656 1662 1657
f 1657 1662 1668 1663
f 1668 1669 1663
f 1656 1655 1654 1653 1652 1651
o body_090
usemtl IceCrystal
f 1671 1670 1676 1677
f 1677 1676 1682 1683
f 1682 1688 1683
f 1672 1671 1677 1678
f 1678 1677 1683 1684
f 1683 1688 1684
f 1673 1672 1678 1679
f 1679 1678 1684 1685
f 1684 1688 1685
f 1674 1673 1679 1680
f 1680 1679 1685 1686
f 1685 1688 1686
f 1675 1674 1680 1681
f 1681 1680 1686 1687
f 1686 1688 1687
f 1670 1675 1681 1676
f 1676 1681 1687 1682
f 1687 1688 1682
f 1675 1674 1673 1672 1671 1670
o body_091
usemtl IceCrystal
f 1690 1689 1695 1696
f 1696 1695 1701 1702
f 1701 1707 1702
f 1691 1690 1696 1697
f 1697 1696 1702 1703
f 1702 1707 1703
f 1692 1691 1697 1698
f 1698 1697 1703 1704
f 1703 1707 1704
f 1693 1692 1698 1699
f 1699 1698 1704 1705
f 1704 1707 1705
f 1694 1693 1699 1700
f 1700 1699 1705 1706
f 1705 1707 1706
f 1689 1694 1700 1695
f 1695 1700 1706 1701
f 1706 1707 1701
f 1694 1693 1692 1691 1690 1689
o body_092
usemtl IceCrystal
f 1709 1708 1714 1715
f 1715 1714 1720 1721
f 1720 1726 1721
f 1710 1709 1715 1716
f 1716 1715 1721 1722
f 1721 1726 1722
f 1711 1710 1716 1717
f 1717 1716 1722 1723
f 1722 1726 1723
f 1712 1711 1717 1718
f 1718 1717 1723 1724
f 1723 1726 1724
f 1713 1712 1718 1719
f 1719 1718 1724 1725
f 1724 1726 1725
f 1708 1713 1719 1714
f 1714 1719 1725 1720
f 1725 1726 1720
f 1713 1712 1711 1710 1709 1708
o body_093
usemtl IceCrystal
f 1728 1727 1733 1734
f 1734 1733 1739 1740
f 1739 1745 1740
f 1729 1728 1734 1735
f 1735 1734 1740 1741
f 1740 1745 1741
f 1730 1729 1735 1736
f 1736 1735 1741 1742
f 1741 1745 1742
f 1731 1730 1736 1737
f 1737 1736 1742 1743
f 1742 1745 1743
f 1732 1731 1737 1738
f 1738 1737 1743 1744
f 1743 1745 1744
f 1727 1732 1738 1733
f 1733 1738 1744 1739
f 1744 1745 1739
f 1732 1731 1730 1729 1728 1727
o body_094
usemtl IceCrystal
f 1747 1746 1751 1752
f 1752 1751 1756 1757
f 1756 1761 1757
f 1748 1747 1752 1753
f 1753 1752 1757 1758
f 1757 1761 1758
f 1749 1748 1753 1754
f 1754 1753 1758 1759
f 1758 1761 1759
f 1750 1749 1754 1755
f 1755 1754 1759 1760
f 1759 1761 1760
f 1746 1750 1755 1751
f 1751 1755 1760 1756
f 1760 1761 1756
f 1750 1749 1748 1747 1746
o body_095
usemtl IceCrystal
f 1763 1762 1768 1769
f 1769 1768 1774 1775
f 1774 1780 1775
f 1764 1763 1769 1770
f 1770 1769 1775 1776
f 1775 1780 1776
f 1765 1764 1770 1771
f 1771 1770 1776 1777
f 1776 1780 1777
f 1766 1765 1771 1772
f 1772 1771 1777 1778
f 1777 1780 1778
f 1767 1766 1772 1773
f 1773 1772 1778 1779
f 1778 1780 1779
f 1762 1767 1773 1768
f 1768 1773 1779 1774
f 1779 1780 1774
f 1767 1766 1765 1764 1763 1762
o body_096
usemtl IceCrystal
f 1782 1781 1787 1788
f 1788 1787 1793 1794
f 1793 1799 1794
f 1783 1782 1788 1789
f 1789 1788 1794 1795
f 1794 1799 1795
f 1784 1783 1789 1790
f 1790 1789 1795 1796
f 1795 1799 1796
f 1785 1784 1790 1791
f 1791 1790 1796 1797
f 1796 1799 1797
f 1786 1785 1791 1792
f 1792 1791 1797 1798
f 1797 1799 1798
f 1781 1786 1792 1787
f 1787 1792 1798 1793
f 1798 1799 1793
f 1786 1785 1784 1783 1782 1781
o body_097
usemtl IceCrystal
f 1801 1800 1806 1807
f 1807 1806 1812 1813
f 1812 1818 1813
f 1802 1801 1807 1808
f 1808 1807 1813 1814
f 1813 1818 1814
f 1803 1802 1808 1809
f 1809 1808 1814 1815
f 1814 1818 1815
f 1804 1803 1809 1810
f 1810 1809 1815 1816
f 1815 1818 1816
f 1805 1804 1810 1811
f 1811 1810 1816 1817
f 1816 1818 1817
f 1800 1805 1811 1806
f 1806 1811 1817 1812
f 1817 1818 1812
f 1805 1804 1803 1802 1801 1800
o body_098
usemtl IceCrystal
f 1820 1819 1824 1825
f 1825 1824 1829 1830
f 1829 1834 1830
f 1821 1820 1825 1826
f 1826 1825 1830 1831
f 1830 1834 1831
f 1822 1821 1826 1827
f 1827 1826 1831 1832
f 1831 1834 1832
f 1823 1822 1827 1828
f 1828 1827 1832 1833
f 1832 1834 1833
f 1819 1823 1828 1824
f 1824 1828 1833 1829
f 1833 1834 1829
f 1823 1822 1821 1820 1819
o body_099
usemtl IceCrystal
f 1836 1835 1841 1842
f 1842 1841 1847 1848
f 1847 1853 1848
f 1837 1836 1842 1843
f 1843 1842 1848 1849
f 1848 1853 1849
f 1838 1837 1843 1844
f 1844 1843 1849 1850
f 1849 1853 1850
f 1839 1838 1844 1845
f 1845 1844 1850 1851
f 1850 1853 1851
f 1840 1839 1845 1846
f 1846 1845 1851 1852
f 1851 1853 1852
f 1835 1840 1846 1841
f 1841 1846 1852 1847
f 1852 1853 1847
f 1840 1839 1838 1837 1836 1835
o body_100
usemtl IceCrystal
f 1855 1854 1860 1861
f 1861 1860 1866 1867
f 1866 1872 1867
f 1856 1855 1861 1862
f 1862 1861 1867 1868
f 1867 1872 1868
f 1857 1856 1862 1863
f 1863 1862 1868 1869
f 1868 1872 1869
f 1858 1857 1863 1864
f 1864 1863 1869 1870
f 1869 1872 1870
f 1859 1858 1864 1865
f 1865 1864 1870 1871
f 1870 1872 1871
f 1854 1859 1865 1860
f 1860 1865 1871 1866
f 1871 1872 1866
f 1859 1858 1857 1856 1855 1854
o body_101
usemtl IceCrystal
f 1874 1873 1879 1880
f 1880 1879 1885 1886
f 1885 1891 1886
f 1875 1874 1880 1881
f 1881 1880 1886 1887
f 1886 1891 1887
f 1876 1875 1881 1882
f 1882 1881 1887 1888
f 1887 1891 1888
f 1877 1876 1882 1883
f 1883 1882 1888 1889
f 1888 1891 1889
f 1878 1877 1883 1884
f 1884 1883 1889 1890
f 1889 1891 1890
f 1873 1878 1884 1879
f 1879 1884 1890 1885
f 1890 1891 1885
f 1878 1877 1876 1875 1874 1873
o body_102
usemtl IceCrystal
f 1893 1892 1898 1899
f 1899 1898 1904 1905
f 1904 1910 1905
f 1894 1893 1899 1900
f 1900 1899 1905 1906
f 1905 1910 1906
f 1895 1894 1900 1901
f 1901 1900 1906 1907
f 1906 1910 1907
f 1896 1895 1901 1902
f 1902 1901 1907 1908
f 1907 1910 1908
f 1897 1896 1902 1903
f 1903 1902 1908 1909
f 1908 1910 1909
f 1892 1897 1903 1898
f 1898 1903 1909 1904
f 1909 1910 1904
f 1897 1896 1895 1894 1893 1892
o body_103
usemtl IceCrystal
f 1912 1911 1917 1918
f 1918 1917 1923 1924
f 1923 1929 1924
f 1913 1912 1918 1919
f 1919 1918 1924 1925
f 1924 1929 1925
f 1914 1913 1919 1920
f 1920 1919 1925 1926
f 1925 1929 1926
f 1915 1914 1920 1921
f 1921 1920 1926 1927
f 1926 1929 1927
f 1916 1915 1921 1922
f 1922 1921 1927 1928
f 1927 1929 1928
f 1911 1916 1922 1917
f 1917 1922 1928 1923
f 1928 1929 1923
f 1916 1915 1914 1913 1912 1911
o body_104
usemtl IceCrystal
f 1931 1930 1936 1937
f 1937 1936 1942 1943
f 1942 1948 1943
f 1932 1931 1937 1938
f 1938 1937 1943 1944
f 1943 1948 1944
f 1933 1932 1938 1939
f 1939 1938 1944 1945
f 1944 1948 1945
f 1934 1933 1939 1940
f 1940 1939 1945 1946
f 1945 1948 1946
f 1935 1934 1940 1941
f 1941 1940 1946 1947
f 1946 1948 1947
f 1930 1935 1941 1936
f 1936 1941 1947 1942
f 1947 1948 1942
f 1935 1934 1933 1932 1931 1930
o body_105
usemtl IceCrystal
f 1950 1949 1955 1956
f 1956 1955 1961 1962
f 1961 1967 1962
f 1951 1950 1956 1957
f 1957 1956 1962 1963
f 1962 1967 1963
f 1952 1951 1957 1958
f 1958 1957 1963 1964
f 1963 1967 1964
f 1953 1952 1958 1959
f 1959 1958 1964 1965
f 1964 1967 1965
f 1954 1953 1959 1960
f 1960 1959 1965 1966
f 1965 1967 1966
f 1949 1954 1960 1955
f 1955 1960 1966 1961
f 1966 1967 1961
f 1954 1953 1952 1951 1950 1949
o body_106
usemtl IceCrystal
f 1969 1968 1974 1975
f 1975 1974 1980 1981
f 1980 1986 1981
f 1970 1969 1975 1976
f 1976 1975 1981 1982
f 1981 1986 1982
f 1971 1970 1976 1977
f 1977 1976 1982 1983
f 1982 1986 1983
f 1972 1971 1977 1978
f 1978 1977 1983 1984
f 1983 1986 1984
f 1973 1972 1978 1979
f 1979 1978 1984 1985
f 1984 1986 1985
f 1968 1973 1979 1974
f 1974 1979 1985 1980
f 1985 1986 1980
f 1973 1972 1971 1970 1969 1968
o body_107
usemtl IceCrystal
f 1988 1987 1993 1994
f 1994 1993 1999 2000
f 1999 2005 2000
f 1989 1988 1994 1995
f 1995 1994 2000 2001
f 2000 2005 2001
f 1990 1989 1995 1996
f 1996 1995 2001 2002
f 2001 2005 2002
f 1991 1990 1996 1997
f 1997 1996 2002 2003
f 2002 2005 2003
f 1992 1991 1997 1998
f 1998 1997 2003 2004
f 2003 2005 2004
f 1987 1992 1998 1993
f 1993 1998 2004 1999
f 2004 2005 1999
f 1992 1991 1990 1989 1988 1987
o body_108
usemtl IceCrystal
f 2007 2006 2012 2013
f 2013 2012 2018 2019
f 2018 2024 2019
f 2008 2007 2013 2014
f 2014 2013 2019 2020
f 2019 2024 2020
f 2009 2008 2014 2015
f 2015 2014 2020 2021
f 2020 2024 2021
f 2010 2009 2015 2016
f 2016 2015 2021 2022
f 2021 2024 2022
f 2011 2010 2016 2017
f 2017 2016 2022 2023
f 2022 2024 2023
f 2006 2011 2017 2012
f 2012 2017 2023 2018
f 2023 2024 2018
f 2011 2010 2009 2008 2007 2006
o body_109
usemtl IceCrystal
f 2026 2025 2030 2031
f 2031 2030 2035 2036
f 2035 2040 2036
f 2027 2026 2031 2032
f 2032 2031 2036 2037
f 2036 2040 2037
f 2028 2027 2032 2033
f 2033 2032 2037 2038
f 2037 2040 2038
f 2029 2028 2033 2034
f 2034 2033 2038 2039
f 2038 2040 2039
f 2025 2029 2034 2030
f 2030 2034 2039 2035
f 2039 2040 2035
f 2029 2028 2027 2026 2025
o body_110
usemtl IceCrystal
f 2042 2041 2046 2047
f 2047 2046 2051 2052
f 2051 2056 2052
f 2043 2042 2047 2048
f 2048 2047 2052 2053
f 2052 2056 2053
f 2044 2043 2048 2049
f 2049 2048 2053 2054
f 2053 2056 2054
f 2045 2044 2049 2050
f 2050 2049 2054 2055
f 2054 2056 2055
f 2041 2045 2050 2046
f 2046 2050 2055 2051
f 2055 2056 2051
f 2045 2044 2043 2042 2041
o body_111
usemtl IceCrystal
f 2058 2057 2063 2064
f 2064 2063 2069 2070
f 2069 2075 2070
f 2059 2058 2064 2065
f 2065 2064 2070 2071
f 2070 2075 2071
f 2060 2059 2065 2066
f 2066 2065 2071 2072
f 2071 2075 2072
f 2061 2060 2066 2067
f 2067 2066 2072 2073
f 2072 2075 2073
f 2062 2061 2067 2068
f 2068 2067 2073 2074
f 2073 2075 2074
f 2057 2062 2068 2063
f 2063 2068 2074 2069
f 2074 2075 2069
f 2062 2061 2060 2059 2058 2057
o body_112
usemtl IceCrystal
f 2077 2076 2081 2082
f 2082 2081 2086 2087
f 2086 2091 2087
f 2078 2077 2082 2083
f 2083 2082 2087 2088
f 2087 2091 2088
f 2079 2078 2083 2084
f 2084 2083 2088 2089
f 2088 2091 2089
f 2080 2079 2084 2085
f 2085 2084 2089 2090
f 2089 2091 2090
f 2076 2080 2085 2081
f 2081 2085 2090 2086
f 2090 2091 2086
f 2080 2079 2078 2077 2076
o body_113
usemtl IceCrystal
f 2093 2092 2098 2099
f 2099 2098 2104 2105
f 2104 2110 2105
f 2094 2093 2099 2100
f 2100 2099 2105 2106
f 2105 2110 2106
f 2095 2094 2100 2101
f 2101 2100 2106 2107
f 2106 2110 2107
f 2096 2095 2101 2102
f 2102 2101 2107 2108
f 2107 2110 2108
f 2097 2096 2102 2103
f 2103 2102 2108 2109
f 2108 2110 2109
f 2092 2097 2103 2098
f 2098 2103 2109 2104
f 2109 2110 2104
f 2097 2096 2095 2094 2093 2092
o body_114
usemtl IceCrystal
f 2112 2111 2117 2118
f 2118 2117 2123 2124
f 2123 2129 2124
f 2113 2112 2118 2119
f 2119 2118 2124 2125
f 2124 2129 2125
f 2114 2113 2119 2120
f 2120 2119 2125 2126
f 2125 2129 2126
f 2115 2114 2120 2121
f 2121 2120 2126 2127
f 2126 2129 2127
f 2116 2115 2121 2122
f 2122 2121 2127 2128
f 2127 2129 2128
f 2111 2116 2122 2117
f 2117 2122 2128 2123
f 2128 2129 2123
f 2116 2115 2114 2113 2112 2111
o body_115
usemtl IceCrystal
f 2131 2130 2136 2137
f 2137 2136 2142 2143
f 2142 2148 2143
f 2132 2131 2137 2138
f 2138 2137 2143 2144
f 2143 2148 2144
f 2133 2132 2138 2139
f 2139 2138 2144 2145
f 2144 2148 2145
f 2134 2133 2139 2140
f 2140 2139 2145 2146
f 2145 2148 2146
f 2135 2134 2140 2141
f 2141 2140 2146 2147
f 2146 2148 2147
f 2130 2135 2141 2136
f 2136 2141 2147 2142
f 2147 2148 2142
f 2135 2134 2133 2132 2131 2130
o body_116
usemtl IceCrystal
f 2150 2149 2155 2156
f 2156 2155 2161 2162
f 2161 2167 2162
f 2151 2150 2156 2157
f 2157 2156 2162 2163
f 2162 2167 2163
f 2152 2151 2157 2158
f 2158 2157 2163 2164
f 2163 2167 2164
f 2153 2152 2158 2159
f 2159 2158 2164 2165
f 2164 2167 2165
f 2154 2153 2159 2160
f 2160 2159 2165 2166
f 2165 2167 2166
f 2149 2154 2160 2155
f 2155 2160 2166 2161
f 2166 2167 2161
f 2154 2153 2152 2151 2150 2149
o body_117
usemtl IceCrystal
f 2169 2168 2173 2174
f 2174 2173 2178 2179
f 2178 2183 2179
f 2170 2169 2174 2175
f 2175 2174 2179 2180
f 2179 2183 2180
f 2171 2170 2175 2176
f 2176 2175 2180 2181
f 2180 2183 2181
f 2172 2171 2176 2177
f 2177 2176 2181 2182
f 2181 2183 2182
f 2168 2172 2177 2173
f 2173 2177 2182 2178
f 2182 2183 2178
f 2172 2171 2170 2169 2168
o body_118
usemtl IceCrystal
f 2185 2184 2190 2191
f 2191 2190 2196 2197
f 2196 2202 2197
f 2186 2185 2191 2192
f 2192 2191 2197 2198
f 2197 2202 2198
f 2187 2186 2192 2193
f 2193 2192 2198 2199
f 2198 2202 2199
f 2188 2187 2193 2194
f 2194 2193 2199 2200
f 2199 2202 2200
f 2189 2188 2194 2195
f 2195 2194 2200 2201
f 2200 2202 2201
f 2184 2189 2195 2190
f 2190 2195 2201 2196
f 2201 2202 2196
f 2189 2188 2187 2186 2185 2184
o body_119
usemtl IceCrystal
f 2204 2203 2209 2210
f 2210 2209 2215 2216
f 2215 2221 2216
f 2205 2204 2210 2211
f 2211 2210 2216 2217
f 2216 2221 2217
f 2206 2205 2211 2212
f 2212 2211 2217 2218
f 2217 2221 2218
f 2207 2206 2212 2213
f 2213 2212 2218 2219
f 2218 2221 2219
f 2208 2207 2213 2214
f 2214 2213 2219 2220
f 2219 2221 2220
f 2203 2208 2214 2209
f 2209 2214 2220 2215
f 2220 2221 2215
f 2208 2207 2206 2205 2204 2203
o body_120
usemtl IceCrystal
f 2223 2222 2227 2228
f 2228 2227 2232 2233
f 2232 2237 2233
f 2224 2223 2228 2229
f 2229 2228 2233 2234
f 2233 2237 2234
f 2225 2224 2229 2230
f 2230 2229 2234 2235
f 2234 2237 2235
f 2226 2225 2230 2231
f 2231 2230 2235 2236
f 2235 2237 2236
f 2222 2226 2231 2227
f 2227 2231 2236 2232
f 2236 2237 2232
f 2226 2225 2224 2223 2222
o body_121
usemtl IceCrystal
f 2239 2238 2243 2244
f 2244 2243 2248 2249
f 2248 2253 2249
f 2240 2239 2244 2245
f 2245 2244 2249 2250
f 2249 2253 2250
f 2241 2240 2245 2246
f 2246 2245 2250 2251
f 2250 2253 2251
f 2242 2241 2246 2247
f 2247 2246 2251 2252
f 2251 2253 2252
f 2238 2242 2247 2243
f 2243 2247 2252 2248
f 2252 2253 2248
f 2242 2241 2240 2239 2238
o body_122
usemtl IceCrystal
f 2255 2254 2260 2261
f 2261 2260 2266 2267
f 2266 2272 2267
f 2256 2255 2261 2262
f 2262 2261 2267 2268
f 2267 2272 2268
f 2257 2256 2262 2263
f 2263 2262 2268 2269
f 2268 2272 2269
f 2258 2257 2263 2264
f 2264 2263 2269 2270
f 2269 2272 2270
f 2259 2258 2264 2265
f 2265 2264 2270 2271
f 2270 2272 2271
f 2254 2259 2265 2260
f 2260 2265 2271 2266
f 2271 2272 2266
f 2259 2258 2257 2256 2255 2254
o body_123
usemtl IceCrystal
f 2274 2273 2278 2279
f 2279 2278 2283 2284
f 2283 2288 2284
f 2275 2274 2279 2280
f 2280 2279 2284 2285
f 2284 2288 2285
f 2276 2275 2280 2281
f 2281 2280 2285 2286
f 2285 2288 2286
f 2277 2276 2281 2282
f 2282 2281 2286 2287
f 2286 2288 2287
f 2273 2277 2282 2278
f 2278 2282 2287 2283
f 2287 2288 2283
f 2277 2276 2275 2274 2273
o body_124
usemtl IceCrystal
f 2290 2289 2295 2296
f 2296 2295 2301 2302
f 2301 2307 2302
f 2291 2290 2296 2297
f 2297 2296 2302 2303
f 2302 2307 2303
f 2292 2291 2297 2298
f 2298 2297 2303 2304
f 2303 2307 2304
f 2293 2292 2298 2299
f 2299 2298 2304 2305
f 2304 2307 2305
f 2294 2293 2299 2300
f 2300 2299 2305 2306
f 2305 2307 2306
f 2289 2294 2300 2295
f 2295 2300 2306 2301
f 2306 2307 2301
f 2294 2293 2292 2291 2290 2289
o body_125
usemtl IceCrystal
f 2309 2308 2313 2314
f 2314 2313 2318 2319
f 2318 2323 2319
f 2310 2309 2314 2315
f 2315 2314 2319 2320
f 2319 2323 2320
f 2311 2310 2315 2316
f 2316 2315 2320 2321
f 2320 2323 2321
f 2312 2311 2316 2317
f 2317 2316 2321 2322
f 2321 2323 2322
f 2308 2312 2317 2313
f 2313 2317 2322 2318
f 2322 2323 2318
f 2312 2311 2310 2309 2308
o body_126
usemtl IceCrystal
f 2325 2324 2330 2331
f 2331 2330 2336 2337
f 2336 2342 2337
f 2326 2325 2331 2332
f 2332 2331 2337 2338
f 2337 2342 2338
f 2327 2326 2332 2333
f 2333 2332 2338 2339
f 2338 2342 2339
f 2328 2327 2333 2334
f 2334 2333 2339 2340
f 2339 2342 2340
f 2329 2328 2334 2335
f 2335 2334 2340 2341
f 2340 2342 2341
f 2324 2329 2335 2330
f 2330 2335 2341 2336
f 2341 2342 2336
f 2329 2328 2327 2326 2325 2324
o body_127
usemtl IceCrystal
f 2344 2343 2349 2350
f 2350 2349 2355 2356
f 2355 2361 2356
f 2345 2344 2350 2351
f 2351 2350 2356 2357
f 2356 2361 2357
f 2346 2345 2351 2352
f 2352 2351 2357 2358
f 2357 2361 2358
f 2347 2346 2352 2353
f 2353 2352 2358 2359
f 2358 2361 2359
f 2348 2347 2353 2354
f 2354 2353 2359 2360
f 2359 2361 2360
f 2343 2348 2354 2349
f 2349 2354 2360 2355
f 2360 2361 2355
f 2348 2347 2346 2345 2344 2343
o body_128
usemtl IceCrystal
f 2363 2362 2368 2369
f 2369 2368 2374 2375
f 2374 2380 2375
f 2364 2363 2369 2370
f 2370 2369 2375 2376
f 2375 2380 2376
f 2365 2364 2370 2371
f 2371 2370 2376 2377
f 2376 2380 2377
f 2366 2365 2371 2372
f 2372 2371 2377 2378
f 2377 2380 2378
f 2367 2366 2372 2373
f 2373 2372 2378 2379
f 2378 2380 2379
f 2362 2367 2373 2368
f 2368 2373 2379 2374
f 2379 2380 2374
f 2367 2366 2365 2364 2363 2362
o body_129
usemtl IceCrystal
f 2382 2381 2386 2387
f 2387 2386 2391 2392
f 2391 2396 2392
f 2383 2382 2387 2388
f 2388 2387 2392 2393
f 2392 2396 2393
f 2384 2383 2388 2389
f 2389 2388 2393 2394
f 2393 2396 2394
f 2385 2384 2389 2390
f 2390 2389 2394 2395
f 2394 2396 2395
f 2381 2385 2390 2386
f 2386 2390 2395 2391
f 2395 2396 2391
f 2385 2384 2383 2382 2381
o body_130
usemtl IceCrystal
f 2398 2397 2403 2404
f 2404 2403 2409 2410
f 2409 2415 2410
f 2399 2398 2404 2405
f 2405 2404 2410 2411
f 2410 2415 2411
f 2400 2399 2405 2406
f 2406 2405 2411 2412
f 2411 2415 2412
f 2401 2400 2406 2407
f 2407 2406 2412 2413
f 2412 2415 2413
f 2402 2401 2407 2408
f 2408 2407 2413 2414
f 2413 2415 2414
f 2397 2402 2408 2403
f 2403 2408 2414 2409
f 2414 2415 2409
f 2402 2401 2400 2399 2398 2397
o body_131
usemtl IceCrystal
f 2417 2416 2422 2423
f 2423 2422 2428 2429
f 2428 2434 2429
f 2418 2417 2423 2424
f 2424 2423 2429 2430
f 2429 2434 2430
f 2419 2418 2424 2425
f 2425 2424 2430 2431
f 2430 2434 2431
f 2420 2419 2425 2426
f 2426 2425 2431 2432
f 2431 2434 2432
f 2421 2420 2426 2427
f 2427 2426 2432 2433
f 2432 2434 2433
f 2416 2421 2427 2422
f 2422 2427 2433 2428
f 2433 2434 2428
f 2421 2420 2419 2418 2417 2416
o body_132
usemtl IceCrystal
f 2436 2435 2440 2441
f 2441 2440 2445 2446
f 2445 2450 2446
f 2437 2436 2441 2442
f 2442 2441 2446 2447
f 2446 2450 2447
f 2438 2437 2442 2443
f 2443 2442 2447 2448
f 2447 2450 2448
f 2439 2438 2443 2444
f 2444 2443 2448 2449
f 2448 2450 2449
f 2435 2439 2444 2440
f 2440 2444 2449 2445
f 2449 2450 2445
f 2439 2438 2437 2436 2435
o body_133
usemtl IceCrystal
f 2452 2451 2456 2457
f 2457 2456 2461 2462
f 2461 2466 2462
f 2453 2452 2457 2458
f 2458 2457 2462 2463
f 2462 2466 2463
f 2454 2453 2458 2459
f 2459 2458 2463 2464
f 2463 2466 2464
f 2455 2454 2459 2460
f 2460 2459 2464 2465
f 2464 2466 2465
f 2451 2455 2460 2456
f 2456 2460 2465 2461
f 2465 2466 2461
f 2455 2454 2453 2452 2451
o body_134
usemtl IceCrystal
f 2468 2467 2473 2474
f 2474 2473 2479 2480
f 2479 2485 2480
f 2469 2468 2474 2475
f 2475 2474 2480 2481
f 2480 2485 2481
f 2470 2469 2475 2476
f 2476 2475 2481 2482
f 2481 2485 2482
f 2471 2470 2476 2477
f 2477 2476 2482 2483
f 2482 2485 2483
f 2472 2471 2477 2478
f 2478 2477 2483 2484
f 2483 2485 2484
f 2467 2472 2478 2473
f 2473 2478 2484 2479
f 2484 2485 2479
f 2472 2471 2470 2469 2468 2467
o body_135
usemtl IceCrystal
f 2487 2486 2491 2492
f 2492 2491 2496 2497
f 2496 2501 2497
f 2488 2487 2492 2493
f 2493 2492 2497 2498
f 2497 2501 2498
f 2489 2488 2493 2494
f 2494 2493 2498 2499
f 2498 2501 2499
f 2490 2489 2494 2495
f 2495 2494 2499 2500
f 2499 2501 2500
f 2486 2490 2495 2491
f 2491 2495 2500 2496
f 2500 2501 2496
f 2490 2489 2488 2487 2486
o body_136
usemtl IceCrystal
f 2503 2502 2507 2508
f 2508 2507 2512 2513
f 2512 2517 2513
f 2504 2503 2508 2509
f 2509 2508 2513 2514
f 2513 2517 2514
f 2505 2504 2509 2510
f 2510 2509 2514 2515
f 2514 2517 2515
f 2506 2505 2510 2511
f 2511 2510 2515 2516
f 2515 2517 2516
f 2502 2506 2511 2507
f 2507 2511 2516 2512
f 2516 2517 2512
f 2506 2505 2504 2503 2502
o body_137
usemtl IceCrystal
f 2519 2518 2524 2525
f 2525 2524 2530 2531
f 2530 2536 2531
f 2520 2519 2525 2526
f 2526 2525 2531 2532
f 2531 2536 2532
f 2521 2520 2526 2527
f 2527 2526 2532 2533
f 2532 2536 2533
f 2522 2521 2527 2528
f 2528 2527 2533 2534
f 2533 2536 2534
f 2523 2522 2528 2529
f 2529 2528 2534 2535
f 2534 2536 2535
f 2518 2523 2529 2524
f 2524 2529 2535 2530
f 2535 2536 2530
f 2523 2522 2521 2520 2519 2518
o body_138
usemtl IceCrystal
f 2538 2537 2542 2543
f 2543 2542 2547 2548
f 2547 2552 2548
f 2539 2538 2543 2544
f 2544 2543 2548 2549
f 2548 2552 2549
f 2540 2539 2544 2545
f 2545 2544 2549 2550
f 2549 2552 2550
f 2541 2540 2545 2546
f 2546 2545 2550 2551
f 2550 2552 2551
f 2537 2541 2546 2542
f 2542 2546 2551 2547
f 2551 2552 2547
f 2541 2540 2539 2538 2537
o body_139
usemtl IceCrystal
f 2554 2553 2559 2560
f 2560 2559 2565 2566
f 2565 2571 2566
f 2555 2554 2560 2561
f 2561 2560 2566 2567
f 2566 2571 2567
f 2556 2555 2561 2562
f 2562 2561 2567 2568
f 2567 2571 2568
f 2557 2556 2562 2563
f 2563 2562 2568 2569
f 2568 2571 2569
f 2558 2557 2563 2564
f 2564 2563 2569 2570
f 2569 2571 2570
f 2553 2558 2564 2559
f 2559 2564 2570 2565
f 2570 2571 2565
f 2558 2557 2556 2555 2554 2553
o body_140
usemtl IceCrystal
f 2573 2572 2578 2579
f 2579 2578 2584 2585
f 2584 2590 2585
f 2574 2573 2579 2580
f 2580 2579 2585 2586
f 2585 2590 2586
f 2575 2574 2580 2581
f 2581 2580 2586 2587
f 2586 2590 2587
f 2576 2575 2581 2582
f 2582 2581 2587 2588
f 2587 2590 2588
f 2577 2576 2582 2583
f 2583 2582 2588 2589
f 2588 2590 2589
f 2572 2577 2583 2578
f 2578 2583 2589 2584
f 2589 2590 2584
f 2577 2576 2575 2574 2573 2572
o body_141
usemtl IceCrystal
f 2592 2591 2596 2597
f 2597 2596 2601 2602
f 2601 2606 2602
f 2593 2592 2597 2598
f 2598 2597 2602 2603
f 2602 2606 2603
f 2594 2593 2598 2599
f 2599 2598 2603 2604
f 2603 2606 2604
f 2595 2594 2599 2600
f 2600 2599 2604 2605
f 2604 2606 2605
f 2591 2595 2600 2596
f 2596 2600 2605 2601
f 2605 2606 2601
f 2595 2594 2593 2592 2591
o body_142
usemtl IceCrystal
f 2608 2607 2612 2613
f 2613 2612 2617 2618
f 2617 2622 2618
f 2609 2608 2613 2614
f 2614 2613 2618 2619
f 2618 2622 2619
f 2610 2609 2614 2615
f 2615 2614 2619 2620
f 2619 2622 2620
f 2611 2610 2615 2616
f 2616 2615 2620 2621
f 2620 2622 2621
f 2607 2611 2616 2612
f 2612 2616 2621 2617
f 2621 2622 2617
f 2611 2610 2609 2608 2607
o body_143
usemtl IceCrystal
f 2624 2623 2629 2630
f 2630 2629 2635 2636
f 2635 2641 2636
f 2625 2624 2630 2631
f 2631 2630 2636 2637
f 2636 2641 2637
f 2626 2625 2631 2632
f 2632 2631 2637 2638
f 2637 2641 2638
f 2627 2626 2632 2633
f 2633 2632 2638 2639
f 2638 2641 2639
f 2628 2627 2633 2634
f 2634 2633 2639 2640
f 2639 2641 2640
f 2623 2628 2634 2629
f 2629 2634 2640 2635
f 2640 2641 2635
f 2628 2627 2626 2625 2624 2623
o body_144
usemtl IceCrystal
f 2643 2642 2648 2649
f 2649 2648 2654 2655
f 2654 2660 2655
f 2644 2643 2649 2650
f 2650 2649 2655 2656
f 2655 2660 2656
f 2645 2644 2650 2651
f 2651 2650 2656 2657
f 2656 2660 2657
f 2646 2645 2651 2652
f 2652 2651 2657 2658
f 2657 2660 2658
f 2647 2646 2652 2653
f 2653 2652 2658 2659
f 2658 2660 2659
f 2642 2647 2653 2648
f 2648 2653 2659 2654
f 2659 2660 2654
f 2647 2646 2645 2644 2643 2642
o body_145
usemtl IceCrystal
f 2662 2661 2667 2668
f 2668 2667 2673 2674
f 2673 2679 2674
f 2663 2662 2668 2669
f 2669 2668 2674 2675
f 2674 2679 2675
f 2664 2663 2669 2670
f 2670 2669 2675 2676
f 2675 2679 2676
f 2665 2664 2670 2671
f 2671 2670 2676 2677
f 2676 2679 2677
f 2666 2665 2671 2672
f 2672 2671 2677 2678
f 2677 2679 2678
f 2661 2666 2672 2667
f 2667 2672 2678 2673
f 2678 2679 2673
f 2666 2665 2664 2663 2662 2661
o body_146
usemtl IceCrystal
f 2681 2680 2686 2687
f 2687 2686 2692 2693
f 2692 2698 2693
f 2682 2681 2687 2688
f 2688 2687 2693 2694
f 2693 2698 2694
f 2683 2682 2688 2689
f 2689 2688 2694 2695
f 2694 2698 2695
f 2684 2683 2689 2690
f 2690 2689 2695 2696
f 2695 2698 2696
f 2685 2684 2690 2691
f 2691 2690 2696 2697
f 2696 2698 2697
f 2680 2685 2691 2686
f 2686 2691 2697 2692
f 2697 2698 2692
f 2685 2684 2683 2682 2681 2680
o body_147
usemtl IceCrystal
f 2700 2699 2704 2705
f 2705 2704 2709 2710
f 2709 2714 2710
f 2701 2700 2705 2706
f 2706 2705 2710 2711
f 2710 2714 2711
f 2702 2701 2706 2707
f 2707 2706 2711 2712
f 2711 2714 2712
f 2703 2702 2707 2708
f 2708 2707 2712 2713
f 2712 2714 2713
f 2699 2703 2708 2704
f 2704 2708 2713 2709
f 2713 2714 2709
f 2703 2702 2701 2700 2699
o body_148
usemtl IceCrystal
f 2716 2715 2721 2722
f 2722 2721 2727 2728
f 2727 2733 2728
f 2717 2716 2722 2723
f 2723 2722 2728 2729
f 2728 2733 2729
f 2718 2717 2723 2724
f 2724 2723 2729 2730
f 2729 2733 2730
f 2719 2718 2724 2725
f 2725 2724 2730 2731
f 2730 2733 2731
f 2720 2719 2725 2726
f 2726 2725 2731 2732
f 2731 2733 2732
f 2715 2720 2726 2721
f 2721 2726 2732 2727
f 2732 2733 2727
f 2720 2719 2718 2717 2716 2715
o body_149
usemtl IceCrystal
f 2735 2734 2740 2741
f 2741 2740 2746 2747
f 2746 2752 2747
f 2736 2735 2741 2742
f 2742 2741 2747 2748
f 2747 2752 2748
f 2737 2736 2742 2743
f 2743 2742 2748 2749
f 2748 2752 2749
f 2738 2737 2743 2744
f 2744 2743 2749 2750
f 2749 2752 2750
f 2739 2738 2744 2745
f 2745 2744 2750 2751
f 2750 2752 2751
f 2734 2739 2745 2740
f 2740 2745 2751 2746
f 2751 2752 2746
f 2739 2738 2737 2736 2735 2734
o body_150
usemtl IceCrystal
f 2754 2753 2759 2760
f 2760 2759 2765 2766
f 2765 2771 2766
f 2755 2754 2760 2761
f 2761 2760 2766 2767
f 2766 2771 2767
f 2756 2755 2761 2762
f 2762 2761 2767 2768
f 2767 2771 2768
f 2757 2756 2762 2763
f 2763 2762 2768 2769
f 2768 2771 2769
f 2758 2757 2763 2764
f 2764 2763 2769 2770
f 2769 2771 2770
f 2753 2758 2764 2759
f 2759 2764 2770 2765
f 2770 2771 2765
f 2758 2757 2756 2755 2754 2753
o body_151
usemtl IceCrystal
f 2773 2772 2777 2778
f 2778 2777 2782 2783
f 2782 2787 2783
f 2774 2773 2778 2779
f 2779 2778 2783 2784
f 2783 2787 2784
f 2775 2774 2779 2780
f 2780 2779 2784 2785
f 2784 2787 2785
f 2776 2775 2780 2781
f 2781 2780 2785 2786
f 2785 2787 2786
f 2772 2776 2781 2777
f 2777 2781 2786 2782
f 2786 2787 2782
f 2776 2775 2774 2773 2772
o body_152
usemtl IceCrystal
f 2789 2788 2794 2795
f 2795 2794 2800 2801
f 2800 2806 2801
f 2790 2789 2795 2796
f 2796 2795 2801 2802
f 2801 2806 2802
f 2791 2790 2796 2797
f 2797 2796 2802 2803
f 2802 2806 2803
f 2792 2791 2797 2798
f 2798 2797 2803 2804
f 2803 2806 2804
f 2793 2792 2798 2799
f 2799 2798 2804 2805
f 2804 2806 2805
f 2788 2793 2799 2794
f 2794 2799 2805 2800
f 2805 2806 2800
f 2793 2792 2791 2790 2789 2788
o body_153
usemtl IceCrystal
f 2808 2807 2813 2814
f 2814 2813 2819 2820
f 2819 2825 2820
f 2809 2808 2814 2815
f 2815 2814 2820 2821
f 2820 2825 2821
f 2810 2809 2815 2816
f 2816 2815 2821 2822
f 2821 2825 2822
f 2811 2810 2816 2817
f 2817 2816 2822 2823
f 2822 2825 2823
f 2812 2811 2817 2818
f 2818 2817 2823 2824
f 2823 2825 2824
f 2807 2812 2818 2813
f 2813 2818 2824 2819
f 2824 2825 2819
f 2812 2811 2810 2809 2808 2807
o body_154
usemtl IceCrystal
f 2827 2826 2832 2833
f 2833 2832 2838 2839
f 2838 2844 2839
f 2828 2827 2833 2834
f 2834 2833 2839 2840
f 2839 2844 2840
f 2829 2828 2834 2835
f 2835 2834 2840 2841
f 2840 2844 2841
f 2830 2829 2835 2836
f 2836 2835 2841 2842
f 2841 2844 2842
f 2831 2830 2836 2837
f 2837 2836 2842 2843
f 2842 2844 2843
f 2826 2831 2837 2832
f 2832 2837 2843 2838
f 2843 2844 2838
f 2831 2830 2829 2828 2827 2826
o body_155
usemtl IceCrystal
f 2846 2845 2851 2852
f 2852 2851 2857 2858
f 2857 2863 2858
f 2847 2846 2852 2853
f 2853 2852 2858 2859
f 2858 2863 2859
f 2848 2847 2853 2854
f 2854 2853 2859 2860
f 2859 2863 2860
f 2849 2848 2854 2855
f 2855 2854 2860 2861
f 2860 2863 2861
f 2850 2849 2855 2856
f 2856 2855 2861 2862
f 2861 2863 2862
f 2845 2850 2856 2851
f 2851 2856 2862 2857
f 2862 2863 2857
f 2850 2849 2848 2847 2846 2845
o body_156
usemtl IceCrystal
f 2865 2864 2869 2870
f 2870 2869 2874 2875
f 2874 2879 2875
f 2866 2865 2870 2871
f 2871 2870 2875 2876
f 2875 2879 2876
f 2867 2866 2871 2872
f 2872 2871 2876 2877
f 2876 2879 2877
f 2868 2867 2872 2873
f 2873 2872 2877 2878
f 2877 2879 2878
f 2864 2868 2873 2869
f 2869 2873 2878 2874
f 2878 2879 2874
f 2868 2867 2866 2865 2864
o body_157
usemtl IceCrystal
f 2881 2880 2886 2887
f 2887 2886 2892 2893
f 2892 2898 2893
f 2882 2881 2887 2888
f 2888 2887 2893 2894
f 2893 2898 2894
f 2883 2882 2888 2889
f 2889 2888 2894 2895
f 2894 2898 2895
f 2884 2883 2889 2890
f 2890 2889 2895 2896
f 2895 2898 2896
f 2885 2884 2890 2891
f 2891 2890 2896 2897
f 2896 2898 2897
f 2880 2885 2891 2886
f 2886 2891 2897 2892
f 2897 2898 2892
f 2885 2884 2883 2882 2881 2880
o body_158
usemtl IceCrystal
f 2900 2899 2905 2906
f 2906 2905 2911 2912
f 2911 2917 2912
f 2901 2900 2906 2907
f 2907 2906 2912 2913
f 2912 2917 2913
f 2902 2901 2907 2908
f 2908 2907 2913 2914
f 2913 2917 2914
f 2903 2902 2908 2909
f 2909 2908 2914 2915
f 2914 2917 2915
f 2904 2903 2909 2910
f 2910 2909 2915 2916
f 2915 2917 2916
f 2899 2904 2910 2905
f 2905 2910 2916 2911
f 2916 2917 2911
f 2904 2903 2902 2901 2900 2899
o body_159
usemtl IceCrystal
f 2919 2918 2924 2925
f 2925 2924 2930 2931
f 2930 2936 2931
f 2920 2919 2925 2926
f 2926 2925 2931 2932
f 2931 2936 2932
f 2921 2920 2926 2927
f 2927 2926 2932 2933
f 2932 2936 2933
f 2922 2921 2927 2928
f 2928 2927 2933 2934
f 2933 2936 2934
f 2923 2922 2928 2929
f 2929 2928 2934 2935
f 2934 2936 2935
f 2918 2923 2929 2924
f 2924 2929 2935 2930
f 2935 2936 2930
f 2923 2922 2921 2920 2919 2918
o body_160
usemtl IceCrystal
f 2938 2937 2942 2943
f 2943 2942 2947 2948
f 2947 2952 2948
f 2939 2938 2943 2944
f 2944 2943 2948 2949
f 2948 2952 2949
f 2940 2939 2944 2945
f 2945 2944 2949 2950
f 2949 2952 2950
f 2941 2940 2945 2946
f 2946 2945 2950 2951
f 2950 2952 2951
f 2937 2941 2946 2942
f 2942 2946 2951 2947
f 2951 2952 2947
f 2941 2940 2939 2938 2937
o body_161
usemtl IceCrystal
f 2954 2953 2959 2960
f 2960 2959 2965 2966
f 2965 2971 2966
f 2955 2954 2960 2961
f 2961 2960 2966 2967
f 2966 2971 2967
f 2956 2955 2961 2962
f 2962 2961 2967 2968
f 2967 2971 2968
f 2957 2956 2962 2963
f 2963 2962 2968 2969
f 2968 2971 2969
f 2958 2957 2963 2964
f 2964 2963 2969 2970
f 2969 2971 2970
f 2953 2958 2964 2959
f 2959 2964 2970 2965
f 2970 2971 2965
f 2958 2957 2956 2955 2954 2953
o body_162
usemtl IceCrystal
f 2973 2972 2978 2979
f 2979 2978 2984 2985
f 2984 2990 2985
f 2974 2973 2979 2980
f 2980 2979 2985 2986
f 2985 2990 2986
f 2975 2974 2980 2981
f 2981 2980 2986 2987
f 2986 2990 2987
f 2976 2975 2981 2982
f 2982 2981 2987 2988
f 2987 2990 2988
f 2977 2976 2982 2983
f 2983 2982 2988 2989
f 2988 2990 2989
f 2972 2977 2983 2978
f 2978 2983 2989 2984
f 2989 2990 2984
f 2977 2976 2975 2974 2973 2972
o body_163
usemtl IceCrystal
f 2992 2991 2997 2998
f 2998 2997 3003 3004
f 3003 3009 3004
f 2993 2992 2998 2999
f 2999 2998 3004 3005
f 3004 3009 3005
f 2994 2993 2999 3000
f 3000 2999 3005 3006
f 3005 3009 3006
f 2995 2994 3000 3001
f 3001 3000 3006 3007
f 3006 3009 3007
f 2996 2995 3001 3002
f 3002 3001 3007 3008
f 3007 3009 3008
f 2991 2996 3002 2997
f 2997 3002 3008 3003
f 3008 3009 3003
f 2996 2995 2994 2993 2992 2991
o body_164
usemtl IceCrystal
f 3011 3010 3015 3016
f 3016 3015 3020 3021
f 3020 3025 3021
f 3012 3011 3016 3017
f 3017 3016 3021 3022
f 3021 3025 3022
f 3013 3012 3017 3018
f 3018 3017 3022 3023
f 3022 3025 3023
f 3014 3013 3018 3019
f 3019 3018 3023 3024
f 3023 3025 3024
f 3010 3014 3019 3015
f 3015 3019 3024 3020
f 3024 3025 3020
f 3014 3013 3012 3011 3010
o body_165
usemtl IceCrystal
f 3027 3026 3032 3033
f 3033 3032 3038 3039
f 3038 3044 3039
f 3028 3027 3033 3034
f 3034 3033 3039 3040
f 3039 3044 3040
f 3029 3028 3034 3035
f 3035 3034 3040 3041
f 3040 3044 3041
f 3030 3029 3035 3036
f 3036 3035 3041 3042
f 3041 3044 3042
f 3031 3030 3036 3037
f 3037 3036 3042 3043
f 3042 3044 3043
f 3026 3031 3037 3032
f 3032 3037 3043 3038
f 3043 3044 3038
f 3031 3030 3029 3028 3027 3026
o body_166
usemtl IceCrystal
f 3046 3045 3051 3052
f 3052 3051 3057 3058
f 3057 3063 3058
f 3047 3046 3052 3053
f 3053 3052 3058 3059
f 3058 3063 3059
f 3048 3047 3053 3054
f 3054 3053 3059 3060
f 3059 3063 3060
f 3049 3048 3054 3055
f 3055 3054 3060 3061
f 3060 3063 3061
f 3050 3049 3055 3056
f 3056 3055 3061 3062
f 3061 3063 3062
f 3045 3050 3056 3051
f 3051 3056 3062 3057
f 3062 3063 3057
f 3050 3049 3048 3047 3046 3045
o body_167
usemtl IceCrystal
f 3065 3064 3070 3071
f 3071 3070 3076 3077
f 3076 3082 3077
f 3066 3065 3071 3072
f 3072 3071 3077 3078
f 3077 3082 3078
f 3067 3066 3072 3073
f 3073 3072 3078 3079
f 3078 3082 3079
f 3068 3067 3073 3074
f 3074 3073 3079 3080
f 3079 3082 3080
f 3069 3068 3074 3075
f 3075 3074 3080 3081
f 3080 3082 3081
f 3064 3069 3075 3070
f 3070 3075 3081 3076
f 3081 3082 3076
f 3069 3068 3067 3066 3065 3064
o body_168
usemtl IceCrystal
f 3084 3083 3089 3090
f 3090 3089 3095 3096
f 3095 3101 3096
f 3085 3084 3090 3091
f 3091 3090 3096 3097
f 3096 3101 3097
f 3086 3085 3091 3092
f 3092 3091 3097 3098
f 3097 3101 3098
f 3087 3086 3092 3093
f 3093 3092 3098 3099
f 3098 3101 3099
f 3088 3087 3093 3094
f 3094 3093 3099 3100
f 3099 3101 3100
f 3083 3088 3094 3089
f 3089 3094 3100 3095
f 3100 3101 3095
f 3088 3087 3086 3085 3084 3083
o body_169
usemtl IceCrystal
f 3103 3102 3107 3108
f 3108 3107 3112 3113
f 3112 3117 3113
f 3104 3103 3108 3109
f 3109 3108 3113 3114
f 3113 3117 3114
f 3105 3104 3109 3110
f 3110 3109 3114 3115
f 3114 3117 3115
f 3106 3105 3110 3111
f 3111 3110 3115 3116
f 3115 3117 3116
f 3102 3106 3111 3107
f 3107 3111 3116 3112
f 3116 3117 3112
f 3106 3105 3104 3103 3102
o body_170
usemtl IceCrystal
f 3119 3118 3124 3125
f 3125 3124 3130 3131
f 3130 3136 3131
f 3120 3119 3125 3126
f 3126 3125 3131 3132
f 3131 3136 3132
f 3121 3120 3126 3127
f 3127 3126 3132 3133
f 3132 3136 3133
f 3122 3121 3127 3128
f 3128 3127 3133 3134
f 3133 3136 3134
f 3123 3122 3128 3129
f 3129 3128 3134 3135
f 3134 3136 3135
f 3118 3123 3129 3124
f 3124 3129 3135 3130
f 3135 3136 3130
f 3123 3122 3121 3120 3119 3118
o body_171
usemtl IceCrystal
f 3138 3137 3143 3144
f 3144 3143 3149 3150
f 3149 3155 3150
f 3139 3138 3144 3145
f 3145 3144 3150 3151
f 3150 3155 3151
f 3140 3139 3145 3146
f 3146 3145 3151 3152
f 3151 3155 3152
f 3141 3140 3146 3147
f 3147 3146 3152 3153
f 3152 3155 3153
f 3142 3141 3147 3148
f 3148 3147 3153 3154
f 3153 3155 3154
f 3137 3142 3148 3143
f 3143 3148 3154 3149
f 3154 3155 3149
f 3142 3141 3140 3139 3138 3137
o body_172
usemtl IceCrystal
f 3157 3156 3161 3162
f 3162 3161 3166 3167
f 3166 3171 3167
f 3158 3157 3162 3163
f 3163 3162 3167 3168
f 3167 3171 3168
f 3159 3158 3163 3164
f 3164 3163 3168 3169
f 3168 3171 3169
f 3160 3159 3164 3165
f 3165 3164 3169 3170
f 3169 3171 3170
f 3156 3160 3165 3161
f 3161 3165 3170 3166
f 3170 3171 3166
f 3160 3159 3158 3157 3156
o body_173
usemtl IceCrystal
f 3173 3172 3177 3178
f 3178 3177 3182 3183
f 3182 3187 3183
f 3174 3173 3178 3179
f 3179 3178 3183 3184
f 3183 3187 3184
f 3175 3174 3179 3180
f 3180 3179 3184 3185
f 3184 3187 3185
f 3176 3175 3180 3181
f 3181 3180 3185 3186
f 3185 3187 3186
f 3172 3176 3181 3177
f 3177 3181 3186 3182
f 3186 3187 3182
f 3176 3175 3174 3173 3172
o body_174
usemtl IceCrystal
f 3189 3188 3194 3195
f 3195 3194 3200 3201
f 3200 3206 3201
f 3190 3189 3195 3196
f 3196 3195 3201 3202
f 3201 3206 3202
f 3191 3190 3196 3197
f 3197 3196 3202 3203
f 3202 3206 3203
f 3192 3191 3197 3198
f 3198 3197 3203 3204
f 3203 3206 3204
f 3193 3192 3198 3199
f 3199 3198 3204 3205
f 3204 3206 3205
f 3188 3193 3199 3194
f 3194 3199 3205 3200
f 3205 3206 3200
f 3193 3192 3191 3190 3189 3188
o body_175
usemtl IceCrystal
f 3208 3207 3213 3214
f 3214 3213 3219 3220
f 3219 3225 3220
f 3209 3208 3214 3215
f 3215 3214 3220 3221
f 3220 3225 3221
f 3210 3209 3215 3216
f 3216 3215 3221 3222
f 3221 3225 3222
f 3211 3210 3216 3217
f 3217 3216 3222 3223
f 3222 3225 3223
f 3212 3211 3217 3218
f 3218 3217 3223 3224
f 3223 3225 3224
f 3207 3212 3218 3213
f 3213 3218 3224 3219
f 3224 3225 3219
f 3212 3211 3210 3209 3208 3207
o body_176
usemtl IceCrystal
f 3227 3226 3231 3232
f 3232 3231 3236 3237
f 3236 3241 3237
f 3228 3227 3232 3233
f 3233 3232 3237 3238
f 3237 3241 3238
f 3229 3228 3233 3234
f 3234 3233 3238 3239
f 3238 3241 3239
f 3230 3229 3234 3235
f 3235 3234 3239 3240
f 3239 3241 3240
f 3226 3230 3235 3231
f 3231 3235 3240 3236
f 3240 3241 3236
f 3230 3229 3228 3227 3226
o body_177
usemtl IceCrystal
f 3243 3242 3248 3249
f 3249 3248 3254 3255
f 3254 3260 3255
f 3244 3243 3249 3250
f 3250 3249 3255 3256
f 3255 3260 3256
f 3245 3244 3250 3251
f 3251 3250 3256 3257
f 3256 3260 3257
f 3246 3245 3251 3252
f 3252 3251 3257 3258
f 3257 3260 3258
f 3247 3246 3252 3253
f 3253 3252 3258 3259
f 3258 3260 3259
f 3242 3247 3253 3248
f 3248 3253 3259 3254
f 3259 3260 3254
f 3247 3246 3245 3244 3243 3242
o body_178
usemtl IceCrystal
f 3262 3261 3267 3268
f 3268 3267 3273 3274
f 3273 3279 3274
f 3263 3262 3268 3269
f 3269 3268 3274 3275
f 3274 3279 3275
f 3264 3263 3269 3270
f 3270 3269 3275 3276
f 3275 3279 3276
f 3265 3264 3270 3271
f 3271 3270 3276 3277
f 3276 3279 3277
f 3266 3265 3271 3272
f 3272 3271 3277 3278
f 3277 3279 3278
f 3261 3266 3272 3267
f 3267 3272 3278 3273
f 3278 3279 3273
f 3266 3265 3264 3263 3262 3261
o body_179
usemtl IceCrystal
f 3281 3280 3286 3287
f 3287 3286 3292 3293
f 3292 3298 3293
f 3282 3281 3287 3288
f 3288 3287 3293 3294
f 3293 3298 3294
f 3283 3282 3288 3289
f 3289 3288 3294 3295
f 3294 3298 3295
f 3284 3283 3289 3290
f 3290 3289 3295 3296
f 3295 3298 3296
f 3285 3284 3290 3291
f 3291 3290 3296 3297
f 3296 3298 3297
f 3280 3285 3291 3286
f 3286 3291 3297 3292
f 3297 3298 3292
f 3285 3284 3283 3282 3281 3280
o body_180
usemtl IceCrystal
f 3300 3299 3305 3306
f 3306 3305 3311 3312
f 3311 3317 3312
f 3301 3300 3306 3307
f 3307 3306 3312 3313
f 3312 3317 3313
f 3302 3301 3307 3308
f 3308 3307 3313 3314
f 3313 3317 3314
f 3303 3302 3308 3309
f 3309 3308 3314 3315
f 3314 3317 3315
f 3304 3303 3309 3310
f 3310 3309 3315 3316
f 3315 3317 3316
f 3299 3304 3310 3305
f 3305 3310 3316 3311
f 3316 3317 3311
f 3304 3303 3302 3301 3300 3299
o body_181
usemtl IceCrystal
f 3319 3318 3323 3324
f 3324 3323 3328 3329
f 3328 3333 3329
f 3320 3319 3324 3325
f 3325 3324 3329 3330
f 3329 3333 3330
f 3321 3320 3325 3326
f 3326 3325 3330 3331
f 3330 3333 3331
f 3322 3321 3326 3327
f 3327 3326 3331 3332
f 3331 3333 3332
f 3318 3322 3327 3323
f 3323 3327 3332 3328
f 3332 3333 3328
f 3322 3321 3320 3319 3318
o body_182
usemtl IceCrystal
f 3335 3334 3340 3341
f 3341 3340 3346 3347
f 3346 3352 3347
f 3336 3335 3341 3342
f 3342 3341 3347 3348
f 3347 3352 3348
f 3337 3336 3342 3343
f 3343 3342 3348 3349
f 3348 3352 3349
f 3338 3337 3343 3344
f 3344 3343 3349 3350
f 3349 3352 3350
f 3339 3338 3344 3345
f 3345 3344 3350 3351
f 3350 3352 3351
f 3334 3339 3345 3340
f 3340 3345 3351 3346
f 3351 3352 3346
f 3339 3338 3337 3336 3335 3334
o body_183
usemtl IceCrystal
f 3354 3353 3358 3359
f 3359 3358 3363 3364
f 3363 3368 3364
f 3355 3354 3359 3360
f 3360 3359 3364 3365
f 3364 3368 3365
f 3356 3355 3360 3361
f 3361 3360 3365 3366
f 3365 3368 3366
f 3357 3356 3361 3362
f 3362 3361 3366 3367
f 3366 3368 3367
f 3353 3357 3362 3358
f 3358 3362 3367 3363
f 3367 3368 3363
f 3357 3356 3355 3354 3353
o body_184
usemtl IceCrystal
f 3370 3369 3375 3376
f 3376 3375 3381 3382
f 3381 3387 3382
f 3371 3370 3376 3377
f 3377 3376 3382 3383
f 3382 3387 3383
f 3372 3371 3377 3378
f 3378 3377 3383 3384
f 3383 3387 3384
f 3373 3372 3378 3379
f 3379 3378 3384 3385
f 3384 3387 3385
f 3374 3373 3379 3380
f 3380 3379 3385 3386
f 3385 3387 3386
f 3369 3374 3380 3375
f 3375 3380 3386 3381
f 3386 3387 3381
f 3374 3373 3372 3371 3370 3369
o body_185
usemtl IceCrystal
f 3389 3388 3394 3395
f 3395 3394 3400 3401
f 3400 3406 3401
f 3390 3389 3395 3396
f 3396 3395 3401 3402
f 3401 3406 3402
f 3391 3390 3396 3397
f 3397 3396 3402 3403
f 3402 3406 3403
f 3392 3391 3397 3398
f 3398 3397 3403 3404
f 3403 3406 3404
f 3393 3392 3398 3399
f 3399 3398 3404 3405
f 3404 3406 3405
f 3388 3393 3399 3394
f 3394 3399 3405 3400
f 3405 3406 3400
f 3393 3392 3391 3390 3389 3388
o body_186
usemtl IceCrystal
f 3408 3407 3412 3413
f 3413 3412 3417 3418
f 3417 3422 3418
f 3409 3408 3413 3414
f 3414 3413 3418 3419
f 3418 3422 3419
f 3410 3409 3414 3415
f 3415 3414 3419 3420
f 3419 3422 3420
f 3411 3410 3415 3416
f 3416 3415 3420 3421
f 3420 3422 3421
f 3407 3411 3416 3412
f 3412 3416 3421 3417
f 3421 3422 3417
f 3411 3410 3409 3408 3407
o body_187
usemtl IceCrystal
f 3424 3423 3428 3429
f 3429 3428 3433 3434
f 3433 3438 3434
f 3425 3424 3429 3430
f 3430 3429 3434 3435
f 3434 3438 3435
f 3426 3425 3430 3431
f 3431 3430 3435 3436
f 3435 3438 3436
f 3427 3426 3431 3432
f 3432 3431 3436 3437
f 3436 3438 3437
f 3423 3427 3432 3428
f 3428 3432 3437 3433
f 3437 3438 3433
f 3427 3426 3425 3424 3423
o body_188
usemtl IceCrystal
f 3440 3439 3445 3446
f 3446 3445 3451 3452
f 3451 3457 3452
f 3441 3440 3446 3447
f 3447 3446 3452 3453
f 3452 3457 3453
f 3442 3441 3447 3448
f 3448 3447 3453 3454
f 3453 3457 3454
f 3443 3442 3448 3449
f 3449 3448 3454 3455
f 3454 3457 3455
f 3444 3443 3449 3450
f 3450 3449 3455 3456
f 3455 3457 3456
f 3439 3444 3450 3445
f 3445 3450 3456 3451
f 3456 3457 3451
f 3444 3443 3442 3441 3440 3439
o body_189
usemtl IceCrystal
f 3459 3458 3463 3464
f 3464 3463 3468 3469
f 3468 3473 3469
f 3460 3459 3464 3465
f 3465 3464 3469 3470
f 3469 3473 3470
f 3461 3460 3465 3466
f 3466 3465 3470 3471
f 3470 3473 3471
f 3462 3461 3466 3467
f 3467 3466 3471 3472
f 3471 3473 3472
f 3458 3462 3467 3463
f 3463 3467 3472 3468
f 3472 3473 3468
f 3462 3461 3460 3459 3458
o body_190
usemtl IceCrystal
f 3475 3474 3479 3480
f 3480 3479 3484 3485
f 3484 3489 3485
f 3476 3475 3480 3481
f 3481 3480 3485 3486
f 3485 3489 3486
f 3477 3476 3481 3482
f 3482 3481 3486 3487
f 3486 3489 3487
f 3478 3477 3482 3483
f 3483 3482 3487 3488
f 3487 3489 3488
f 3474 3478 3483 3479
f 3479 3483 3488 3484
f 3488 3489 3484
f 3478 3477 3476 3475 3474
o body_191
usemtl IceCrystal
f 3491 3490 3496 3497
f 3497 3496 3502 3503
f 3502 3508 3503
f 3492 3491 3497 3498
f 3498 3497 3503 3504
f 3503 3508 3504
f 3493 3492 3498 3499
f 3499 3498 3504 3505
f 3504 3508 3505
f 3494 3493 3499 3500
f 3500 3499 3505 3506
f 3505 3508 3506
f 3495 3494 3500 3501
f 3501 3500 3506 3507
f 3506 3508 3507
f 3490 3495 3501 3496
f 3496 3501 3507 3502
f 3507 3508 3502
f 3495 3494 3493 3492 3491 3490
o body_192
usemtl IceCrystal
f 3510 3509 3515 3516
f 3516 3515 3521 3522
f 3521 3527 3522
f 3511 3510 3516 3517
f 3517 3516 3522 3523
f 3522 3527 3523
f 3512 3511 3517 3518
f 3518 3517 3523 3524
f 3523 3527 3524
f 3513 3512 3518 3519
f 3519 3518 3524 3525
f 3524 3527 3525
f 3514 3513 3519 3520
f 3520 3519 3525 3526
f 3525 3527 3526
f 3509 3514 3520 3515
f 3515 3520 3526 3521
f 3526 3527 3521
f 3514 3513 3512 3511 3510 3509
o body_193
usemtl IceCrystal
f 3529 3528 3533 3534
f 3534 3533 3538 3539
f 3538 3543 3539
f 3530 3529 3534 3535
f 3535 3534 3539 3540
f 3539 3543 3540
f 3531 3530 3535 3536
f 3536 3535 3540 3541
f 3540 3543 3541
f 3532 3531 3536 3537
f 3537 3536 3541 3542
f 3541 3543 3542
f 3528 3532 3537 3533
f 3533 3537 3542 3538
f 3542 3543 3538
f 3532 3531 3530 3529 3528
o body_194
usemtl IceCrystal
f 3545 3544 3550 3551
f 3551 3550 3556 3557
f 3556 3562 3557
f 3546 3545 3551 3552
f 3552 3551 3557 3558
f 3557 3562 3558
f 3547 3546 3552 3553
f 3553 3552 3558 3559
f 3558 3562 3559
f 3548 3547 3553 3554
f 3554 3553 3559 3560
f 3559 3562 3560
f 3549 3548 3554 3555
f 3555 3554 3560 3561
f 3560 3562 3561
f 3544 3549 3555 3550
f 3550 3555 3561 3556
f 3561 3562 3556
f 3549 3548 3547 3546 3545 3544
o body_195
usemtl IceCrystal
f 3564 3563 3568 3569
f 3569 3568 3573 3574
f 3573 3578 3574
f 3565 3564 3569 3570
f 3570 3569 3574 3575
f 3574 3578 3575
f 3566 3565 3570 3571
f 3571 3570 3575 3576
f 3575 3578 3576
f 3567 3566 3571 3572
f 3572 3571 3576 3577
f 3576 3578 3577
f 3563 3567 3572 3568
f 3568 3572 3577 3573
f 3577 3578 3573
f 3567 3566 3565 3564 3563
o body_196
usemtl IceCrystal
f 3580 3579 3584 3585
f 3585 3584 3589 3590
f 3589 3594 3590
f 3581 3580 3585 3586
f 3586 3585 3590 3591
f 3590 3594 3591
f 3582 3581 3586 3587
f 3587 3586 3591 3592
f 3591 3594 3592
f 3583 3582 3587 3588
f 3588 3587 3592 3593
f 3592 3594 3593
f 3579 3583 3588 3584
f 3584 3588 3593 3589
f 3593 3594 3589
f 3583 3582 3581 3580 3579
o body_197
usemtl IceCrystal
f 3596 3595 3600 3601
f 3601 3600 3605 3606
f 3605 3610 3606
f 3597 3596 3601 3602
f 3602 3601 3606 3607
f 3606 3610 3607
f 3598 3597 3602 3603
f 3603 3602 3607 3608
f 3607 3610 3608
f 3599 3598 3603 3604
f 3604 3603 3608 3609
f 3608 3610 3609
f 3595 3599 3604 3600
f 3600 3604 3609 3605
f 3609 3610 3605
f 3599 3598 3597 3596 3595
o body_198
usemtl IceCrystal
f 3612 3611 3616 3617
f 3617 3616 3621 3622
f 3621 3626 3622
f 3613 3612 3617 3618
f 3618 3617 3622 3623
f 3622 3626 3623
f 3614 3613 3618 3619
f 3619 3618 3623 3624
f 3623 3626 3624
f 3615 3614 3619 3620
f 3620 3619 3624 3625
f 3624 3626 3625
f 3611 3615 3620 3616
f 3616 3620 3625 3621
f 3625 3626 3621
f 3615 3614 3613 3612 3611
o body_199
usemtl IceCrystal
f 3628 3627 3633 3634
f 3634 3633 3639 3640
f 3639 3645 3640
f 3629 3628 3634 3635
f 3635 3634 3640 3641
f 3640 3645 3641
f 3630 3629 3635 3636
f 3636 3635 3641 3642
f 3641 3645 3642
f 3631 3630 3636 3637
f 3637 3636 3642 3643
f 3642 3645 3643
f 3632 3631 3637 3638
f 3638 3637 3643 3644
f 3643 3645 3644
f 3627 3632 3638 3633
f 3633 3638 3644 3639
f 3644 3645 3639
f 3632 3631 3630 3629 3628 3627
o body_200
usemtl IceCrystal
f 3647 3646 3652 3653
f 3653 3652 3658 3659
f 3658 3664 3659
f 3648 3647 3653 3654
f 3654 3653 3659 3660
f 3659 3664 3660
f 3649 3648 3654 3655
f 3655 3654 3660 3661
f 3660 3664 3661
f 3650 3649 3655 3656
f 3656 3655 3661 3662
f 3661 3664 3662
f 3651 3650 3656 3657
f 3657 3656 3662 3663
f 3662 3664 3663
f 3646 3651 3657 3652
f 3652 3657 3663 3658
f 3663 3664 3658
f 3651 3650 3649 3648 3647 3646
o body_201
usemtl IceCrystal
f 3666 3665 3671 3672
f 3672 3671 3677 3678
f 3677 3683 3678
f 3667 3666 3672 3673
f 3673 3672 3678 3679
f 3678 3683 3679
f 3668 3667 3673 3674
f 3674 3673 3679 3680
f 3679 3683 3680
f 3669 3668 3674 3675
f 3675 3674 3680 3681
f 3680 3683 3681
f 3670 3669 3675 3676
f 3676 3675 3681 3682
f 3681 3683 3682
f 3665 3670 3676 3671
f 3671 3676 3682 3677
f 3682 3683 3677
f 3670 3669 3668 3667 3666 3665
o body_202
usemtl IceCrystal
f 3685 3684 3689 3690
f 3690 3689 3694 3695
f 3694 3699 3695
f 3686 3685 3690 3691
f 3691 3690 3695 3696
f 3695 3699 3696
f 3687 3686 3691 3692
f 3692 3691 3696 3697
f 3696 3699 3697
f 3688 3687 3692 3693
f 3693 3692 3697 3698
f 3697 3699 3698
f 3684 3688 3693 3689
f 3689 3693 3698 3694
f 3698 3699 3694
f 3688 3687 3686 3685 3684
o body_203
usemtl IceCrystal
f 3701 3700 3705 3706
f 3706 3705 3710 3711
f 3710 3715 3711
f 3702 3701 3706 3707
f 3707 3706 3711 3712
f 3711 3715 3712
f 3703 3702 3707 3708
f 3708 3707 3712 3713
f 3712 3715 3713
f 3704 3703 3708 3709
f 3709 3708 3713 3714
f 3713 3715 3714
f 3700 3704 3709 3705
f 3705 3709 3714 3710
f 3714 3715 3710
f 3704 3703 3702 3701 3700
o body_204
usemtl IceCrystal
f 3717 3716 3722 3723
f 3723 3722 3728 3729
f 3728 3734 3729
f 3718 3717 3723 3724
f 3724 3723 3729 3730
f 3729 3734 3730
f 3719 3718 3724 3725
f 3725 3724 3730 3731
f 3730 3734 3731
f 3720 3719 3725 3726
f 3726 3725 3731 3732
f 3731 3734 3732
f 3721 3720 3726 3727
f 3727 3726 3732 3733
f 3732 3734 3733
f 3716 3721 3727 3722
f 3722 3727 3733 3728
f 3733 3734 3728
f 3721 3720 3719 3718 3717 3716
o body_205
usemtl IceCrystal
f 3736 3735 3740 3741
f 3741 3740 3745 3746
f 3745 3750 3746
f 3737 3736 3741 3742
f 3742 3741 3746 3747
f 3746 3750 3747
f 3738 3737 3742 3743
f 3743 3742 3747 3748
f 3747 3750 3748
f 3739 3738 3743 3744
f 3744 3743 3748 3749
f 3748 3750 3749
f 3735 3739 3744 3740
f 3740 3744 3749 3745
f 3749 3750 3745
f 3739 3738 3737 3736 3735
o body_206
usemtl IceCrystal
f 3752 3751 3756 3757
f 3757 3756 3761 3762
f 3761 3766 3762
f 3753 3752 3757 3758
f 3758 3757 3762 3763
f 3762 3766 3763
f 3754 3753 3758 3759
f 3759 3758 3763 3764
f 3763 3766 3764
f 3755 3754 3759 3760
f 3760 3759 3764 3765
f 3764 3766 3765
f 3751 3755 3760 3756
f 3756 3760 3765 3761
f 3765 3766 3761
f 3755 3754 3753 3752 3751
o body_207
usemtl IceCrystal
f 3768 3767 3773 3774
f 3774 3773 3779 3780
f 3779 3785 3780
f 3769 3768 3774 3775
f 3775 3774 3780 3781
f 3780 3785 3781
f 3770 3769 3775 3776
f 3776 3775 3781 3782
f 3781 3785 3782
f 3771 3770 3776 3777
f 3777 3776 3782 3783
f 3782 3785 3783
f 3772 3771 3777 3778
f 3778 3777 3783 3784
f 3783 3785 3784
f 3767 3772 3778 3773
f 3773 3778 3784 3779
f 3784 3785 3779
f 3772 3771 3770 3769 3768 3767
o body_208
usemtl IceCrystal
f 3787 3786 3792 3793
f 3793 3792 3798 3799
f 3798 3804 3799
f 3788 3787 3793 3794
f 3794 3793 3799 3800
f 3799 3804 3800
f 3789 3788 3794 3795
f 3795 3794 3800 3801
f 3800 3804 3801
f 3790 3789 3795 3796
f 3796 3795 3801 3802
f 3801 3804 3802
f 3791 3790 3796 3797
f 3797 3796 3802 3803
f 3802 3804 3803
f 3786 3791 3797 3792
f 3792 3797 3803 3798
f 3803 3804 3798
f 3791 3790 3789 3788 3787 3786
o body_209
usemtl IceCrystal
f 3806 3805 3810 3811
f 3811 3810 3815 3816
f 3815 3820 3816
f 3807 3806 3811 3812
f 3812 3811 3816 3817
f 3816 3820 3817
f 3808 3807 3812 3813
f 3813 3812 3817 3818
f 3817 3820 3818
f 3809 3808 3813 3814
f 3814 3813 3818 3819
f 3818 3820 3819
f 3805 3809 3814 3810
f 3810 3814 3819 3815
f 3819 3820 3815
f 3809 3808 3807 3806 3805
o body_210
usemtl IceCrystal
f 3822 3821 3827 3828
f 3828 3827 3833 3834
f 3833 3839 3834
f 3823 3822 3828 3829
f 3829 3828 3834 3835
f 3834 3839 3835
f 3824 3823 3829 3830
f 3830 3829 3835 3836
f 3835 3839 3836
f 3825 3824 3830 3831
f 3831 3830 3836 3837
f 3836 3839 3837
f 3826 3825 3831 3832
f 3832 3831 3837 3838
f 3837 3839 3838
f 3821 3826 3832 3827
f 3827 3832 3838 3833
f 3838 3839 3833
f 3826 3825 3824 3823 3822 3821
o body_211
usemtl IceCrystal
f 3841 3840 3845 3846
f 3846 3845 3850 3851
f 3850 3855 3851
f 3842 3841 3846 3847
f 3847 3846 3851 3852
f 3851 3855 3852
f 3843 3842 3847 3848
f 3848 3847 3852 3853
f 3852 3855 3853
f 3844 3843 3848 3849
f 3849 3848 3853 3854
f 3853 3855 3854
f 3840 3844 3849 3845
f 3845 3849 3854 3850
f 3854 3855 3850
f 3844 3843 3842 3841 3840
o body_212
usemtl IceCrystal
f 3857 3856 3862 3863
f 3863 3862 3868 3869
f 3868 3874 3869
f 3858 3857 3863 3864
f 3864 3863 3869 3870
f 3869 3874 3870
f 3859 3858 3864 3865
f 3865 3864 3870 3871
f 3870 3874 3871
f 3860 3859 3865 3866
f 3866 3865 3871 3872
f 3871 3874 3872
f 3861 3860 3866 3867
f 3867 3866 3872 3873
f 3872 3874 3873
f 3856 3861 3867 3862
f 3862 3867 3873 3868
f 3873 3874 3868
f 3861 3860 3859 3858 3857 3856
o body_213
usemtl IceCrystal
f 3876 3875 3880 3881
f 3881 3880 3885 3886
f 3885 3890 3886
f 3877 3876 3881 3882
f 3882 3881 3886 3887
f 3886 3890 3887
f 3878 3877 3882 3883
f 3883 3882 3887 3888
f 3887 3890 3888
f 3879 3878 3883 3884
f 3884 3883 3888 3889
f 3888 3890 3889
f 3875 3879 3884 3880
f 3880 3884 3889 3885
f 3889 3890 3885
f 3879 3878 3877 3876 3875
o body_214
usemtl IceCrystal
f 3892 3891 3896 3897
f 3897 3896 3901 3902
f 3901 3906 3902
f 3893 3892 3897 3898
f 3898 3897 3902 3903
f 3902 3906 3903
f 3894 3893 3898 3899
f 3899 3898 3903 3904
f 3903 3906 3904
f 3895 3894 3899 3900
f 3900 3899 3904 3905
f 3904 3906 3905
f 3891 3895 3900 3896
f 3896 3900 3905 3901
f 3905 3906 3901
f 3895 3894 3893 3892 3891
o body_215
usemtl IceCrystal
f 3908 3907 3913 3914
f 3914 3913 3919 3920
f 3919 3925 3920
f 3909 3908 3914 3915
f 3915 3914 3920 3921
f 3920 3925 3921
f 3910 3909 3915 3916
f 3916 3915 3921 3922
f 3921 3925 3922
f 3911 3910 3916 3917
f 3917 3916 3922 3923
f 3922 3925 3923
f 3912 3911 3917 3918
f 3918 3917 3923 3924
f 3923 3925 3924
f 3907 3912 3918 3913
f 3913 3918 3924 3919
f 3924 3925 3919
f 3912 3911 3910 3909 3908 3907
o body_216
usemtl IceCrystal
f 3927 3926 3931 3932
f 3932 3931 3936 3937
f 3936 3941 3937
f 3928 3927 3932 3933
f 3933 3932 3937 3938
f 3937 3941 3938
f 3929 3928 3933 3934
f 3934 3933 3938 3939
f 3938 3941 3939
f 3930 3929 3934 3935
f 3935 3934 3939 3940
f 3939 3941 3940
f 3926 3930 3935 3931
f 3931 3935 3940 3936
f 3940 3941 3936
f 3930 3929 3928 3927 3926
o body_217
usemtl IceCrystal
f 3943 3942 3947 3948
f 3948 3947 3952 3953
f 3952 3957 3953
f 3944 3943 3948 3949
f 3949 3948 3953 3954
f 3953 3957 3954
f 3945 3944 3949 3950
f 3950 3949 3954 3955
f 3954 3957 3955
f 3946 3945 3950 3951
f 3951 3950 3955 3956
f 3955 3957 3956
f 3942 3946 3951 3947
f 3947 3951 3956 3952
f 3956 3957 3952
f 3946 3945 3944 3943 3942
o body_218
usemtl IceCrystal
f 3959 3958 3964 3965
f 3965 3964 3970 3971
f 3970 3976 3971
f 3960 3959 3965 3966
f 3966 3965 3971 3972
f 3971 3976 3972
f 3961 3960 3966 3967
f 3967 3966 3972 3973
f 3972 3976 3973
f 3962 3961 3967 3968
f 3968 3967 3973 3974
f 3973 3976 3974
f 3963 3962 3968 3969
f 3969 3968 3974 3975
f 3974 3976 3975
f 3958 3963 3969 3964
f 3964 3969 3975 3970
f 3975 3976 3970
f 3963 3962 3961 3960 3959 3958
o body_219
usemtl IceCrystal
f 3978 3977 3983 3984
f 3984 3983 3989 3990
f 3989 3995 3990
f 3979 3978 3984 3985
f 3985 3984 3990 3991
f 3990 3995 3991
f 3980 3979 3985 3986
f 3986 3985 3991 3992
f 3991 3995 3992
f 3981 3980 3986 3987
f 3987 3986 3992 3993
f 3992 3995 3993
f 3982 3981 3987 3988
f 3988 3987 3993 3994
f 3993 3995 3994
f 3977 3982 3988 3983
f 3983 3988 3994 3989
f 3994 3995 3989
f 3982 3981 3980 3979 3978 3977
o body_220
usemtl IceCrystal
f 3997 3996 4002 4003
f 4003 4002 4008 4009
f 4008 4014 4009
f 3998 3997 4003 4004
f 4004 4003 4009 4010
f 4009 4014 4010
f 3999 3998 4004 4005
f 4005 4004 4010 4011
f 4010 4014 4011
f 4000 3999 4005 4006
f 4006 4005 4011 4012
f 4011 4014 4012
f 4001 4000 4006 4007
f 4007 4006 4012 4013
f 4012 4014 4013
f 3996 4001 4007 4002
f 4002 4007 4013 4008
f 4013 4014 4008
f 4001 4000 3999 3998 3997 3996
o body_221
usemtl IceCrystal
f 4016 4015 4021 4022
f 4022 4021 4027 4028
f 4027 4033 4028
f 4017 4016 4022 4023
f 4023 4022 4028 4029
f 4028 4033 4029
f 4018 4017 4023 4024
f 4024 4023 4029 4030
f 4029 4033 4030
f 4019 4018 4024 4025
f 4025 4024 4030 4031
f 4030 4033 4031
f 4020 4019 4025 4026
f 4026 4025 4031 4032
f 4031 4033 4032
f 4015 4020 4026 4021
f 4021 4026 4032 4027
f 4032 4033 4027
f 4020 4019 4018 4017 4016 4015
o body_222
usemtl IceCrystal
f 4035 4034 4040 4041
f 4041 4040 4046 4047
f 4046 4052 4047
f 4036 4035 4041 4042
f 4042 4041 4047 4048
f 4047 4052 4048
f 4037 4036 4042 4043
f 4043 4042 4048 4049
f 4048 4052 4049
f 4038 4037 4043 4044
f 4044 4043 4049 4050
f 4049 4052 4050
f 4039 4038 4044 4045
f 4045 4044 4050 4051
f 4050 4052 4051
f 4034 4039 4045 4040
f 4040 4045 4051 4046
f 4051 4052 4046
f 4039 4038 4037 4036 4035 4034
o body_223
usemtl IceCrystal
f 4054 4053 4059 4060
f 4060 4059 4065 4066
f 4065 4071 4066
f 4055 4054 4060 4061
f 4061 4060 4066 4067
f 4066 4071 4067
f 4056 4055 4061 4062
f 4062 4061 4067 4068
f 4067 4071 4068
f 4057 4056 4062 4063
f 4063 4062 4068 4069
f 4068 4071 4069
f 4058 4057 4063 4064
f 4064 4063 4069 4070
f 4069 4071 4070
f 4053 4058 4064 4059
f 4059 4064 4070 4065
f 4070 4071 4065
f 4058 4057 4056 4055 4054 4053
o body_224
usemtl IceCrystal
f 4073 4072 4077 4078
f 4078 4077 4082 4083
f 4082 4087 4083
f 4074 4073 4078 4079
f 4079 4078 4083 4084
f 4083 4087 4084
f 4075 4074 4079 4080
f 4080 4079 4084 4085
f 4084 4087 4085
f 4076 4075 4080 4081
f 4081 4080 4085 4086
f 4085 4087 4086
f 4072 4076 4081 4077
f 4077 4081 4086 4082
f 4086 4087 4082
f 4076 4075 4074 4073 4072
o body_225
usemtl IceCrystal
f 4089 4088 4093 4094
f 4094 4093 4098 4099
f 4098 4103 4099
f 4090 4089 4094 4095
f 4095 4094 4099 4100
f 4099 4103 4100
f 4091 4090 4095 4096
f 4096 4095 4100 4101
f 4100 4103 4101
f 4092 4091 4096 4097
f 4097 4096 4101 4102
f 4101 4103 4102
f 4088 4092 4097 4093
f 4093 4097 4102 4098
f 4102 4103 4098
f 4092 4091 4090 4089 4088
o body_226
usemtl IceCrystal
f 4105 4104 4110 4111
f 4111 4110 4116 4117
f 4116 4122 4117
f 4106 4105 4111 4112
f 4112 4111 4117 4118
f 4117 4122 4118
f 4107 4106 4112 4113
f 4113 4112 4118 4119
f 4118 4122 4119
f 4108 4107 4113 4114
f 4114 4113 4119 4120
f 4119 4122 4120
f 4109 4108 4114 4115
f 4115 4114 4120 4121
f 4120 4122 4121
f 4104 4109 4115 4110
f 4110 4115 4121 4116
f 4121 4122 4116
f 4109 4108 4107 4106 4105 4104
o body_227
usemtl IceCrystal
f 4124 4123 4128 4129
f 4129 4128 4133 4134
f 4133 4138 4134
f 4125 4124 4129 4130
f 4130 4129 4134 4135
f 4134 4138 4135
f 4126 4125 4130 4131
f 4131 4130 4135 4136
f 4135 4138 4136
f 4127 4126 4131 4132
f 4132 4131 4136 4137
f 4136 4138 4137
f 4123 4127 4132 4128
f 4128 4132 4137 4133
f 4137 4138 4133
f 4127 4126 4125 4124 4123
o body_228
usemtl IceCrystal
f 4140 4139 4145 4146
f 4146 4145 4151 4152
f 4151 4157 4152
f 4141 4140 4146 4147
f 4147 4146 4152 4153
f 4152 4157 4153
f 4142 4141 4147 4148
f 4148 4147 4153 4154
f 4153 4157 4154
f 4143 4142 4148 4149
f 4149 4148 4154 4155
f 4154 4157 4155
f 4144 4143 4149 4150
f 4150 4149 4155 4156
f 4155 4157 4156
f 4139 4144 4150 4145
f 4145 4150 4156 4151
f 4156 4157 4151
f 4144 4143 4142 4141 4140 4139
o body_229
usemtl IceCrystal
f 4159 4158 4164 4165
f 4165 4164 4170 4171
f 4170 4176 4171
f 4160 4159 4165 4166
f 4166 4165 4171 4172
f 4171 4176 4172
f 4161 4160 4166 4167
f 4167 4166 4172 4173
f 4172 4176 4173
f 4162 4161 4167 4168
f 4168 4167 4173 4174
f 4173 4176 4174
f 4163 4162 4168 4169
f 4169 4168 4174 4175
f 4174 4176 4175
f 4158 4163 4169 4164
f 4164 4169 4175 4170
f 4175 4176 4170
f 4163 4162 4161 4160 4159 4158
o body_230
usemtl IceCrystal
f 4178 4177 4182 4183
f 4183 4182 4187 4188
f 4187 4192 4188
f 4179 4178 4183 4184
f 4184 4183 4188 4189
f 4188 4192 4189
f 4180 4179 4184 4185
f 4185 4184 4189 4190
f 4189 4192 4190
f 4181 4180 4185 4186
f 4186 4185 4190 4191
f 4190 4192 4191
f 4177 4181 4186 4182
f 4182 4186 4191 4187
f 4191 4192 4187
f 4181 4180 4179 4178 4177
o body_231
usemtl IceCrystal
f 4194 4193 4199 4200
f 4200 4199 4205 4206
f 4205 4211 4206
f 4195 4194 4200 4201
f 4201 4200 4206 4207
f 4206 4211 4207
f 4196 4195 4201 4202
f 4202 4201 4207 4208
f 4207 4211 4208
f 4197 4196 4202 4203
f 4203 4202 4208 4209
f 4208 4211 4209
f 4198 4197 4203 4204
f 4204 4203 4209 4210
f 4209 4211 4210
f 4193 4198 4204 4199
f 4199 4204 4210 4205
f 4210 4211 4205
f 4198 4197 4196 4195 4194 4193
o body_232
usemtl IceCrystal
f 4213 4212 4218 4219
f 4219 4218 4224 4225
f 4224 4230 4225
f 4214 4213 4219 4220
f 4220 4219 4225 4226
f 4225 4230 4226
f 4215 4214 4220 4221
f 4221 4220 4226 4227
f 4226 4230 4227
f 4216 4215 4221 4222
f 4222 4221 4227 4228
f 4227 4230 4228
f 4217 4216 4222 4223
f 4223 4222 4228 4229
f 4228 4230 4229
f 4212 4217 4223 4218
f 4218 4223 4229 4224
f 4229 4230 4224
f 4217 4216 4215 4214 4213 4212
o body_233
usemtl IceCrystal
f 4232 4231 4237 4238
f 4238 4237 4243 4244
f 4243 4249 4244
f 4233 4232 4238 4239
f 4239 4238 4244 4245
f 4244 4249 4245
f 4234 4233 4239 4240
f 4240 4239 4245 4246
f 4245 4249 4246
f 4235 4234 4240 4241
f 4241 4240 4246 4247
f 4246 4249 4247
f 4236 4235 4241 4242
f 4242 4241 4247 4248
f 4247 4249 4248
f 4231 4236 4242 4237
f 4237 4242 4248 4243
f 4248 4249 4243
f 4236 4235 4234 4233 4232 4231
o body_234
usemtl IceCrystal
f 4251 4250 4256 4257
f 4257 4256 4262 4263
f 4262 4268 4263
f 4252 4251 4257 4258
f 4258 4257 4263 4264
f 4263 4268 4264
f 4253 4252 4258 4259
f 4259 4258 4264 4265
f 4264 4268 4265
f 4254 4253 4259 4260
f 4260 4259 4265 4266
f 4265 4268 4266
f 4255 4254 4260 4261
f 4261 4260 4266 4267
f 4266 4268 4267
f 4250 4255 4261 4256
f 4256 4261 4267 4262
f 4267 4268 4262
f 4255 4254 4253 4252 4251 4250
o body_235
usemtl IceCrystal
f 4270 4269 4274 4275
f 4275 4274 4279 4280
f 4279 4284 4280
f 4271 4270 4275 4276
f 4276 4275 4280 4281
f 4280 4284 4281
f 4272 4271 4276 4277
f 4277 4276 4281 4282
f 4281 4284 4282
f 4273 4272 4277 4278
f 4278 4277 4282 4283
f 4282 4284 4283
f 4269 4273 4278 4274
f 4274 4278 4283 4279
f 4283 4284 4279
f 4273 4272 4271 4270 4269
o body_236
usemtl IceCrystal
f 4286 4285 4291 4292
f 4292 4291 4297 4298
f 4297 4303 4298
f 4287 4286 4292 4293
f 4293 4292 4298 4299
f 4298 4303 4299
f 4288 4287 4293 4294
f 4294 4293 4299 4300
f 4299 4303 4300
f 4289 4288 4294 4295
f 4295 4294 4300 4301
f 4300 4303 4301
f 4290 4289 4295 4296
f 4296 4295 4301 4302
f 4301 4303 4302
f 4285 4290 4296 4291
f 4291 4296 4302 4297
f 4302 4303 4297
f 4290 4289 4288 4287 4286 4285
o body_237
usemtl IceCrystal
f 4305 4304 4309 4310
f 4310 4309 4314 4315
f 4314 4319 4315
f 4306 4305 4310 4311
f 4311 4310 4315 4316
f 4315 4319 4316
f 4307 4306 4311 4312
f 4312 4311 4316 4317
f 4316 4319 4317
f 4308 4307 4312 4313
f 4313 4312 4317 4318
f 4317 4319 4318
f 4304 4308 4313 4309
f 4309 4313 4318 4314
f 4318 4319 4314
f 4308 4307 4306 4305 4304
o body_238
usemtl IceCrystal
f 4321 4320 4326 4327
f 4327 4326 4332 4333
f 4332 4338 4333
f 4322 4321 4327 4328
f 4328 4327 4333 4334
f 4333 4338 4334
f 4323 4322 4328 4329
f 4329 4328 4334 4335
f 4334 4338 4335
f 4324 4323 4329 4330
f 4330 4329 4335 4336
f 4335 4338 4336
f 4325 4324 4330 4331
f 4331 4330 4336 4337
f 4336 4338 4337
f 4320 4325 4331 4326
f 4326 4331 4337 4332
f 4337 4338 4332
f 4325 4324 4323 4322 4321 4320
o body_239
usemtl IceCrystal
f 4340 4339 4345 4346
f 4346 4345 4351 4352
f 4351 4357 4352
f 4341 4340 4346 4347
f 4347 4346 4352 4353
f 4352 4357 4353
f 4342 4341 4347 4348
f 4348 4347 4353 4354
f 4353 4357 4354
f 4343 4342 4348 4349
f 4349 4348 4354 4355
f 4354 4357 4355
f 4344 4343 4349 4350
f 4350 4349 4355 4356
f 4355 4357 4356
f 4339 4344 4350 4345
f 4345 4350 4356 4351
f 4356 4357 4351
f 4344 4343 4342 4341 4340 4339
o body_240
usemtl IceCrystal
f 4359 4358 4364 4365
f 4365 4364 4370 4371
f 4370 4376 4371
f 4360 4359 4365 4366
f 4366 4365 4371 4372
f 4371 4376 4372
f 4361 4360 4366 4367
f 4367 4366 4372 4373
f 4372 4376 4373
f 4362 4361 4367 4368
f 4368 4367 4373 4374
f 4373 4376 4374
f 4363 4362 4368 4369
f 4369 4368 4374 4375
f 4374 4376 4375
f 4358 4363 4369 4364
f 4364 4369 4375 4370
f 4375 4376 4370
f 4363 4362 4361 4360 4359 4358
o body_241
usemtl IceCrystal
f 4378 4377 4382 4383
f 4383 4382 4387 4388
f 4387 4392 4388
f 4379 4378 4383 4384
f 4384 4383 4388 4389
f 4388 4392 4389
f 4380 4379 4384 4385
f 4385 4384 4389 4390
f 4389 4392 4390
f 4381 4380 4385 4386
f 4386 4385 4390 4391
f 4390 4392 4391
f 4377 4381 4386 4382
f 4382 4386 4391 4387
f 4391 4392 4387
f 4381 4380 4379 4378 4377
o body_242
usemtl IceCrystal
f 4394 4393 4398 4399
f 4399 4398 4403 4404
f 4403 4408 4404
f 4395 4394 4399 4400
f 4400 4399 4404 4405
f 4404 4408 4405
f 4396 4395 4400 4401
f 4401 4400 4405 4406
f 4405 4408 4406
f 4397 4396 4401 4402
f 4402 4401 4406 4407
f 4406 4408 4407
f 4393 4397 4402 4398
f 4398 4402 4407 4403
f 4407 4408 4403
f 4397 4396 4395 4394 4393
o body_243
usemtl IceCrystal
f 4410 4409 4415 4416
f 4416 4415 4421 4422
f 4421 4427 4422
f 4411 4410 4416 4417
f 4417 4416 4422 4423
f 4422 4427 4423
f 4412 4411 4417 4418
f 4418 4417 4423 4424
f 4423 4427 4424
f 4413 4412 4418 4419
f 4419 4418 4424 4425
f 4424 4427 4425
f 4414 4413 4419 4420
f 4420 4419 4425 4426
f 4425 4427 4426
f 4409 4414 4420 4415
f 4415 4420 4426 4421
f 4426 4427 4421
f 4414 4413 4412 4411 4410 4409
o body_244
usemtl IceCrystal
f 4429 4428 4433 4434
f 4434 4433 4438 4439
f 4438 4443 4439
f 4430 4429 4434 4435
f 4435 4434 4439 4440
f 4439 4443 4440
f 4431 4430 4435 4436
f 4436 4435 4440 4441
f 4440 4443 4441
f 4432 4431 4436 4437
f 4437 4436 4441 4442
f 4441 4443 4442
f 4428 4432 4437 4433
f 4433 4437 4442 4438
f 4442 4443 4438
f 4432 4431 4430 4429 4428
o body_245
usemtl IceCrystal
f 4445 4444 4449 4450
f 4450 4449 4454 4455
f 4454 4459 4455
f 4446 4445 4450 4451
f 4451 4450 4455 4456
f 4455 4459 4456
f 4447 4446 4451 4452
f 4452 4451 4456 4457
f 4456 4459 4457
f 4448 4447 4452 4453
f 4453 4452 4457 4458
f 4457 4459 4458
f 4444 4448 4453 4449
f 4449 4453 4458 4454
f 4458 4459 4454
f 4448 4447 4446 4445 4444
o body_246
usemtl IceCrystal
f 4461 4460 4465 4466
f 4466 4465 4470 4471
f 4470 4475 4471
f 4462 4461 4466 4467
f 4467 4466 4471 4472
f 4471 4475 4472
f 4463 4462 4467 4468
f 4468 4467 4472 4473
f 4472 4475 4473
f 4464 4463 4468 4469
f 4469 4468 4473 4474
f 4473 4475 4474
f 4460 4464 4469 4465
f 4465 4469 4474 4470
f 4474 4475 4470
f 4464 4463 4462 4461 4460
o body_247
usemtl IceCrystal
f 4477 4476 4481 4482
f 4482 4481 4486 4487
f 4486 4491 4487
f 4478 4477 4482 4483
f 4483 4482 4487 4488
f 4487 4491 4488
f 4479 4478 4483 4484
f 4484 4483 4488 4489
f 4488 4491 4489
f 4480 4479 4484 4485
f 4485 4484 4489 4490
f 4489 4491 4490
f 4476 4480 4485 4481
f 4481 4485 4490 4486
f 4490 4491 4486
f 4480 4479 4478 4477 4476
o body_248
usemtl IceCrystal
f 4493 4492 4497 4498
f 4498 4497 4502 4503
f 4502 4507 4503
f 4494 4493 4498 4499
f 4499 4498 4503 4504
f 4503 4507 4504
f 4495 4494 4499 4500
f 4500 4499 4504 4505
f 4504 4507 4505
f 4496 4495 4500 4501
f 4501 4500 4505 4506
f 4505 4507 4506
f 4492 4496 4501 4497
f 4497 4501 4506 4502
f 4506 4507 4502
f 4496 4495 4494 4493 4492
o body_249
usemtl IceCrystal
f 4509 4508 4514 4515
f 4515 4514 4520 4521
f 4520 4526 4521
f 4510 4509 4515 4516
f 4516 4515 4521 4522
f 4521 4526 4522
f 4511 4510 4516 4517
f 4517 4516 4522 4523
f 4522 4526 4523
f 4512 4511 4517 4518
f 4518 4517 4523 4524
f 4523 4526 4524
f 4513 4512 4518 4519
f 4519 4518 4524 4525
f 4524 4526 4525
f 4508 4513 4519 4514
f 4514 4519 4525 4520
f 4525 4526 4520
f 4513 4512 4511 4510 4509 4508
o body_250
usemtl IceCrystal
f 4528 4527 4532 4533
f 4533 4532 4537 4538
f 4537 4542 4538
f 4529 4528 4533 4534
f 4534 4533 4538 4539
f 4538 4542 4539
f 4530 4529 4534 4535
f 4535 4534 4539 4540
f 4539 4542 4540
f 4531 4530 4535 4536
f 4536 4535 4540 4541
f 4540 4542 4541
f 4527 4531 4536 4532
f 4532 4536 4541 4537
f 4541 4542 4537
f 4531 4530 4529 4528 4527
o body_251
usemtl IceCrystal
f 4544 4543 4548 4549
f 4549 4548 4553 4554
f 4553 4558 4554
f 4545 4544 4549 4550
f 4550 4549 4554 4555
f 4554 4558 4555
f 4546 4545 4550 4551
f 4551 4550 4555 4556
f 4555 4558 4556
f 4547 4546 4551 4552
f 4552 4551 4556 4557
f 4556 4558 4557
f 4543 4547 4552 4548
f 4548 4552 4557 4553
f 4557 4558 4553
f 4547 4546 4545 4544 4543
o body_252
usemtl IceCrystal
f 4560 4559 4564 4565
f 4565 4564 4569 4570
f 4569 4574 4570
f 4561 4560 4565 4566
f 4566 4565 4570 4571
f 4570 4574 4571
f 4562 4561 4566 4567
f 4567 4566 4571 4572
f 4571 4574 4572
f 4563 4562 4567 4568
f 4568 4567 4572 4573
f 4572 4574 4573
f 4559 4563 4568 4564
f 4564 4568 4573 4569
f 4573 4574 4569
f 4563 4562 4561 4560 4559
o body_253
usemtl IceCrystal
f 4576 4575 4581 4582
f 4582 4581 4587 4588
f 4587 4593 4588
f 4577 4576 4582 4583
f 4583 4582 4588 4589
f 4588 4593 4589
f 4578 4577 4583 4584
f 4584 4583 4589 4590
f 4589 4593 4590
f 4579 4578 4584 4585
f 4585 4584 4590 4591
f 4590 4593 4591
f 4580 4579 4585 4586
f 4586 4585 4591 4592
f 4591 4593 4592
f 4575 4580 4586 4581
f 4581 4586 4592 4587
f 4592 4593 4587
f 4580 4579 4578 4577 4576 4575
o body_254
usemtl IceCrystal
f 4595 4594 4600 4601
f 4601 4600 4606 4607
f 4606 4612 4607
f 4596 4595 4601 4602
f 4602 4601 4607 4608
f 4607 4612 4608
f 4597 4596 4602 4603
f 4603 4602 4608 4609
f 4608 4612 4609
f 4598 4597 4603 4604
f 4604 4603 4609 4610
f 4609 4612 4610
f 4599 4598 4604 4605
f 4605 4604 4610 4611
f 4610 4612 4611
f 4594 4599 4605 4600
f 4600 4605 4611 4606
f 4611 4612 4606
f 4599 4598 4597 4596 4595 4594
o body_255
usemtl IceCrystal
f 4614 4613 4618 4619
f 4619 4618 4623 4624
f 4623 4628 4624
f 4615 4614 4619 4620
f 4620 4619 4624 4625
f 4624 4628 4625
f 4616 4615 4620 4621
f 4621 4620 4625 4626
f 4625 4628 4626
f 4617 4616 4621 4622
f 4622 4621 4626 4627
f 4626 4628 4627
f 4613 4617 4622 4618
f 4618 4622 4627 4623
f 4627 4628 4623
f 4617 4616 4615 4614 4613
o body_256
usemtl IceCrystal
f 4630 4629 4635 4636
f 4636 4635 4641 4642
f 4641 4647 4642
f 4631 4630 4636 4637
f 4637 4636 4642 4643
f 4642 4647 4643
f 4632 4631 4637 4638
f 4638 4637 4643 4644
f 4643 4647 4644
f 4633 4632 4638 4639
f 4639 4638 4644 4645
f 4644 4647 4645
f 4634 4633 4639 4640
f 4640 4639 4645 4646
f 4645 4647 4646
f 4629 4634 4640 4635
f 4635 4640 4646 4641
f 4646 4647 4641
f 4634 4633 4632 4631 4630 4629
o body_257
usemtl IceCrystal
f 4649 4648 4654 4655
f 4655 4654 4660 4661
f 4660 4666 4661
f 4650 4649 4655 4656
f 4656 4655 4661 4662
f 4661 4666 4662
f 4651 4650 4656 4657
f 4657 4656 4662 4663
f 4662 4666 4663
f 4652 4651 4657 4658
f 4658 4657 4663 4664
f 4663 4666 4664
f 4653 4652 4658 4659
f 4659 4658 4664 4665
f 4664 4666 4665
f 4648 4653 4659 4654
f 4654 4659 4665 4660
f 4665 4666 4660
f 4653 4652 4651 4650 4649 4648
o body_258
usemtl IceCrystal
f 4668 4667 4673 4674
f 4674 4673 4679 4680
f 4679 4685 4680
f 4669 4668 4674 4675
f 4675 4674 4680 4681
f 4680 4685 4681
f 4670 4669 4675 4676
f 4676 4675 4681 4682
f 4681 4685 4682
f 4671 4670 4676 4677
f 4677 4676 4682 4683
f 4682 4685 4683
f 4672 4671 4677 4678
f 4678 4677 4683 4684
f 4683 4685 4684
f 4667 4672 4678 4673
f 4673 4678 4684 4679
f 4684 4685 4679
f 4672 4671 4670 4669 4668 4667
o body_259
usemtl IceCrystal
f 4687 4686 4692 4693
f 4693 4692 4698 4699
f 4698 4704 4699
f 4688 4687 4693 4694
f 4694 4693 4699 4700
f 4699 4704 4700
f 4689 4688 4694 4695
f 4695 4694 4700 4701
f 4700 4704 4701
f 4690 4689 4695 4696
f 4696 4695 4701 4702
f 4701 4704 4702
f 4691 4690 4696 4697
f 4697 4696 4702 4703
f 4702 4704 4703
f 4686 4691 4697 4692
f 4692 4697 4703 4698
f 4703 4704 4698
f 4691 4690 4689 4688 4687 4686
o body_260
usemtl IceCrystal
f 4706 4705 4710 4711
f 4711 4710 4715 4716
f 4715 4720 4716
f 4707 4706 4711 4712
f 4712 4711 4716 4717
f 4716 4720 4717
f 4708 4707 4712 4713
f 4713 4712 4717 4718
f 4717 4720 4718
f 4709 4708 4713 4714
f 4714 4713 4718 4719
f 4718 4720 4719
f 4705 4709 4714 4710
f 4710 4714 4719 4715
f 4719 4720 4715
f 4709 4708 4707 4706 4705
o body_261
usemtl IceCrystal
f 4722 4721 4726 4727
f 4727 4726 4731 4732
f 4731 4736 4732
f 4723 4722 4727 4728
f 4728 4727 4732 4733
f 4732 4736 4733
f 4724 4723 4728 4729
f 4729 4728 4733 4734
f 4733 4736 4734
f 4725 4724 4729 4730
f 4730 4729 4734 4735
f 4734 4736 4735
f 4721 4725 4730 4726
f 4726 4730 4735 4731
f 4735 4736 4731
f 4725 4724 4723 4722 4721
o body_262
usemtl IceCrystal
f 4738 4737 4742 4743
f 4743 4742 4747 4748
f 4747 4752 4748
f 4739 4738 4743 4744
f 4744 4743 4748 4749
f 4748 4752 4749
f 4740 4739 4744 4745
f 4745 4744 4749 4750
f 4749 4752 4750
f 4741 4740 4745 4746
f 4746 4745 4750 4751
f 4750 4752 4751
f 4737 4741 4746 4742
f 4742 4746 4751 4747
f 4751 4752 4747
f 4741 4740 4739 4738 4737
o body_263
usemtl IceCrystal
f 4754 4753 4758 4759
f 4759 4758 4763 4764
f 4763 4768 4764
f 4755 4754 4759 4760
f 4760 4759 4764 4765
f 4764 4768 4765
f 4756 4755 4760 4761
f 4761 4760 4765 4766
f 4765 4768 4766
f 4757 4756 4761 4762
f 4762 4761 4766 4767
f 4766 4768 4767
f 4753 4757 4762 4758
f 4758 4762 4767 4763
f 4767 4768 4763
f 4757 4756 4755 4754 4753
o body_264
usemtl IceCrystal
f 4770 4769 4775 4776
f 4776 4775 4781 4782
f 4781 4787 4782
f 4771 4770 4776 4777
f 4777 4776 4782 4783
f 4782 4787 4783
f 4772 4771 4777 4778
f 4778 4777 4783 4784
f 4783 4787 4784
f 4773 4772 4778 4779
f 4779 4778 4784 4785
f 4784 4787 4785
f 4774 4773 4779 4780
f 4780 4779 4785 4786
f 4785 4787 4786
f 4769 4774 4780 4775
f 4775 4780 4786 4781
f 4786 4787 4781
f 4774 4773 4772 4771 4770 4769
o body_265
usemtl IceCrystal
f 4789 4788 4794 4795
f 4795 4794 4800 4801
f 4800 4806 4801
f 4790 4789 4795 4796
f 4796 4795 4801 4802
f 4801 4806 4802
f 4791 4790 4796 4797
f 4797 4796 4802 4803
f 4802 4806 4803
f 4792 4791 4797 4798
f 4798 4797 4803 4804
f 4803 4806 4804
f 4793 4792 4798 4799
f 4799 4798 4804 4805
f 4804 4806 4805
f 4788 4793 4799 4794
f 4794 4799 4805 4800
f 4805 4806 4800
f 4793 4792 4791 4790 4789 4788
o body_266
usemtl IceCrystal
f 4808 4807 4813 4814
f 4814 4813 4819 4820
f 4819 4825 4820
f 4809 4808 4814 4815
f 4815 4814 4820 4821
f 4820 4825 4821
f 4810 4809 4815 4816
f 4816 4815 4821 4822
f 4821 4825 4822
f 4811 4810 4816 4817
f 4817 4816 4822 4823
f 4822 4825 4823
f 4812 4811 4817 4818
f 4818 4817 4823 4824
f 4823 4825 4824
f 4807 4812 4818 4813
f 4813 4818 4824 4819
f 4824 4825 4819
f 4812 4811 4810 4809 4808 4807
o body_267
usemtl IceCrystal
f 4827 4826 4831 4832
f 4832 4831 4836 4837
f 4836 4841 4837
f 4828 4827 4832 4833
f 4833 4832 4837 4838
f 4837 4841 4838
f 4829 4828 4833 4834
f 4834 4833 4838 4839
f 4838 4841 4839
f 4830 4829 4834 4835
f 4835 4834 4839 4840
f 4839 4841 4840
f 4826 4830 4835 4831
f 4831 4835 4840 4836
f 4840 4841 4836
f 4830 4829 4828 4827 4826
o body_268
usemtl IceCrystal
f 4843 4842 4847 4848
f 4848 4847 4852 4853
f 4852 4857 4853
f 4844 4843 4848 4849
f 4849 4848 4853 4854
f 4853 4857 4854
f 4845 4844 4849 4850
f 4850 4849 4854 4855
f 4854 4857 4855
f 4846 4845 4850 4851
f 4851 4850 4855 4856
f 4855 4857 4856
f 4842 4846 4851 4847
f 4847 4851 4856 4852
f 4856 4857 4852
f 4846 4845 4844 4843 4842
o body_269
usemtl IceCrystal
f 4859 4858 4864 4865
f 4865 4864 4870 4871
f 4870 4876 4871
f 4860 4859 4865 4866
f 4866 4865 4871 4872
f 4871 4876 4872
f 4861 4860 4866 4867
f 4867 4866 4872 4873
f 4872 4876 4873
f 4862 4861 4867 4868
f 4868 4867 4873 4874
f 4873 4876 4874
f 4863 4862 4868 4869
f 4869 4868 4874 4875
f 4874 4876 4875
f 4858 4863 4869 4864
f 4864 4869 4875 4870
f 4875 4876 4870
f 4863 4862 4861 4860 4859 4858
o body_270
usemtl IceCrystal
f 4878 4877 4883 4884
f 4884 4883 4889 4890
f 4889 4895 4890
f 4879 4878 4884 4885
f 4885 4884 4890 4891
f 4890 4895 4891
f 4880 4879 4885 4886
f 4886 4885 4891 4892
f 4891 4895 4892
f 4881 4880 4886 4887
f 4887 4886 4892 4893
f 4892 4895 4893
f 4882 4881 4887 4888
f 4888 4887 4893 4894
f 4893 4895 4894
f 4877 4882 4888 4883
f 4883 4888 4894 4889
f 4894 4895 4889
f 4882 4881 4880 4879 4878 4877
o body_271
usemtl IceCrystal
f 4897 4896 4902 4903
f 4903 4902 4908 4909
f 4908 4914 4909
f 4898 4897 4903 4904
f 4904 4903 4909 4910
f 4909 4914 4910
f 4899 4898 4904 4905
f 4905 4904 4910 4911
f 4910 4914 4911
f 4900 4899 4905 4906
f 4906 4905 4911 4912
f 4911 4914 4912
f 4901 4900 4906 4907
f 4907 4906 4912 4913
f 4912 4914 4913
f 4896 4901 4907 4902
f 4902 4907 4913 4908
f 4913 4914 4908
f 4901 4900 4899 4898 4897 4896
o body_272
usemtl IceCrystal
f 4916 4915 4921 4922
f 4922 4921 4927 4928
f 4927 4933 4928
f 4917 4916 4922 4923
f 4923 4922 4928 4929
f 4928 4933 4929
f 4918 4917 4923 4924
f 4924 4923 4929 4930
f 4929 4933 4930
f 4919 4918 4924 4925
f 4925 4924 4930 4931
f 4930 4933 4931
f 4920 4919 4925 4926
f 4926 4925 4931 4932
f 4931 4933 4932
f 4915 4920 4926 4921
f 4921 4926 4932 4927
f 4932 4933 4927
f 4920 4919 4918 4917 4916 4915
o body_273
usemtl IceCrystal
f 4935 4934 4939 4940
f 4940 4939 4944 4945
f 4944 4949 4945
f 4936 4935 4940 4941
f 4941 4940 4945 4946
f 4945 4949 4946
f 4937 4936 4941 4942
f 4942 4941 4946 4947
f 4946 4949 4947
f 4938 4937 4942 4943
f 4943 4942 4947 4948
f 4947 4949 4948
f 4934 4938 4943 4939
f 4939 4943 4948 4944
f 4948 4949 4944
f 4938 4937 4936 4935 4934
o body_274
usemtl IceCrystal
f 4951 4950 4956 4957
f 4957 4956 4962 4963
f 4962 4968 4963
f 4952 4951 4957 4958
f 4958 4957 4963 4964
f 4963 4968 4964
f 4953 4952 4958 4959
f 4959 4958 4964 4965
f 4964 4968 4965
f 4954 4953 4959 4960
f 4960 4959 4965 4966
f 4965 4968 4966
f 4955 4954 4960 4961
f 4961 4960 4966 4967
f 4966 4968 4967
f 4950 4955 4961 4956
f 4956 4961 4967 4962
f 4967 4968 4962
f 4955 4954 4953 4952 4951 4950
o body_275
usemtl IceCrystal
f 4970 4969 4975 4976
f 4976 4975 4981 4982
f 4981 4987 4982
f 4971 4970 4976 4977
f 4977 4976 4982 4983
f 4982 4987 4983
f 4972 4971 4977 4978
f 4978 4977 4983 4984
f 4983 4987 4984
f 4973 4972 4978 4979
f 4979 4978 4984 4985
f 4984 4987 4985
f 4974 4973 4979 4980
f 4980 4979 4985 4986
f 4985 4987 4986
f 4969 4974 4980 4975
f 4975 4980 4986 4981
f 4986 4987 4981
f 4974 4973 4972 4971 4970 4969
o body_276
usemtl IceCrystal
f 4989 4988 4994 4995
f 4995 4994 5000 5001
f 5000 5006 5001
f 4990 4989 4995 4996
f 4996 4995 5001 5002
f 5001 5006 5002
f 4991 4990 4996 4997
f 4997 4996 5002 5003
f 5002 5006 5003
f 4992 4991 4997 4998
f 4998 4997 5003 5004
f 5003 5006 5004
f 4993 4992 4998 4999
f 4999 4998 5004 5005
f 5004 5006 5005
f 4988 4993 4999 4994
f 4994 4999 5005 5000
f 5005 5006 5000
f 4993 4992 4991 4990 4989 4988
o body_277
usemtl IceCrystal
f 5008 5007 5012 5013
f 5013 5012 5017 5018
f 5017 5022 5018
f 5009 5008 5013 5014
f 5014 5013 5018 5019
f 5018 5022 5019
f 5010 5009 5014 5015
f 5015 5014 5019 5020
f 5019 5022 5020
f 5011 5010 5015 5016
f 5016 5015 5020 5021
f 5020 5022 5021
f 5007 5011 5016 5012
f 5012 5016 5021 5017
f 5021 5022 5017
f 5011 5010 5009 5008 5007
o body_278
usemtl IceCrystal
f 5024 5023 5028 5029
f 5029 5028 5033 5034
f 5033 5038 5034
f 5025 5024 5029 5030
f 5030 5029 5034 5035
f 5034 5038 5035
f 5026 5025 5030 5031
f 5031 5030 5035 5036
f 5035 5038 5036
f 5027 5026 5031 5032
f 5032 5031 5036 5037
f 5036 5038 5037
f 5023 5027 5032 5028
f 5028 5032 5037 5033
f 5037 5038 5033
f 5027 5026 5025 5024 5023
o body_279
usemtl IceCrystal
f 5040 5039 5045 5046
f 5046 5045 5051 5052
f 5051 5057 5052
f 5041 5040 5046 5047
f 5047 5046 5052 5053
f 5052 5057 5053
f 5042 5041 5047 5048
f 5048 5047 5053 5054
f 5053 5057 5054
f 5043 5042 5048 5049
f 5049 5048 5054 5055
f 5054 5057 5055
f 5044 5043 5049 5050
f 5050 5049 5055 5056
f 5055 5057 5056
f 5039 5044 5050 5045
f 5045 5050 5056 5051
f 5056 5057 5051
f 5044 5043 5042 5041 5040 5039
o body_280
usemtl IceCrystal
f 5059 5058 5064 5065
f 5065 5064 5070 5071
f 5070 5076 5071
f 5060 5059 5065 5066
f 5066 5065 5071 5072
f 5071 5076 5072
f 5061 5060 5066 5067
f 5067 5066 5072 5073
f 5072 5076 5073
f 5062 5061 5067 5068
f 5068 5067 5073 5074
f 5073 5076 5074
f 5063 5062 5068 5069
f 5069 5068 5074 5075
f 5074 5076 5075
f 5058 5063 5069 5064
f 5064 5069 5075 5070
f 5075 5076 5070
f 5063 5062 5061 5060 5059 5058
o body_281
usemtl IceCrystal
f 5078 5077 5082 5083
f 5083 5082 5087 5088
f 5087 5092 5088
f 5079 5078 5083 5084
f 5084 5083 5088 5089
f 5088 5092 5089
f 5080 5079 5084 5085
f 5085 5084 5089 5090
f 5089 5092 5090
f 5081 5080 5085 5086
f 5086 5085 5090 5091
f 5090 5092 5091
f 5077 5081 5086 5082
f 5082 5086 5091 5087
f 5091 5092 5087
f 5081 5080 5079 5078 5077
o body_282
usemtl IceCrystal
f 5094 5093 5098 5099
f 5099 5098 5103 5104
f 5103 5108 5104
f 5095 5094 5099 5100
f 5100 5099 5104 5105
f 5104 5108 5105
f 5096 5095 5100 5101
f 5101 5100 5105 5106
f 5105 5108 5106
f 5097 5096 5101 5102
f 5102 5101 5106 5107
f 5106 5108 5107
f 5093 5097 5102 5098
f 5098 5102 5107 5103
f 5107 5108 5103
f 5097 5096 5095 5094 5093
o body_283
usemtl IceCrystal
f 5110 5109 5115 5116
f 5116 5115 5121 5122
f 5121 5127 5122
f 5111 5110 5116 5117
f 5117 5116 5122 5123
f 5122 5127 5123
f 5112 5111 5117 5118
f 5118 5117 5123 5124
f 5123 5127 5124
f 5113 5112 5118 5119
f 5119 5118 5124 5125
f 5124 5127 5125
f 5114 5113 5119 5120
f 5120 5119 5125 5126
f 5125 5127 5126
f 5109 5114 5120 5115
f 5115 5120 5126 5121
f 5126 5127 5121
f 5114 5113 5112 5111 5110 5109
o body_284
usemtl IceCrystal
f 5129 5128 5133 5134
f 5134 5133 5138 5139
f 5138 5143 5139
f 5130 5129 5134 5135
f 5135 5134 5139 5140
f 5139 5143 5140
f 5131 5130 5135 5136
f 5136 5135 5140 5141
f 5140 5143 5141
f 5132 5131 5136 5137
f 5137 5136 5141 5142
f 5141 5143 5142
f 5128 5132 5137 5133
f 5133 5137 5142 5138
f 5142 5143 5138
f 5132 5131 5130 5129 5128
o body_285
usemtl IceCrystal
f 5145 5144 5149 5150
f 5150 5149 5154 5155
f 5154 5159 5155
f 5146 5145 5150 5151
f 5151 5150 5155 5156
f 5155 5159 5156
f 5147 5146 5151 5152
f 5152 5151 5156 5157
f 5156 5159 5157
f 5148 5147 5152 5153
f 5153 5152 5157 5158
f 5157 5159 5158
f 5144 5148 5153 5149
f 5149 5153 5158 5154
f 5158 5159 5154
f 5148 5147 5146 5145 5144
o body_286
usemtl IceCrystal
f 5161 5160 5166 5167
f 5167 5166 5172 5173
f 5172 5178 5173
f 5162 5161 5167 5168
f 5168 5167 5173 5174
f 5173 5178 5174
f 5163 5162 5168 5169
f 5169 5168 5174 5175
f 5174 5178 5175
f 5164 5163 5169 5170
f 5170 5169 5175 5176
f 5175 5178 5176
f 5165 5164 5170 5171
f 5171 5170 5176 5177
f 5176 5178 5177
f 5160 5165 5171 5166
f 5166 5171 5177 5172
f 5177 5178 5172
f 5165 5164 5163 5162 5161 5160
o body_287
usemtl IceCrystal
f 5180 5179 5184 5185
f 5185 5184 5189 5190
f 5189 5194 5190
f 5181 5180 5185 5186
f 5186 5185 5190 5191
f 5190 5194 5191
f 5182 5181 5186 5187
f 5187 5186 5191 5192
f 5191 5194 5192
f 5183 5182 5187 5188
f 5188 5187 5192 5193
f 5192 5194 5193
f 5179 5183 5188 5184
f 5184 5188 5193 5189
f 5193 5194 5189
f 5183 5182 5181 5180 5179
o body_288
usemtl IceCrystal
f 5196 5195 5201 5202
f 5202 5201 5207 5208
f 5207 5213 5208
f 5197 5196 5202 5203
f 5203 5202 5208 5209
f 5208 5213 5209
f 5198 5197 5203 5204
f 5204 5203 5209 5210
f 5209 5213 5210
f 5199 5198 5204 5205
f 5205 5204 5210 5211
f 5210 5213 5211
f 5200 5199 5205 5206
f 5206 5205 5211 5212
f 5211 5213 5212
f 5195 5200 5206 5201
f 5201 5206 5212 5207
f 5212 5213 5207
f 5200 5199 5198 5197 5196 5195
o body_289
usemtl IceCrystal
f 5215 5214 5219 5220
f 5220 5219 5224 5225
f 5224 5229 5225
f 5216 5215 5220 5221
f 5221 5220 5225 5226
f 5225 5229 5226
f 5217 5216 5221 5222
f 5222 5221 5226 5227
f 5226 5229 5227
f 5218 5217 5222 5223
f 5223 5222 5227 5228
f 5227 5229 5228
f 5214 5218 5223 5219
f 5219 5223 5228 5224
f 5228 5229 5224
f 5218 5217 5216 5215 5214
o body_290
usemtl IceCrystal
f 5231 5230 5236 5237
f 5237 5236 5242 5243
f 5242 5248 5243
f 5232 5231 5237 5238
f 5238 5237 5243 5244
f 5243 5248 5244
f 5233 5232 5238 5239
f 5239 5238 5244 5245
f 5244 5248 5245
f 5234 5233 5239 5240
f 5240 5239 5245 5246
f 5245 5248 5246
f 5235 5234 5240 5241
f 5241 5240 5246 5247
f 5246 5248 5247
f 5230 5235 5241 5236
f 5236 5241 5247 5242
f 5247 5248 5242
f 5235 5234 5233 5232 5231 5230
o body_291
usemtl IceCrystal
f 5250 5249 5255 5256
f 5256 5255 5261 5262
f 5261 5267 5262
f 5251 5250 5256 5257
f 5257 5256 5262 5263
f 5262 5267 5263
f 5252 5251 5257 5258
f 5258 5257 5263 5264
f 5263 5267 5264
f 5253 5252 5258 5259
f 5259 5258 5264 5265
f 5264 5267 5265
f 5254 5253 5259 5260
f 5260 5259 5265 5266
f 5265 5267 5266
f 5249 5254 5260 5255
f 5255 5260 5266 5261
f 5266 5267 5261
f 5254 5253 5252 5251 5250 5249
o body_292
usemtl IceCrystal
f 5269 5268 5274 5275
f 5275 5274 5280 5281
f 5280 5286 5281
f 5270 5269 5275 5276
f 5276 5275 5281 5282
f 5281 5286 5282
f 5271 5270 5276 5277
f 5277 5276 5282 5283
f 5282 5286 5283
f 5272 5271 5277 5278
f 5278 5277 5283 5284
f 5283 5286 5284
f 5273 5272 5278 5279
f 5279 5278 5284 5285
f 5284 5286 5285
f 5268 5273 5279 5274
f 5274 5279 5285 5280
f 5285 5286 5280
f 5273 5272 5271 5270 5269 5268
o body_293
usemtl IceCrystal
f 5288 5287 5292 5293
f 5293 5292 5297 5298
f 5297 5302 5298
f 5289 5288 5293 5294
f 5294 5293 5298 5299
f 5298 5302 5299
f 5290 5289 5294 5295
f 5295 5294 5299 5300
f 5299 5302 5300
f 5291 5290 5295 5296
f 5296 5295 5300 5301
f 5300 5302 5301
f 5287 5291 5296 5292
f 5292 5296 5301 5297
f 5301 5302 5297
f 5291 5290 5289 5288 5287
o body_294
usemtl IceCrystal
f 5304 5303 5308 5309
f 5309 5308 5313 5314
f 5313 5318 5314
f 5305 5304 5309 5310
f 5310 5309 5314 5315
f 5314 5318 5315
f 5306 5305 5310 5311
f 5311 5310 5315 5316
f 5315 5318 5316
f 5307 5306 5311 5312
f 5312 5311 5316 5317
f 5316 5318 5317
f 5303 5307 5312 5308
f 5308 5312 5317 5313
f 5317 5318 5313
f 5307 5306 5305 5304 5303
o body_295
usemtl IceCrystal
f 5320 5319 5325 5326
f 5326 5325 5331 5332
f 5331 5337 5332
f 5321 5320 5326 5327
f 5327 5326 5332 5333
f 5332 5337 5333
f 5322 5321 5327 5328
f 5328 5327 5333 5334
f 5333 5337 5334
f 5323 5322 5328 5329
f 5329 5328 5334 5335
f 5334 5337 5335
f 5324 5323 5329 5330
f 5330 5329 5335 5336
f 5335 5337 5336
f 5319 5324 5330 5325
f 5325 5330 5336 5331
f 5336 5337 5331
f 5324 5323 5322 5321 5320 5319
o body_296
usemtl IceCrystal
f 5339 5338 5343 5344
f 5344 5343 5348 5349
f 5348 5353 5349
f 5340 5339 5344 5345
f 5345 5344 5349 5350
f 5349 5353 5350
f 5341 5340 5345 5346
f 5346 5345 5350 5351
f 5350 5353 5351
f 5342 5341 5346 5347
f 5347 5346 5351 5352
f 5351 5353 5352
f 5338 5342 5347 5343
f 5343 5347 5352 5348
f 5352 5353 5348
f 5342 5341 5340 5339 5338
o body_297
usemtl IceCrystal
f 5355 5354 5360 5361
f 5361 5360 5366 5367
f 5366 5372 5367
f 5356 5355 5361 5362
f 5362 5361 5367 5368
f 5367 5372 5368
f 5357 5356 5362 5363
f 5363 5362 5368 5369
f 5368 5372 5369
f 5358 5357 5363 5364
f 5364 5363 5369 5370
f 5369 5372 5370
f 5359 5358 5364 5365
f 5365 5364 5370 5371
f 5370 5372 5371
f 5354 5359 5365 5360
f 5360 5365 5371 5366
f 5371 5372 5366
f 5359 5358 5357 5356 5355 5354
o body_298
usemtl IceCrystal
f 5374 5373 5379 5380
f 5380 5379 5385 5386
f 5385 5391 5386
f 5375 5374 5380 5381
f 5381 5380 5386 5387
f 5386 5391 5387
f 5376 5375 5381 5382
f 5382 5381 5387 5388
f 5387 5391 5388
f 5377 5376 5382 5383
f 5383 5382 5388 5389
f 5388 5391 5389
f 5378 5377 5383 5384
f 5384 5383 5389 5390
f 5389 5391 5390
f 5373 5378 5384 5379
f 5379 5384 5390 5385
f 5390 5391 5385
f 5378 5377 5376 5375 5374 5373
o body_299
usemtl IceCrystal
f 5393 5392 5398 5399
f 5399 5398 5404 5405
f 5404 5410 5405
f 5394 5393 5399 5400
f 5400 5399 5405 5406
f 5405 5410 5406
f 5395 5394 5400 5401
f 5401 5400 5406 5407
f 5406 5410 5407
f 5396 5395 5401 5402
f 5402 5401 5407 5408
f 5407 5410 5408
f 5397 5396 5402 5403
f 5403 5402 5408 5409
f 5408 5410 5409
f 5392 5397 5403 5398
f 5398 5403 5409 5404
f 5409 5410 5404
f 5397 5396 5395 5394 5393 5392
o body_300
usemtl IceCrystal
f 5412 5411 5417 5418
f 5418 5417 5423 5424
f 5423 5429 5424
f 5413 5412 5418 5419
f 5419 5418 5424 5425
f 5424 5429 5425
f 5414 5413 5419 5420
f 5420 5419 5425 5426
f 5425 5429 5426
f 5415 5414 5420 5421
f 5421 5420 5426 5427
f 5426 5429 5427
f 5416 5415 5421 5422
f 5422 5421 5427 5428
f 5427 5429 5428
f 5411 5416 5422 5417
f 5417 5422 5428 5423
f 5428 5429 5423
f 5416 5415 5414 5413 5412 5411
o body_301
usemtl IceCrystal
f 5431 5430 5436 5437
f 5437 5436 5442 5443
f 5442 5448 5443
f 5432 5431 5437 5438
f 5438 5437 5443 5444
f 5443 5448 5444
f 5433 5432 5438 5439
f 5439 5438 5444 5445
f 5444 5448 5445
f 5434 5433 5439 5440
f 5440 5439 5445 5446
f 5445 5448 5446
f 5435 5434 5440 5441
f 5441 5440 5446 5447
f 5446 5448 5447
f 5430 5435 5441 5436
f 5436 5441 5447 5442
f 5447 5448 5442
f 5435 5434 5433 5432 5431 5430
o body_302
usemtl IceCrystal
f 5450 5449 5454 5455
f 5455 5454 5459 5460
f 5459 5464 5460
f 5451 5450 5455 5456
f 5456 5455 5460 5461
f 5460 5464 5461
f 5452 5451 5456 5457
f 5457 5456 5461 5462
f 5461 5464 5462
f 5453 5452 5457 5458
f 5458 5457 5462 5463
f 5462 5464 5463
f 5449 5453 5458 5454
f 5454 5458 5463 5459
f 5463 5464 5459
f 5453 5452 5451 5450 5449
o body_303
usemtl IceCrystal
f 5466 5465 5470 5471
f 5471 5470 5475 5476
f 5475 5480 5476
f 5467 5466 5471 5472
f 5472 5471 5476 5477
f 5476 5480 5477
f 5468 5467 5472 5473
f 5473 5472 5477 5478
f 5477 5480 5478
f 5469 5468 5473 5474
f 5474 5473 5478 5479
f 5478 5480 5479
f 5465 5469 5474 5470
f 5470 5474 5479 5475
f 5479 5480 5475
f 5469 5468 5467 5466 5465
o body_304
usemtl IceCrystal
f 5482 5481 5487 5488
f 5488 5487 5493 5494
f 5493 5499 5494
f 5483 5482 5488 5489
f 5489 5488 5494 5495
f 5494 5499 5495
f 5484 5483 5489 5490
f 5490 5489 5495 5496
f 5495 5499 5496
f 5485 5484 5490 5491
f 5491 5490 5496 5497
f 5496 5499 5497
f 5486 5485 5491 5492
f 5492 5491 5497 5498
f 5497 5499 5498
f 5481 5486 5492 5487
f 5487 5492 5498 5493
f 5498 5499 5493
f 5486 5485 5484 5483 5482 5481
o base_shard_000
usemtl IceCrystal
f 5501 5500 5505 5506
f 5506 5505 5510 5511
f 5510 5515 5511
f 5502 5501 5506 5507
f 5507 5506 5511 5512
f 5511 5515 5512
f 5503 5502 5507 5508
f 5508 5507 5512 5513
f 5512 5515 5513
f 5504 5503 5508 5509
f 5509 5508 5513 5514
f 5513 5515 5514
f 5500 5504 5509 5505
f 5505 5509 5514 5510
f 5514 5515 5510
f 5504 5503 5502 5501 5500
o base_shard_001
usemtl IceCrystal
f 5517 5516 5521 5522
f 5522 5521 5526 5527
f 5526 5531 5527
f 5518 5517 5522 5523
f 5523 5522 5527 5528
f 5527 5531 5528
f 5519 5518 5523 5524
f 5524 5523 5528 5529
f 5528 5531 5529
f 5520 5519 5524 5525
f 5525 5524 5529 5530
f 5529 5531 5530
f 5516 5520 5525 5521
f 5521 5525 5530 5526
f 5530 5531 5526
f 5520 5519 5518 5517 5516
o base_shard_002
usemtl IceCrystal
f 5533 5532 5537 5538
f 5538 5537 5542 5543
f 5542 5547 5543
f 5534 5533 5538 5539
f 5539 5538 5543 5544
f 5543 5547 5544
f 5535 5534 5539 5540
f 5540 5539 5544 5545
f 5544 5547 5545
f 5536 5535 5540 5541
f 5541 5540 5545 5546
f 5545 5547 5546
f 5532 5536 5541 5537
f 5537 5541 5546 5542
f 5546 5547 5542
f 5536 5535 5534 5533 5532
o base_shard_003
usemtl IceCrystal
f 5549 5548 5553 5554
f 5554 5553 5558 5559
f 5558 5563 5559
f 5550 5549 5554 5555
f 5555 5554 5559 5560
f 5559 5563 5560
f 5551 5550 5555 5556
f 5556 5555 5560 5561
f 5560 5563 5561
f 5552 5551 5556 5557
f 5557 5556 5561 5562
f 5561 5563 5562
f 5548 5552 5557 5553
f 5553 5557 5562 5558
f 5562 5563 5558
f 5552 5551 5550 5549 5548
o base_shard_004
usemtl IceCrystal
f 5565 5564 5569 5570
f 5570 5569 5574 5575
f 5574 5579 5575
f 5566 5565 5570 5571
f 5571 5570 5575 5576
f 5575 5579 5576
f 5567 5566 5571 5572
f 5572 5571 5576 5577
f 5576 5579 5577
f 5568 5567 5572 5573
f 5573 5572 5577 5578
f 5577 5579 5578
f 5564 5568 5573 5569
f 5569 5573 5578 5574
f 5578 5579 5574
f 5568 5567 5566 5565 5564
o base_shard_005
usemtl IceCrystal
f 5581 5580 5585 5586
f 5586 5585 5590 5591
f 5590 5595 5591
f 5582 5581 5586 5587
f 5587 5586 5591 5592
f 5591 5595 5592
f 5583 5582 5587 5588
f 5588 5587 5592 5593
f 5592 5595 5593
f 5584 5583 5588 5589
f 5589 5588 5593 5594
f 5593 5595 5594
f 5580 5584 5589 5585
f 5585 5589 5594 5590
f 5594 5595 5590
f 5584 5583 5582 5581 5580
o base_shard_006
usemtl IceCrystal
f 5597 5596 5601 5602
f 5602 5601 5606 5607
f 5606 5611 5607
f 5598 5597 5602 5603
f 5603 5602 5607 5608
f 5607 5611 5608
f 5599 5598 5603 5604
f 5604 5603 5608 5609
f 5608 5611 5609
f 5600 5599 5604 5605
f 5605 5604 5609 5610
f 5609 5611 5610
f 5596 5600 5605 5601
f 5601 5605 5610 5606
f 5610 5611 5606
f 5600 5599 5598 5597 5596
o base_shard_007
usemtl IceCrystal
f 5613 5612 5617 5618
f 5618 5617 5622 5623
f 5622 5627 5623
f 5614 5613 5618 5619
f 5619 5618 5623 5624
f 5623 5627 5624
f 5615 5614 5619 5620
f 5620 5619 5624 5625
f 5624 5627 5625
f 5616 5615 5620 5621
f 5621 5620 5625 5626
f 5625 5627 5626
f 5612 5616 5621 5617
f 5617 5621 5626 5622
f 5626 5627 5622
f 5616 5615 5614 5613 5612
o base_shard_008
usemtl IceCrystal
f 5629 5628 5633 5634
f 5634 5633 5638 5639
f 5638 5643 5639
f 5630 5629 5634 5635
f 5635 5634 5639 5640
f 5639 5643 5640
f 5631 5630 5635 5636
f 5636 5635 5640 5641
f 5640 5643 5641
f 5632 5631 5636 5637
f 5637 5636 5641 5642
f 5641 5643 5642
f 5628 5632 5637 5633
f 5633 5637 5642 5638
f 5642 5643 5638
f 5632 5631 5630 5629 5628
o base_shard_009
usemtl IceCrystal
f 5645 5644 5649 5650
f 5650 5649 5654 5655
f 5654 5659 5655
f 5646 5645 5650 5651
f 5651 5650 5655 5656
f 5655 5659 5656
f 5647 5646 5651 5652
f 5652 5651 5656 5657
f 5656 5659 5657
f 5648 5647 5652 5653
f 5653 5652 5657 5658
f 5657 5659 5658
f 5644 5648 5653 5649
f 5649 5653 5658 5654
f 5658 5659 5654
f 5648 5647 5646 5645 5644
o base_shard_010
usemtl IceCrystal
f 5661 5660 5665 5666
f 5666 5665 5670 5671
f 5670 5675 5671
f 5662 5661 5666 5667
f 5667 5666 5671 5672
f 5671 5675 5672
f 5663 5662 5667 5668
f 5668 5667 5672 5673
f 5672 5675 5673
f 5664 5663 5668 5669
f 5669 5668 5673 5674
f 5673 5675 5674
f 5660 5664 5669 5665
f 5665 5669 5674 5670
f 5674 5675 5670
f 5664 5663 5662 5661 5660
o base_shard_011
usemtl IceCrystal
f 5677 5676 5681 5682
f 5682 5681 5686 5687
f 5686 5691 5687
f 5678 5677 5682 5683
f 5683 5682 5687 5688
f 5687 5691 5688
f 5679 5678 5683 5684
f 5684 5683 5688 5689
f 5688 5691 5689
f 5680 5679 5684 5685
f 5685 5684 5689 5690
f 5689 5691 5690
f 5676 5680 5685 5681
f 5681 5685 5690 5686
f 5690 5691 5686
f 5680 5679 5678 5677 5676
o base_shard_012
usemtl IceCrystal
f 5693 5692 5697 5698
f 5698 5697 5702 5703
f 5702 5707 5703
f 5694 5693 5698 5699
f 5699 5698 5703 5704
f 5703 5707 5704
f 5695 5694 5699 5700
f 5700 5699 5704 5705
f 5704 5707 5705
f 5696 5695 5700 5701
f 5701 5700 5705 5706
f 5705 5707 5706
f 5692 5696 5701 5697
f 5697 5701 5706 5702
f 5706 5707 5702
f 5696 5695 5694 5693 5692
o base_shard_013
usemtl IceCrystal
f 5709 5708 5713 5714
f 5714 5713 5718 5719
f 5718 5723 5719
f 5710 5709 5714 5715
f 5715 5714 5719 5720
f 5719 5723 5720
f 5711 5710 5715 5716
f 5716 5715 5720 5721
f 5720 5723 5721
f 5712 5711 5716 5717
f 5717 5716 5721 5722
f 5721 5723 5722
f 5708 5712 5717 5713
f 5713 5717 5722 5718
f 5722 5723 5718
f 5712 5711 5710 5709 5708
o base_shard_014
usemtl IceCrystal
f 5725 5724 5729 5730
f 5730 5729 5734 5735
f 5734 5739 5735
f 5726 5725 5730 5731
f 5731 5730 5735 5736
f 5735 5739 5736
f 5727 5726 5731 5732
f 5732 5731 5736 5737
f 5736 5739 5737
f 5728 5727 5732 5733
f 5733 5732 5737 5738
f 5737 5739 5738
f 5724 5728 5733 5729
f 5729 5733 5738 5734
f 5738 5739 5734
f 5728 5727 5726 5725 5724
o base_shard_015
usemtl IceCrystal
f 5741 5740 5745 5746
f 5746 5745 5750 5751
f 5750 5755 5751
f 5742 5741 5746 5747
f 5747 5746 5751 5752
f 5751 5755 5752
f 5743 5742 5747 5748
f 5748 5747 5752 5753
f 5752 5755 5753
f 5744 5743 5748 5749
f 5749 5748 5753 5754
f 5753 5755 5754
f 5740 5744 5749 5745
f 5745 5749 5754 5750
f 5754 5755 5750
f 5744 5743 5742 5741 5740
o base_shard_016
usemtl IceCrystal
f 5757 5756 5761 5762
f 5762 5761 5766 5767
f 5766 5771 5767
f 5758 5757 5762 5763
f 5763 5762 5767 5768
f 5767 5771 5768
f 5759 5758 5763 5764
f 5764 5763 5768 5769
f 5768 5771 5769
f 5760 5759 5764 5765
f 5765 5764 5769 5770
f 5769 5771 5770
f 5756 5760 5765 5761
f 5761 5765 5770 5766
f 5770 5771 5766
f 5760 5759 5758 5757 5756
o base_shard_017
usemtl IceCrystal
f 5773 5772 5777 5778
f 5778 5777 5782 5783
f 5782 5787 5783
f 5774 5773 5778 5779
f 5779 5778 5783 5784
f 5783 5787 5784
f 5775 5774 5779 5780
f 5780 5779 5784 5785
f 5784 5787 5785
f 5776 5775 5780 5781
f 5781 5780 5785 5786
f 5785 5787 5786
f 5772 5776 5781 5777
f 5777 5781 5786 5782
f 5786 5787 5782
f 5776 5775 5774 5773 5772
o base_shard_018
usemtl IceCrystal
f 5789 5788 5793 5794
f 5794 5793 5798 5799
f 5798 5803 5799
f 5790 5789 5794 5795
f 5795 5794 5799 5800
f 5799 5803 5800
f 5791 5790 5795 5796
f 5796 5795 5800 5801
f 5800 5803 5801
f 5792 5791 5796 5797
f 5797 5796 5801 5802
f 5801 5803 5802
f 5788 5792 5797 5793
f 5793 5797 5802 5798
f 5802 5803 5798
f 5792 5791 5790 5789 5788
o base_shard_019
usemtl IceCrystal
f 5805 5804 5809 5810
f 5810 5809 5814 5815
f 5814 5819 5815
f 5806 5805 5810 5811
f 5811 5810 5815 5816
f 5815 5819 5816
f 5807 5806 5811 5812
f 5812 5811 5816 5817
f 5816 5819 5817
f 5808 5807 5812 5813
f 5813 5812 5817 5818
f 5817 5819 5818
f 5804 5808 5813 5809
f 5809 5813 5818 5814
f 5818 5819 5814
f 5808 5807 5806 5805 5804
o base_shard_020
usemtl IceCrystal
f 5821 5820 5825 5826
f 5826 5825 5830 5831
f 5830 5835 5831
f 5822 5821 5826 5827
f 5827 5826 5831 5832
f 5831 5835 5832
f 5823 5822 5827 5828
f 5828 5827 5832 5833
f 5832 5835 5833
f 5824 5823 5828 5829
f 5829 5828 5833 5834
f 5833 5835 5834
f 5820 5824 5829 5825
f 5825 5829 5834 5830
f 5834 5835 5830
f 5824 5823 5822 5821 5820
o base_shard_021
usemtl IceCrystal
f 5837 5836 5841 5842
f 5842 5841 5846 5847
f 5846 5851 5847
f 5838 5837 5842 5843
f 5843 5842 5847 5848
f 5847 5851 5848
f 5839 5838 5843 5844
f 5844 5843 5848 5849
f 5848 5851 5849
f 5840 5839 5844 5845
f 5845 5844 5849 5850
f 5849 5851 5850
f 5836 5840 5845 5841
f 5841 5845 5850 5846
f 5850 5851 5846
f 5840 5839 5838 5837 5836
o base_shard_022
usemtl IceCrystal
f 5853 5852 5857 5858
f 5858 5857 5862 5863
f 5862 5867 5863
f 5854 5853 5858 5859
f 5859 5858 5863 5864
f 5863 5867 5864
f 5855 5854 5859 5860
f 5860 5859 5864 5865
f 5864 5867 5865
f 5856 5855 5860 5861
f 5861 5860 5865 5866
f 5865 5867 5866
f 5852 5856 5861 5857
f 5857 5861 5866 5862
f 5866 5867 5862
f 5856 5855 5854 5853 5852
o base_shard_023
usemtl IceCrystal
f 5869 5868 5873 5874
f 5874 5873 5878 5879
f 5878 5883 5879
f 5870 5869 5874 5875
f 5875 5874 5879 5880
f 5879 5883 5880
f 5871 5870 5875 5876
f 5876 5875 5880 5881
f 5880 5883 5881
f 5872 5871 5876 5877
f 5877 5876 5881 5882
f 5881 5883 5882
f 5868 5872 5877 5873
f 5873 5877 5882 5878
f 5882 5883 5878
f 5872 5871 5870 5869 5868
o base_shard_024
usemtl IceCrystal
f 5885 5884 5889 5890
f 5890 5889 5894 5895
f 5894 5899 5895
f 5886 5885 5890 5891
f 5891 5890 5895 5896
f 5895 5899 5896
f 5887 5886 5891 5892
f 5892 5891 5896 5897
f 5896 5899 5897
f 5888 5887 5892 5893
f 5893 5892 5897 5898
f 5897 5899 5898
f 5884 5888 5893 5889
f 5889 5893 5898 5894
f 5898 5899 5894
f 5888 5887 5886 5885 5884
o base_shard_025
usemtl IceCrystal
f 5901 5900 5905 5906
f 5906 5905 5910 5911
f 5910 5915 5911
f 5902 5901 5906 5907
f 5907 5906 5911 5912
f 5911 5915 5912
f 5903 5902 5907 5908
f 5908 5907 5912 5913
f 5912 5915 5913
f 5904 5903 5908 5909
f 5909 5908 5913 5914
f 5913 5915 5914
f 5900 5904 5909 5905
f 5905 5909 5914 5910
f 5914 5915 5910
f 5904 5903 5902 5901 5900
o base_shard_026
usemtl IceCrystal
f 5917 5916 5921 5922
f 5922 5921 5926 5927
f 5926 5931 5927
f 5918 5917 5922 5923
f 5923 5922 5927 5928
f 5927 5931 5928
f 5919 5918 5923 5924
f 5924 5923 5928 5929
f 5928 5931 5929
f 5920 5919 5924 5925
f 5925 5924 5929 5930
f 5929 5931 5930
f 5916 5920 5925 5921
f 5921 5925 5930 5926
f 5930 5931 5926
f 5920 5919 5918 5917 5916
o base_shard_027
usemtl IceCrystal
f 5933 5932 5937 5938
f 5938 5937 5942 5943
f 5942 5947 5943
f 5934 5933 5938 5939
f 5939 5938 5943 5944
f 5943 5947 5944
f 5935 5934 5939 5940
f 5940 5939 5944 5945
f 5944 5947 5945
f 5936 5935 5940 5941
f 5941 5940 5945 5946
f 5945 5947 5946
f 5932 5936 5941 5937
f 5937 5941 5946 5942
f 5946 5947 5942
f 5936 5935 5934 5933 5932
o base_shard_028
usemtl IceCrystal
f 5949 5948 5953 5954
f 5954 5953 5958 5959
f 5958 5963 5959
f 5950 5949 5954 5955
f 5955 5954 5959 5960
f 5959 5963 5960
f 5951 5950 5955 5956
f 5956 5955 5960 5961
f 5960 5963 5961
f 5952 5951 5956 5957
f 5957 5956 5961 5962
f 5961 5963 5962
f 5948 5952 5957 5953
f 5953 5957 5962 5958
f 5962 5963 5958
f 5952 5951 5950 5949 5948
o base_shard_029
usemtl IceCrystal
f 5965 5964 5969 5970
f 5970 5969 5974 5975
f 5974 5979 5975
f 5966 5965 5970 5971
f 5971 5970 5975 5976
f 5975 5979 5976
f 5967 5966 5971 5972
f 5972 5971 5976 5977
f 5976 5979 5977
f 5968 5967 5972 5973
f 5973 5972 5977 5978
f 5977 5979 5978
f 5964 5968 5973 5969
f 5969 5973 5978 5974
f 5978 5979 5974
f 5968 5967 5966 5965 5964
o base_shard_030
usemtl IceCrystal
f 5981 5980 5985 5986
f 5986 5985 5990 5991
f 5990 5995 5991
f 5982 5981 5986 5987
f 5987 5986 5991 5992
f 5991 5995 5992
f 5983 5982 5987 5988
f 5988 5987 5992 5993
f 5992 5995 5993
f 5984 5983 5988 5989
f 5989 5988 5993 5994
f 5993 5995 5994
f 5980 5984 5989 5985
f 5985 5989 5994 5990
f 5994 5995 5990
f 5984 5983 5982 5981 5980
o base_shard_031
usemtl IceCrystal
f 5997 5996 6001 6002
f 6002 6001 6006 6007
f 6006 6011 6007
f 5998 5997 6002 6003
f 6003 6002 6007 6008
f 6007 6011 6008
f 5999 5998 6003 6004
f 6004 6003 6008 6009
f 6008 6011 6009
f 6000 5999 6004 6005
f 6005 6004 6009 6010
f 6009 6011 6010
f 5996 6000 6005 6001
f 6001 6005 6010 6006
f 6010 6011 6006
f 6000 5999 5998 5997 5996
o base_shard_032
usemtl IceCrystal
f 6013 6012 6017 6018
f 6018 6017 6022 6023
f 6022 6027 6023
f 6014 6013 6018 6019
f 6019 6018 6023 6024
f 6023 6027 6024
f 6015 6014 6019 6020
f 6020 6019 6024 6025
f 6024 6027 6025
f 6016 6015 6020 6021
f 6021 6020 6025 6026
f 6025 6027 6026
f 6012 6016 6021 6017
f 6017 6021 6026 6022
f 6026 6027 6022
f 6016 6015 6014 6013 6012
o base_shard_033
usemtl IceCrystal
f 6029 6028 6033 6034
f 6034 6033 6038 6039
f 6038 6043 6039
f 6030 6029 6034 6035
f 6035 6034 6039 6040
f 6039 6043 6040
f 6031 6030 6035 6036
f 6036 6035 6040 6041
f 6040 6043 6041
f 6032 6031 6036 6037
f 6037 6036 6041 6042
f 6041 6043 6042
f 6028 6032 6037 6033
f 6033 6037 6042 6038
f 6042 6043 6038
f 6032 6031 6030 6029 6028
o base_shard_034
usemtl IceCrystal
f 6045 6044 6049 6050
f 6050 6049 6054 6055
f 6054 6059 6055
f 6046 6045 6050 6051
f 6051 6050 6055 6056
f 6055 6059 6056
f 6047 6046 6051 6052
f 6052 6051 6056 6057
f 6056 6059 6057
f 6048 6047 6052 6053
f 6053 6052 6057 6058
f 6057 6059 6058
f 6044 6048 6053 6049
f 6049 6053 6058 6054
f 6058 6059 6054
f 6048 6047 6046 6045 6044
o base_shard_035
usemtl IceCrystal
f 6061 6060 6065 6066
f 6066 6065 6070 6071
f 6070 6075 6071
f 6062 6061 6066 6067
f 6067 6066 6071 6072
f 6071 6075 6072
f 6063 6062 6067 6068
f 6068 6067 6072 6073
f 6072 6075 6073
f 6064 6063 6068 6069
f 6069 6068 6073 6074
f 6073 6075 6074
f 6060 6064 6069 6065
f 6065 6069 6074 6070
f 6074 6075 6070
f 6064 6063 6062 6061 6060
o base_shard_036
usemtl IceCrystal
f 6077 6076 6081 6082
f 6082 6081 6086 6087
f 6086 6091 6087
f 6078 6077 6082 6083
f 6083 6082 6087 6088
f 6087 6091 6088
f 6079 6078 6083 6084
f 6084 6083 6088 6089
f 6088 6091 6089
f 6080 6079 6084 6085
f 6085 6084 6089 6090
f 6089 6091 6090
f 6076 6080 6085 6081
f 6081 6085 6090 6086
f 6090 6091 6086
f 6080 6079 6078 6077 6076
o base_shard_037
usemtl IceCrystal
f 6093 6092 6097 6098
f 6098 6097 6102 6103
f 6102 6107 6103
f 6094 6093 6098 6099
f 6099 6098 6103 6104
f 6103 6107 6104
f 6095 6094 6099 6100
f 6100 6099 6104 6105
f 6104 6107 6105
f 6096 6095 6100 6101
f 6101 6100 6105 6106
f 6105 6107 6106
f 6092 6096 6101 6097
f 6097 6101 6106 6102
f 6106 6107 6102
f 6096 6095 6094 6093 6092
o base_shard_038
usemtl IceCrystal
f 6109 6108 6113 6114
f 6114 6113 6118 6119
f 6118 6123 6119
f 6110 6109 6114 6115
f 6115 6114 6119 6120
f 6119 6123 6120
f 6111 6110 6115 6116
f 6116 6115 6120 6121
f 6120 6123 6121
f 6112 6111 6116 6117
f 6117 6116 6121 6122
f 6121 6123 6122
f 6108 6112 6117 6113
f 6113 6117 6122 6118
f 6122 6123 6118
f 6112 6111 6110 6109 6108
o base_shard_039
usemtl IceCrystal
f 6125 6124 6129 6130
f 6130 6129 6134 6135
f 6134 6139 6135
f 6126 6125 6130 6131
f 6131 6130 6135 6136
f 6135 6139 6136
f 6127 6126 6131 6132
f 6132 6131 6136 6137
f 6136 6139 6137
f 6128 6127 6132 6133
f 6133 6132 6137 6138
f 6137 6139 6138
f 6124 6128 6133 6129
f 6129 6133 6138 6134
f 6138 6139 6134
f 6128 6127 6126 6125 6124
o base_shard_040
usemtl IceCrystal
f 6141 6140 6145 6146
f 6146 6145 6150 6151
f 6150 6155 6151
f 6142 6141 6146 6147
f 6147 6146 6151 6152
f 6151 6155 6152
f 6143 6142 6147 6148
f 6148 6147 6152 6153
f 6152 6155 6153
f 6144 6143 6148 6149
f 6149 6148 6153 6154
f 6153 6155 6154
f 6140 6144 6149 6145
f 6145 6149 6154 6150
f 6154 6155 6150
f 6144 6143 6142 6141 6140
o base_shard_041
usemtl IceCrystal
f 6157 6156 6161 6162
f 6162 6161 6166 6167
f 6166 6171 6167
f 6158 6157 6162 6163
f 6163 6162 6167 6168
f 6167 6171 6168
f 6159 6158 6163 6164
f 6164 6163 6168 6169
f 6168 6171 6169
f 6160 6159 6164 6165
f 6165 6164 6169 6170
f 6169 6171 6170
f 6156 6160 6165 6161
f 6161 6165 6170 6166
f 6170 6171 6166
f 6160 6159 6158 6157 6156
o base_shard_042
usemtl IceCrystal
f 6173 6172 6177 6178
f 6178 6177 6182 6183
f 6182 6187 6183
f 6174 6173 6178 6179
f 6179 6178 6183 6184
f 6183 6187 6184
f 6175 6174 6179 6180
f 6180 6179 6184 6185
f 6184 6187 6185
f 6176 6175 6180 6181
f 6181 6180 6185 6186
f 6185 6187 6186
f 6172 6176 6181 6177
f 6177 6181 6186 6182
f 6186 6187 6182
f 6176 6175 6174 6173 6172
o base_shard_043
usemtl IceCrystal
f 6189 6188 6193 6194
f 6194 6193 6198 6199
f 6198 6203 6199
f 6190 6189 6194 6195
f 6195 6194 6199 6200
f 6199 6203 6200
f 6191 6190 6195 6196
f 6196 6195 6200 6201
f 6200 6203 6201
f 6192 6191 6196 6197
f 6197 6196 6201 6202
f 6201 6203 6202
f 6188 6192 6197 6193
f 6193 6197 6202 6198
f 6202 6203 6198
f 6192 6191 6190 6189 6188
o base_shard_044
usemtl IceCrystal
f 6205 6204 6209 6210
f 6210 6209 6214 6215
f 6214 6219 6215
f 6206 6205 6210 6211
f 6211 6210 6215 6216
f 6215 6219 6216
f 6207 6206 6211 6212
f 6212 6211 6216 6217
f 6216 6219 6217
f 6208 6207 6212 6213
f 6213 6212 6217 6218
f 6217 6219 6218
f 6204 6208 6213 6209
f 6209 6213 6218 6214
f 6218 6219 6214
f 6208 6207 6206 6205 6204
o base_shard_045
usemtl IceCrystal
f 6221 6220 6225 6226
f 6226 6225 6230 6231
f 6230 6235 6231
f 6222 6221 6226 6227
f 6227 6226 6231 6232
f 6231 6235 6232
f 6223 6222 6227 6228
f 6228 6227 6232 6233
f 6232 6235 6233
f 6224 6223 6228 6229
f 6229 6228 6233 6234
f 6233 6235 6234
f 6220 6224 6229 6225
f 6225 6229 6234 6230
f 6234 6235 6230
f 6224 6223 6222 6221 6220
o base_shard_046
usemtl IceCrystal
f 6237 6236 6241 6242
f 6242 6241 6246 6247
f 6246 6251 6247
f 6238 6237 6242 6243
f 6243 6242 6247 6248
f 6247 6251 6248
f 6239 6238 6243 6244
f 6244 6243 6248 6249
f 6248 6251 6249
f 6240 6239 6244 6245
f 6245 6244 6249 6250
f 6249 6251 6250
f 6236 6240 6245 6241
f 6241 6245 6250 6246
f 6250 6251 6246
f 6240 6239 6238 6237 6236
o base_shard_047
usemtl IceCrystal
f 6253 6252 6257 6258
f 6258 6257 6262 6263
f 6262 6267 6263
f 6254 6253 6258 6259
f 6259 6258 6263 6264
f 6263 6267 6264
f 6255 6254 6259 6260
f 6260 6259 6264 6265
f 6264 6267 6265
f 6256 6255 6260 6261
f 6261 6260 6265 6266
f 6265 6267 6266
f 6252 6256 6261 6257
f 6257 6261 6266 6262
f 6266 6267 6262
f 6256 6255 6254 6253 6252
o base_shard_048
usemtl IceCrystal
f 6269 6268 6273 6274
f 6274 6273 6278 6279
f 6278 6283 6279
f 6270 6269 6274 6275
f 6275 6274 6279 6280
f 6279 6283 6280
f 6271 6270 6275 6276
f 6276 6275 6280 6281
f 6280 6283 6281
f 6272 6271 6276 6277
f 6277 6276 6281 6282
f 6281 6283 6282
f 6268 6272 6277 6273
f 6273 6277 6282 6278
f 6282 6283 6278
f 6272 6271 6270 6269 6268
o base_shard_049
usemtl IceCrystal
f 6285 6284 6289 6290
f 6290 6289 6294 6295
f 6294 6299 6295
f 6286 6285 6290 6291
f 6291 6290 6295 6296
f 6295 6299 6296
f 6287 6286 6291 6292
f 6292 6291 6296 6297
f 6296 6299 6297
f 6288 6287 6292 6293
f 6293 6292 6297 6298
f 6297 6299 6298
f 6284 6288 6293 6289
f 6289 6293 6298 6294
f 6298 6299 6294
f 6288 6287 6286 6285 6284
o base_shard_050
usemtl IceCrystal
f 6301 6300 6305 6306
f 6306 6305 6310 6311
f 6310 6315 6311
f 6302 6301 6306 6307
f 6307 6306 6311 6312
f 6311 6315 6312
f 6303 6302 6307 6308
f 6308 6307 6312 6313
f 6312 6315 6313
f 6304 6303 6308 6309
f 6309 6308 6313 6314
f 6313 6315 6314
f 6300 6304 6309 6305
f 6305 6309 6314 6310
f 6314 6315 6310
f 6304 6303 6302 6301 6300
o base_shard_051
usemtl IceCrystal
f 6317 6316 6321 6322
f 6322 6321 6326 6327
f 6326 6331 6327
f 6318 6317 6322 6323
f 6323 6322 6327 6328
f 6327 6331 6328
f 6319 6318 6323 6324
f 6324 6323 6328 6329
f 6328 6331 6329
f 6320 6319 6324 6325
f 6325 6324 6329 6330
f 6329 6331 6330
f 6316 6320 6325 6321
f 6321 6325 6330 6326
f 6330 6331 6326
f 6320 6319 6318 6317 6316
o base_shard_052
usemtl IceCrystal
f 6333 6332 6337 6338
f 6338 6337 6342 6343
f 6342 6347 6343
f 6334 6333 6338 6339
f 6339 6338 6343 6344
f 6343 6347 6344
f 6335 6334 6339 6340
f 6340 6339 6344 6345
f 6344 6347 6345
f 6336 6335 6340 6341
f 6341 6340 6345 6346
f 6345 6347 6346
f 6332 6336 6341 6337
f 6337 6341 6346 6342
f 6346 6347 6342
f 6336 6335 6334 6333 6332
o base_shard_053
usemtl IceCrystal
f 6349 6348 6353 6354
f 6354 6353 6358 6359
f 6358 6363 6359
f 6350 6349 6354 6355
f 6355 6354 6359 6360
f 6359 6363 6360
f 6351 6350 6355 6356
f 6356 6355 6360 6361
f 6360 6363 6361
f 6352 6351 6356 6357
f 6357 6356 6361 6362
f 6361 6363 6362
f 6348 6352 6357 6353
f 6353 6357 6362 6358
f 6362 6363 6358
f 6352 6351 6350 6349 6348
o base_shard_054
usemtl IceCrystal
f 6365 6364 6369 6370
f 6370 6369 6374 6375
f 6374 6379 6375
f 6366 6365 6370 6371
f 6371 6370 6375 6376
f 6375 6379 6376
f 6367 6366 6371 6372
f 6372 6371 6376 6377
f 6376 6379 6377
f 6368 6367 6372 6373
f 6373 6372 6377 6378
f 6377 6379 6378
f 6364 6368 6373 6369
f 6369 6373 6378 6374
f 6378 6379 6374
f 6368 6367 6366 6365 6364
o base_shard_055
usemtl IceCrystal
f 6381 6380 6385 6386
f 6386 6385 6390 6391
f 6390 6395 6391
f 6382 6381 6386 6387
f 6387 6386 6391 6392
f 6391 6395 6392
f 6383 6382 6387 6388
f 6388 6387 6392 6393
f 6392 6395 6393
f 6384 6383 6388 6389
f 6389 6388 6393 6394
f 6393 6395 6394
f 6380 6384 6389 6385
f 6385 6389 6394 6390
f 6394 6395 6390
f 6384 6383 6382 6381 6380
o base_shard_056
usemtl IceCrystal
f 6397 6396 6401 6402
f 6402 6401 6406 6407
f 6406 6411 6407
f 6398 6397 6402 6403
f 6403 6402 6407 6408
f 6407 6411 6408
f 6399 6398 6403 6404
f 6404 6403 6408 6409
f 6408 6411 6409
f 6400 6399 6404 6405
f 6405 6404 6409 6410
f 6409 6411 6410
f 6396 6400 6405 6401
f 6401 6405 6410 6406
f 6410 6411 6406
f 6400 6399 6398 6397 6396
o base_shard_057
usemtl IceCrystal
f 6413 6412 6417 6418
f 6418 6417 6422 6423
f 6422 6427 6423
f 6414 6413 6418 6419
f 6419 6418 6423 6424
f 6423 6427 6424
f 6415 6414 6419 6420
f 6420 6419 6424 6425
f 6424 6427 6425
f 6416 6415 6420 6421
f 6421 6420 6425 6426
f 6425 6427 6426
f 6412 6416 6421 6417
f 6417 6421 6426 6422
f 6426 6427 6422
f 6416 6415 6414 6413 6412
o base_shard_058
usemtl IceCrystal
f 6429 6428 6433 6434
f 6434 6433 6438 6439
f 6438 6443 6439
f 6430 6429 6434 6435
f 6435 6434 6439 6440
f 6439 6443 6440
f 6431 6430 6435 6436
f 6436 6435 6440 6441
f 6440 6443 6441
f 6432 6431 6436 6437
f 6437 6436 6441 6442
f 6441 6443 6442
f 6428 6432 6437 6433
f 6433 6437 6442 6438
f 6442 6443 6438
f 6432 6431 6430 6429 6428
o base_shard_059
usemtl IceCrystal
f 6445 6444 6449 6450
f 6450 6449 6454 6455
f 6454 6459 6455
f 6446 6445 6450 6451
f 6451 6450 6455 6456
f 6455 6459 6456
f 6447 6446 6451 6452
f 6452 6451 6456 6457
f 6456 6459 6457
f 6448 6447 6452 6453
f 6453 6452 6457 6458
f 6457 6459 6458
f 6444 6448 6453 6449
f 6449 6453 6458 6454
f 6458 6459 6454
f 6448 6447 6446 6445 6444
o base_shard_060
usemtl IceCrystal
f 6461 6460 6465 6466
f 6466 6465 6470 6471
f 6470 6475 6471
f 6462 6461 6466 6467
f 6467 6466 6471 6472
f 6471 6475 6472
f 6463 6462 6467 6468
f 6468 6467 6472 6473
f 6472 6475 6473
f 6464 6463 6468 6469
f 6469 6468 6473 6474
f 6473 6475 6474
f 6460 6464 6469 6465
f 6465 6469 6474 6470
f 6474 6475 6470
f 6464 6463 6462 6461 6460
o base_shard_061
usemtl IceCrystal
f 6477 6476 6481 6482
f 6482 6481 6486 6487
f 6486 6491 6487
f 6478 6477 6482 6483
f 6483 6482 6487 6488
f 6487 6491 6488
f 6479 6478 6483 6484
f 6484 6483 6488 6489
f 6488 6491 6489
f 6480 6479 6484 6485
f 6485 6484 6489 6490
f 6489 6491 6490
f 6476 6480 6485 6481
f 6481 6485 6490 6486
f 6490 6491 6486
f 6480 6479 6478 6477 6476
o base_shard_062
usemtl IceCrystal
f 6493 6492 6497 6498
f 6498 6497 6502 6503
f 6502 6507 6503
f 6494 6493 6498 6499
f 6499 6498 6503 6504
f 6503 6507 6504
f 6495 6494 6499 6500
f 6500 6499 6504 6505
f 6504 6507 6505
f 6496 6495 6500 6501
f 6501 6500 6505 6506
f 6505 6507 6506
f 6492 6496 6501 6497
f 6497 6501 6506 6502
f 6506 6507 6502
f 6496 6495 6494 6493 6492
o base_shard_063
usemtl IceCrystal
f 6509 6508 6513 6514
f 6514 6513 6518 6519
f 6518 6523 6519
f 6510 6509 6514 6515
f 6515 6514 6519 6520
f 6519 6523 6520
f 6511 6510 6515 6516
f 6516 6515 6520 6521
f 6520 6523 6521
f 6512 6511 6516 6517
f 6517 6516 6521 6522
f 6521 6523 6522
f 6508 6512 6517 6513
f 6513 6517 6522 6518
f 6522 6523 6518
f 6512 6511 6510 6509 6508
o base_shard_064
usemtl IceCrystal
f 6525 6524 6529 6530
f 6530 6529 6534 6535
f 6534 6539 6535
f 6526 6525 6530 6531
f 6531 6530 6535 6536
f 6535 6539 6536
f 6527 6526 6531 6532
f 6532 6531 6536 6537
f 6536 6539 6537
f 6528 6527 6532 6533
f 6533 6532 6537 6538
f 6537 6539 6538
f 6524 6528 6533 6529
f 6529 6533 6538 6534
f 6538 6539 6534
f 6528 6527 6526 6525 6524
o base_shard_065
usemtl IceCrystal
f 6541 6540 6545 6546
f 6546 6545 6550 6551
f 6550 6555 6551
f 6542 6541 6546 6547
f 6547 6546 6551 6552
f 6551 6555 6552
f 6543 6542 6547 6548
f 6548 6547 6552 6553
f 6552 6555 6553
f 6544 6543 6548 6549
f 6549 6548 6553 6554
f 6553 6555 6554
f 6540 6544 6549 6545
f 6545 6549 6554 6550
f 6554 6555 6550
f 6544 6543 6542 6541 6540
o base_shard_066
usemtl IceCrystal
f 6557 6556 6561 6562
f 6562 6561 6566 6567
f 6566 6571 6567
f 6558 6557 6562 6563
f 6563 6562 6567 6568
f 6567 6571 6568
f 6559 6558 6563 6564
f 6564 6563 6568 6569
f 6568 6571 6569
f 6560 6559 6564 6565
f 6565 6564 6569 6570
f 6569 6571 6570
f 6556 6560 6565 6561
f 6561 6565 6570 6566
f 6570 6571 6566
f 6560 6559 6558 6557 6556
o base_shard_067
usemtl IceCrystal
f 6573 6572 6577 6578
f 6578 6577 6582 6583
f 6582 6587 6583
f 6574 6573 6578 6579
f 6579 6578 6583 6584
f 6583 6587 6584
f 6575 6574 6579 6580
f 6580 6579 6584 6585
f 6584 6587 6585
f 6576 6575 6580 6581
f 6581 6580 6585 6586
f 6585 6587 6586
f 6572 6576 6581 6577
f 6577 6581 6586 6582
f 6586 6587 6582
f 6576 6575 6574 6573 6572
o base_shard_068
usemtl IceCrystal
f 6589 6588 6593 6594
f 6594 6593 6598 6599
f 6598 6603 6599
f 6590 6589 6594 6595
f 6595 6594 6599 6600
f 6599 6603 6600
f 6591 6590 6595 6596
f 6596 6595 6600 6601
f 6600 6603 6601
f 6592 6591 6596 6597
f 6597 6596 6601 6602
f 6601 6603 6602
f 6588 6592 6597 6593
f 6593 6597 6602 6598
f 6602 6603 6598
f 6592 6591 6590 6589 6588
o base_shard_069
usemtl IceCrystal
f 6605 6604 6609 6610
f 6610 6609 6614 6615
f 6614 6619 6615
f 6606 6605 6610 6611
f 6611 6610 6615 6616
f 6615 6619 6616
f 6607 6606 6611 6612
f 6612 6611 6616 6617
f 6616 6619 6617
f 6608 6607 6612 6613
f 6613 6612 6617 6618
f 6617 6619 6618
f 6604 6608 6613 6609
f 6609 6613 6618 6614
f 6618 6619 6614
f 6608 6607 6606 6605 6604
o base_shard_070
usemtl IceCrystal
f 6621 6620 6625 6626
f 6626 6625 6630 6631
f 6630 6635 6631
f 6622 6621 6626 6627
f 6627 6626 6631 6632
f 6631 6635 6632
f 6623 6622 6627 6628
f 6628 6627 6632 6633
f 6632 6635 6633
f 6624 6623 6628 6629
f 6629 6628 6633 6634
f 6633 6635 6634
f 6620 6624 6629 6625
f 6625 6629 6634 6630
f 6634 6635 6630
f 6624 6623 6622 6621 6620
o base_shard_071
usemtl IceCrystal
f 6637 6636 6641 6642
f 6642 6641 6646 6647
f 6646 6651 6647
f 6638 6637 6642 6643
f 6643 6642 6647 6648
f 6647 6651 6648
f 6639 6638 6643 6644
f 6644 6643 6648 6649
f 6648 6651 6649
f 6640 6639 6644 6645
f 6645 6644 6649 6650
f 6649 6651 6650
f 6636 6640 6645 6641
f 6641 6645 6650 6646
f 6650 6651 6646
f 6640 6639 6638 6637 6636
o base_shard_072
usemtl IceCrystal
f 6653 6652 6657 6658
f 6658 6657 6662 6663
f 6662 6667 6663
f 6654 6653 6658 6659
f 6659 6658 6663 6664
f 6663 6667 6664
f 6655 6654 6659 6660
f 6660 6659 6664 6665
f 6664 6667 6665
f 6656 6655 6660 6661
f 6661 6660 6665 6666
f 6665 6667 6666
f 6652 6656 6661 6657
f 6657 6661 6666 6662
f 6666 6667 6662
f 6656 6655 6654 6653 6652
o base_shard_073
usemtl IceCrystal
f 6669 6668 6673 6674
f 6674 6673 6678 6679
f 6678 6683 6679
f 6670 6669 6674 6675
f 6675 6674 6679 6680
f 6679 6683 6680
f 6671 6670 6675 6676
f 6676 6675 6680 6681
f 6680 6683 6681
f 6672 6671 6676 6677
f 6677 6676 6681 6682
f 6681 6683 6682
f 6668 6672 6677 6673
f 6673 6677 6682 6678
f 6682 6683 6678
f 6672 6671 6670 6669 6668
o base_shard_074
usemtl IceCrystal
f 6685 6684 6689 6690
f 6690 6689 6694 6695
f 6694 6699 6695
f 6686 6685 6690 6691
f 6691 6690 6695 6696
f 6695 6699 6696
f 6687 6686 6691 6692
f 6692 6691 6696 6697
f 6696 6699 6697
f 6688 6687 6692 6693
f 6693 6692 6697 6698
f 6697 6699 6698
f 6684 6688 6693 6689
f 6689 6693 6698 6694
f 6698 6699 6694
f 6688 6687 6686 6685 6684
o base_shard_075
usemtl IceCrystal
f 6701 6700 6705 6706
f 6706 6705 6710 6711
f 6710 6715 6711
f 6702 6701 6706 6707
f 6707 6706 6711 6712
f 6711 6715 6712
f 6703 6702 6707 6708
f 6708 6707 6712 6713
f 6712 6715 6713
f 6704 6703 6708 6709
f 6709 6708 6713 6714
f 6713 6715 6714
f 6700 6704 6709 6705
f 6705 6709 6714 6710
f 6714 6715 6710
f 6704 6703 6702 6701 6700
o base_shard_076
usemtl IceCrystal
f 6717 6716 6721 6722
f 6722 6721 6726 6727
f 6726 6731 6727
f 6718 6717 6722 6723
f 6723 6722 6727 6728
f 6727 6731 6728
f 6719 6718 6723 6724
f 6724 6723 6728 6729
f 6728 6731 6729
f 6720 6719 6724 6725
f 6725 6724 6729 6730
f 6729 6731 6730
f 6716 6720 6725 6721
f 6721 6725 6730 6726
f 6730 6731 6726
f 6720 6719 6718 6717 6716
o base_shard_077
usemtl IceCrystal
f 6733 6732 6737 6738
f 6738 6737 6742 6743
f 6742 6747 6743
f 6734 6733 6738 6739
f 6739 6738 6743 6744
f 6743 6747 6744
f 6735 6734 6739 6740
f 6740 6739 6744 6745
f 6744 6747 6745
f 6736 6735 6740 6741
f 6741 6740 6745 6746
f 6745 6747 6746
f 6732 6736 6741 6737
f 6737 6741 6746 6742
f 6746 6747 6742
f 6736 6735 6734 6733 6732
o base_shard_078
usemtl IceCrystal
f 6749 6748 6753 6754
f 6754 6753 6758 6759
f 6758 6763 6759
f 6750 6749 6754 6755
f 6755 6754 6759 6760
f 6759 6763 6760
f 6751 6750 6755 6756
f 6756 6755 6760 6761
f 6760 6763 6761
f 6752 6751 6756 6757
f 6757 6756 6761 6762
f 6761 6763 6762
f 6748 6752 6757 6753
f 6753 6757 6762 6758
f 6762 6763 6758
f 6752 6751 6750 6749 6748
o base_shard_079
usemtl IceCrystal
f 6765 6764 6769 6770
f 6770 6769 6774 6775
f 6774 6779 6775
f 6766 6765 6770 6771
f 6771 6770 6775 6776
f 6775 6779 6776
f 6767 6766 6771 6772
f 6772 6771 6776 6777
f 6776 6779 6777
f 6768 6767 6772 6773
f 6773 6772 6777 6778
f 6777 6779 6778
f 6764 6768 6773 6769
f 6769 6773 6778 6774
f 6778 6779 6774
f 6768 6767 6766 6765 6764
o base_shard_080
usemtl IceCrystal
f 6781 6780 6785 6786
f 6786 6785 6790 6791
f 6790 6795 6791
f 6782 6781 6786 6787
f 6787 6786 6791 6792
f 6791 6795 6792
f 6783 6782 6787 6788
f 6788 6787 6792 6793
f 6792 6795 6793
f 6784 6783 6788 6789
f 6789 6788 6793 6794
f 6793 6795 6794
f 6780 6784 6789 6785
f 6785 6789 6794 6790
f 6794 6795 6790
f 6784 6783 6782 6781 6780
o base_shard_081
usemtl IceCrystal
f 6797 6796 6801 6802
f 6802 6801 6806 6807
f 6806 6811 6807
f 6798 6797 6802 6803
f 6803 6802 6807 6808
f 6807 6811 6808
f 6799 6798 6803 6804
f 6804 6803 6808 6809
f 6808 6811 6809
f 6800 6799 6804 6805
f 6805 6804 6809 6810
f 6809 6811 6810
f 6796 6800 6805 6801
f 6801 6805 6810 6806
f 6810 6811 6806
f 6800 6799 6798 6797 6796
o base_shard_082
usemtl IceCrystal
f 6813 6812 6817 6818
f 6818 6817 6822 6823
f 6822 6827 6823
f 6814 6813 6818 6819
f 6819 6818 6823 6824
f 6823 6827 6824
f 6815 6814 6819 6820
f 6820 6819 6824 6825
f 6824 6827 6825
f 6816 6815 6820 6821
f 6821 6820 6825 6826
f 6825 6827 6826
f 6812 6816 6821 6817
f 6817 6821 6826 6822
f 6826 6827 6822
f 6816 6815 6814 6813 6812
o base_shard_083
usemtl IceCrystal
f 6829 6828 6833 6834
f 6834 6833 6838 6839
f 6838 6843 6839
f 6830 6829 6834 6835
f 6835 6834 6839 6840
f 6839 6843 6840
f 6831 6830 6835 6836
f 6836 6835 6840 6841
f 6840 6843 6841
f 6832 6831 6836 6837
f 6837 6836 6841 6842
f 6841 6843 6842
f 6828 6832 6837 6833
f 6833 6837 6842 6838
f 6842 6843 6838
f 6832 6831 6830 6829 6828
o base_shard_084
usemtl IceCrystal
f 6845 6844 6849 6850
f 6850 6849 6854 6855
f 6854 6859 6855
f 6846 6845 6850 6851
f 6851 6850 6855 6856
f 6855 6859 6856
f 6847 6846 6851 6852
f 6852 6851 6856 6857
f 6856 6859 6857
f 6848 6847 6852 6853
f 6853 6852 6857 6858
f 6857 6859 6858
f 6844 6848 6853 6849
f 6849 6853 6858 6854
f 6858 6859 6854
f 6848 6847 6846 6845 6844
o base_shard_085
usemtl IceCrystal
f 6861 6860 6865 6866
f 6866 6865 6870 6871
f 6870 6875 6871
f 6862 6861 6866 6867
f 6867 6866 6871 6872
f 6871 6875 6872
f 6863 6862 6867 6868
f 6868 6867 6872 6873
f 6872 6875 6873
f 6864 6863 6868 6869
f 6869 6868 6873 6874
f 6873 6875 6874
f 6860 6864 6869 6865
f 6865 6869 6874 6870
f 6874 6875 6870
f 6864 6863 6862 6861 6860
o base_shard_086
usemtl IceCrystal
f 6877 6876 6881 6882
f 6882 6881 6886 6887
f 6886 6891 6887
f 6878 6877 6882 6883
f 6883 6882 6887 6888
f 6887 6891 6888
f 6879 6878 6883 6884
f 6884 6883 6888 6889
f 6888 6891 6889
f 6880 6879 6884 6885
f 6885 6884 6889 6890
f 6889 6891 6890
f 6876 6880 6885 6881
f 6881 6885 6890 6886
f 6890 6891 6886
f 6880 6879 6878 6877 6876
o base_shard_087
usemtl IceCrystal
f 6893 6892 6897 6898
f 6898 6897 6902 6903
f 6902 6907 6903
f 6894 6893 6898 6899
f 6899 6898 6903 6904
f 6903 6907 6904
f 6895 6894 6899 6900
f 6900 6899 6904 6905
f 6904 6907 6905
f 6896 6895 6900 6901
f 6901 6900 6905 6906
f 6905 6907 6906
f 6892 6896 6901 6897
f 6897 6901 6906 6902
f 6906 6907 6902
f 6896 6895 6894 6893 6892
o base_shard_088
usemtl IceCrystal
f 6909 6908 6913 6914
f 6914 6913 6918 6919
f 6918 6923 6919
f 6910 6909 6914 6915
f 6915 6914 6919 6920
f 6919 6923 6920
f 6911 6910 6915 6916
f 6916 6915 6920 6921
f 6920 6923 6921
f 6912 6911 6916 6917
f 6917 6916 6921 6922
f 6921 6923 6922
f 6908 6912 6917 6913
f 6913 6917 6922 6918
f 6922 6923 6918
f 6912 6911 6910 6909 6908
o base_shard_089
usemtl IceCrystal
f 6925 6924 6929 6930
f 6930 6929 6934 6935
f 6934 6939 6935
f 6926 6925 6930 6931
f 6931 6930 6935 6936
f 6935 6939 6936
f 6927 6926 6931 6932
f 6932 6931 6936 6937
f 6936 6939 6937
f 6928 6927 6932 6933
f 6933 6932 6937 6938
f 6937 6939 6938
f 6924 6928 6933 6929
f 6929 6933 6938 6934
f 6938 6939 6934
f 6928 6927 6926 6925 6924
